Word,Topic,Topic 2,Sub-list,Phase,Letters,Starter Pack,Rudeness,Definition,Definition (Thai),Brief history,Brief history (Thai),Sample sentence,Thai
cat,Animals,,Pets & Farm,1,3,No,,A popular independent pet.,สัตว์เลี้ยงสี่ขาที่ชอบอยู่ตัวเดียวและร้องเหมียว,Cats were worshipped in ancient Egypt. They are excellent hunters.,แมวได้รับการบูชาในอียิปต์โบราณ และเป็นนักล่าที่เก่งมาก,The cat slept all afternoon.,แมว
chicken,Animals,Food & Drink,Pets & Farm,1,7,No,,A common farm bird kept for eggs and meat.,สัตว์ปีกในฟาร์มที่เลี้ยงไว้เอาไข่และเนื้อ,There are more chickens on Earth than any other bird.,บนโลกนี้มีไก่มากกว่านกชนิดอื่นใด,The chicken laid two eggs.,ไก่
cow,Animals,,Pets & Farm,1,3,No,,A large farm animal that gives milk.,สัตว์ฟาร์มขนาดใหญ่ที่ให้นม,"Cows provide milk, meat, and leather. They have been domesticated for over 10,000 years.","วัวให้ทั้งนม เนื้อ และหนัง มนุษย์เลี้ยงวัวมากว่า 10,000 ปีแล้ว",The cow grazed in the field.,วัว
dog,Animals,,Pets & Farm,1,3,No,,A common loyal pet.,สัตว์เลี้ยงสี่ขาที่ซื่อสัตย์และเห่าได้,"Dogs were the first animals domesticated by humans, over 15,000 years ago.","สุนัขเป็นสัตว์ชนิดแรกที่มนุษย์นำมาเลี้ยง เมื่อกว่า 15,000 ปีก่อน",The dog wagged its tail.,สุนัข
duck,Animals,,Pets & Farm,1,4,No,,A water bird with a flat beak.,นกน้ำที่มีปากแบน,"'Duck' the verb, meaning to dip down, came from the bird's diving habit.",คำว่า duck ที่แปลว่าก้มหลบ มาจากท่าดำน้ำของเป็ดนั่นเอง,Ducks swam across the pond.,เป็ด
fish,Animals,Food & Drink,Pets & Farm,1,4,No,,An animal that lives in water.,สัตว์ที่อาศัยอยู่ในน้ำ,Fish were one of the first pets kept in ancient Rome. Goldfish are one of the most common aquarium pets today.,ปลาเป็นสัตว์เลี้ยงชนิดแรกๆ ในกรุงโรมโบราณ ปัจจุบันปลาทองเป็นปลาตู้ที่นิยมที่สุด,I feed my fish every morning.,ปลา
goat,Animals,Slang & GenZ,Pets & Farm,1,4,No,,A farm animal known for climbing.,สัตว์ฟาร์มที่ขึ้นชื่อเรื่องการปีนป่าย,Goats are excellent climbers and can even climb trees.,แพะปีนเก่งมาก บางตัวปีนขึ้นต้นไม้ได้ด้วย,The goat climbed the rocks.,แพะ
hamster,Animals,,Pets & Farm,1,7,No,,A small rodent kept as a pet.,สัตว์ฟันแทะตัวเล็กที่เลี้ยงเป็นสัตว์เลี้ยง,Hamsters have cheek pouches where they store food.,แฮมสเตอร์มีกระพุ้งแก้มไว้เก็บสะสมอาหาร,The hamster ran on its wheel.,แฮมสเตอร์
horse,Animals,,Pets & Farm,1,5,No,,A large animal used for riding.,สัตว์ขนาดใหญ่ที่ใช้ขี่,"Horses have been domesticated for over 5,000 years and played a major role in human history.","มนุษย์เลี้ยงม้ามากว่า 5,000 ปี และม้ามีบทบาทสำคัญมากในประวัติศาสตร์",She rides a horse every Sunday.,ม้า
mouse,Animals,Technology,Pets & Farm,1,5,No,,A small rodent.,สัตว์ฟันแทะตัวเล็ก,Mice are very curious and can squeeze through tiny holes.,หนูเป็นสัตว์ขี้สงสัยมาก และมุดผ่านรูเล็กๆ ได้,A mouse hid behind the box.,หนู
pig,Animals,,Pets & Farm,1,3,No,,A smart farm animal.,สัตว์ฟาร์มที่ฉลาด,Pigs are smarter than dogs and have an excellent sense of smell.,หมูฉลาดกว่าสุนัข และมีจมูกที่ดมกลิ่นเก่งมาก,The pig rolled in the mud.,หมู
rabbit,Animals,,Pets & Farm,1,6,No,,A small furry animal with long ears.,สัตว์ขนปุยตัวเล็กที่มีหูยาว,Rabbits are known for their speed and ability to reproduce quickly.,กระต่ายขึ้นชื่อเรื่องความเร็วและการขยายพันธุ์ที่รวดเร็ว,A rabbit hopped across the grass.,กระต่าย
rat,Animals,,Pets & Farm,1,3,No,,A larger rodent.,หนูตัวใหญ่,Rats are highly intelligent and adaptable. They have lived alongside humans for thousands of years.,หนูใหญ่ฉลาดและปรับตัวเก่งมาก อยู่ร่วมกับมนุษย์มานับพันปี,Rats are surprisingly clever.,หนูใหญ่
sheep,Animals,,Pets & Farm,1,5,No,,A farm animal with wool.,สัตว์ฟาร์มที่มีขนสำหรับทำผ้า,Sheep were one of the first animals domesticated by humans.,แกะเป็นสัตว์ชนิดแรกๆ ที่มนุษย์นำมาเลี้ยง,The sheep followed each other.,แกะ
ant,Animals,,Small Creatures,1,3,No,,A small social insect.,แมลงตัวเล็กที่อยู่รวมกันเป็นสังคม,Ants can lift 50 times their own weight. They live in highly organized colonies with queens and workers.,มดยกของหนักได้ถึง 50 เท่าของน้ำหนักตัว และอยู่เป็นรังที่มีนางพญากับมดงาน,Ants carried crumbs across the floor.,มด
bedbug,Animals,,Small Creatures,1,6,No,,A small flat insect that feeds at night.,แมลงตัวแบนเล็กที่ออกหากินตอนกลางคืน,Bedbugs can survive for months without feeding. They are very difficult to get rid of once established.,ตัวเรือดอยู่ได้หลายเดือนโดยไม่กินอาหาร และกำจัดยากมากเมื่อระบาดแล้ว,Bedbugs hide in mattress seams.,ตัวเรือด
bee,Animals,,Small Creatures,1,3,No,,An insect that makes honey.,แมลงที่ผลิตน้ำผึ้ง,Bees are essential for pollinating many crops. A single bee colony can have tens of thousands of bees.,ผึ้งสำคัญมากต่อการผสมเกสรพืชผล รังผึ้งรังเดียวมีผึ้งได้หลายหมื่นตัว,A bee landed on the flower.,ผึ้ง
beetle,Animals,,Small Creatures,1,6,No,,A hard-shelled insect.,แมลงที่มีปีกแข็ง,"Beetles are the largest group of insects. There are over 400,000 known species.","ด้วงเป็นกลุ่มแมลงที่ใหญ่ที่สุด มีมากกว่า 400,000 ชนิดที่รู้จักแล้ว",A shiny beetle crossed the path.,ด้วง
butterfly,Animals,,Small Creatures,1,9,No,,An insect with colorful wings.,แมลงที่มีปีกสีสันสวยงาม,Butterflies go through a complete metamorphosis from caterpillar to butterfly. They are important pollinators.,ผีเสื้อผ่านการเปลี่ยนรูปร่างสมบูรณ์จากหนอนเป็นผีเสื้อ และเป็นแมลงผสมเกสรที่สำคัญ,A butterfly rested on my hand.,ผีเสื้อ
caterpillar,Animals,,Small Creatures,1,11,No,,The larval stage of a butterfly or moth.,ระยะตัวอ่อนของผีเสื้อกลางวันหรือกลางคืน,"Caterpillars can eat 27,000 times their own weight before turning into butterflies.","หนอนผีเสื้อกินอาหารได้ถึง 27,000 เท่าของน้ำหนักตัวก่อนกลายเป็นผีเสื้อ",The caterpillar ate the whole leaf.,หนอนผีเสื้อ
centipede,Animals,,Small Creatures,1,9,No,,A long creature with many legs.,สัตว์ลำตัวยาวที่มีขาจำนวนมาก,Centipedes can have up to 354 legs. They are fast predators that eat insects.,ตะขาบมีขาได้ถึง 354 ขา เป็นนักล่าที่ว่องไวและกินแมลงเป็นอาหาร,A centipede has many legs.,ตะขาบ
cockroach,Animals,,Small Creatures,1,9,No,,A fast-running insect that can survive almost anywhere.,แมลงที่วิ่งเร็วและอยู่รอดได้แทบทุกที่,Cockroaches can live for a month without food and have been around for over 300 million years.,แมลงสาบอยู่ได้เป็นเดือนโดยไม่กินอาหาร และมีอยู่บนโลกมากว่า 300 ล้านปี,A cockroach ran under the fridge.,แมลงสาบ
cricket,Animals,,Small Creatures,1,7,No,,A jumping insect known for its chirping.,แมลงกระโดดที่ส่งเสียงร้อง,Crickets are considered lucky in many cultures. Their chirping is actually a mating call.,หลายวัฒนธรรมถือว่าจิ้งหรีดเป็นสัตว์นำโชค เสียงร้องของมันคือการเรียกหาคู่,Crickets chirped all night.,จิ้งหรีด
dragonfly,Animals,,Small Creatures,1,9,No,,A fast-flying insect with large eyes.,แมลงบินเร็วที่มีตาโต,"Dragonflies were some of the first flying insects. They can fly in all directions, including backwards.",แมลงปอเป็นแมลงบินได้กลุ่มแรกๆ ของโลก บินได้ทุกทิศทางรวมถึงถอยหลัง,A dragonfly hovered over the pond.,แมลงปอ
flea,Animals,,Small Creatures,1,4,No,,A tiny jumping parasite.,ปรสิตตัวจิ๋วที่กระโดดได้,Fleas can jump 150 times their own height. They are excellent at spreading between animals.,หมัดกระโดดได้สูงถึง 150 เท่าของความสูงตัวเอง และแพร่จากสัตว์ตัวหนึ่งไปอีกตัวได้ง่าย,The dog scratched at a flea.,หมัด
fly,Animals,,Small Creatures,1,3,No,,A common flying insect.,แมลงบินที่พบได้ทั่วไป,Flies can taste with their feet. They are important decomposers but also spread diseases.,แมลงวันรับรสด้วยเท้า มันช่วยย่อยสลายซากแต่ก็แพร่เชื้อโรคด้วย,A fly buzzed around the food.,แมลงวัน
grasshopper,Animals,,Small Creatures,1,11,No,,A jumping insect that makes chirping sounds.,แมลงกระโดดที่ส่งเสียงร้อง,Grasshoppers can jump 20 times their body length. They are a food source in some cultures.,ตั๊กแตนกระโดดได้ไกล 20 เท่าของความยาวลำตัว และเป็นอาหารในบางวัฒนธรรม,A grasshopper jumped from the grass.,ตั๊กแตน
ladybug,Animals,,Small Creatures,1,7,No,,A small red beetle with black spots.,ด้วงตัวเล็กสีแดงมีจุดดำ,Ladybugs are beneficial insects. They eat aphids that damage plants.,เต่าทองเป็นแมลงที่มีประโยชน์ เพราะกินเพลี้ยที่ทำลายพืช,A ladybug landed on the leaf.,เต่าทอง
louse,Animals,,Small Creatures,1,5,No,,A small parasite that lives on hair or feathers.,ปรสิตตัวเล็กที่อาศัยบนเส้นผมหรือขนนก,Lice have been around for millions of years. They are very common in school children.,เหามีมานานหลายล้านปี และพบบ่อยมากในเด็กนักเรียน,A louse is hard to see.,เหา
millipede,Animals,,Small Creatures,1,9,No,,A long creature with many legs that curls up when threatened.,สัตว์ลำตัวยาวหลายขาที่ขดตัวเมื่อถูกรบกวน,Millipedes are not insects. They are decomposers that eat dead plant material.,กิ้งกือไม่ใช่แมลง มันเป็นผู้ย่อยสลายที่กินซากพืช,The millipede curled into a spiral.,กิ้งกือ
mosquito,Animals,,Small Creatures,1,8,No,,A small flying insect that bites.,แมลงบินตัวเล็กที่กัดดูดเลือด,Only female mosquitoes bite. They are responsible for spreading many diseases but are also an important food source for other animals.,มีเพียงยุงตัวเมียที่กัด ยุงแพร่โรคหลายชนิดแต่ก็เป็นอาหารสำคัญของสัตว์อื่น,A mosquito bit my ankle.,ยุง
moth,Animals,,Small Creatures,1,4,No,,A nocturnal insect related to butterflies.,แมลงกลางคืนที่เป็นญาติกับผีเสื้อ,Moths are attracted to light. Some species can fly over 100 km in a single night.,ผีเสื้อกลางคืนชอบเล่นไฟ บางชนิดบินได้ไกลกว่า 100 กิโลเมตรในคืนเดียว,A moth circled the lamp.,ผีเสื้อกลางคืน
praying mantis,Animals,,Small Creatures,1,13,No,,A large insect that stands with front legs folded.,แมลงตัวใหญ่ที่ยืนพับขาหน้าเหมือนพนมมือ,Praying mantises are excellent hunters. The females sometimes eat the males after mating.,ตั๊กแตนตำข้าวเป็นนักล่าชั้นยอด ตัวเมียบางครั้งกินตัวผู้หลังผสมพันธุ์,The praying mantis held still for hours.,ตั๊กแตนตำข้าว
scorpion,Animals,,Small Creatures,1,8,No,,A creature with a stinging tail.,สัตว์ที่มีหางต่อยพิษ,Scorpions can glow under ultraviolet light. Some species can live for over 20 years.,แมงป่องเรืองแสงได้ใต้แสงอัลตราไวโอเลต บางชนิดอายุยืนกว่า 20 ปี,A scorpion hid under the stone.,แมงป่อง
spider,Animals,,Small Creatures,1,6,No,,An eight-legged creature that spins webs.,สัตว์แปดขาที่ชักใยได้,Spiders are not insects. They are arachnids and most are beneficial because they eat pests.,แมงมุมไม่ใช่แมลงแต่เป็นแมงมุม (arachnid) ส่วนใหญ่มีประโยชน์เพราะกินแมลงศัตรูพืช,The spider spun a web overnight.,แมงมุม
termite,Animals,,Small Creatures,1,7,No,,A wood-eating social insect.,แมลงสังคมที่กินไม้,Termites can eat wood and cause damage to buildings. They live in large colonies with a queen.,ปลวกกินไม้และทำลายอาคารได้ อยู่รวมกันเป็นรังใหญ่ที่มีนางพญา,Termites damaged the wooden floor.,ปลวก
tick,Animals,,Small Creatures,1,4,No,,A small parasite that attaches to animals.,ปรสิตตัวเล็กที่เกาะติดสัตว์,Ticks can spread diseases. They are not insects but arachnids like spiders.,เห็บแพร่โรคได้ และไม่ใช่แมลงแต่เป็นแมงเหมือนแมงมุม,Check for ticks after hiking.,เห็บ
worm,Animals,,Small Creatures,1,4,No,,A small soft-bodied creature that lives in soil.,สัตว์ลำตัวอ่อนนุ่มที่อยู่ในดิน,Earthworms are nature's recyclers. They help make soil fertile by breaking down organic matter.,ไส้เดือนคือนักรีไซเคิลของธรรมชาติ ช่วยย่อยซากอินทรีย์ทำให้ดินอุดมสมบูรณ์,Worms help the soil stay healthy.,หนอน
alligator,Animals,,Wild,1,9,No,,A large reptile similar to a crocodile.,สัตว์เลื้อยคลานขนาดใหญ่คล้ายจระเข้,Alligators can live for over 50 years. They are found mainly in the Americas.,จระเข้อเมริกันอายุยืนกว่า 50 ปี พบมากในทวีปอเมริกา,An alligator has a wider snout.,จระเข้อเมริกัน
bear,Animals,,Wild,1,4,No,,A large furry animal.,สัตว์ขนปุยขนาดใหญ่,Bears can run very fast despite their size. They hibernate in winter.,หมีวิ่งเร็วมากแม้ตัวจะใหญ่ และจำศีลในฤดูหนาว,The bear searched for berries.,หมี
bird,Animals,,Wild,1,4,No,,An animal with feathers and wings.,สัตว์ที่มีขนและปีก,'Bird' once meant only a young bird; 'fowl' meant the adults.,คำว่า bird เคยหมายถึงลูกนกเท่านั้น ส่วนนกโตเรียกว่า fowl,A bird landed on the wire.,นก
camel,Animals,,Wild,1,5,No,,A desert animal with humps.,สัตว์ทะเลทรายที่มีโหนก,"Camels can go for long periods without water. They are known as ""ships of the desert"".","อูฐอยู่ได้นานโดยไม่ดื่มน้ำ จนได้ฉายาว่า ""เรือแห่งทะเลทราย""",The camel crossed the hot desert.,อูฐ
clam,Animals,Food & Drink,Wild,1,4,No,,A sea creature with two shells.,สัตว์ทะเลที่มีเปลือกสองฝา,Clams can live for over 400 years. They are a popular seafood.,หอยกาบบางตัวอายุยืนกว่า 400 ปี และเป็นอาหารทะเลยอดนิยม,We steamed clams with garlic.,หอยกาบ
crab,Animals,Food & Drink,Wild,1,4,No,,A sea creature with claws and a hard shell.,สัตว์ทะเลที่มีก้ามและเปลือกแข็ง,Crabs can walk sideways. They have been around for over 400 million years.,ปูเดินไปด้านข้างได้ และมีอยู่บนโลกมากว่า 400 ล้านปี,The crab walked sideways.,ปู
crocodile,Animals,,Wild,1,9,No,,A large reptile with powerful jaws.,สัตว์เลื้อยคลานขนาดใหญ่ที่มีขากรรไกรทรงพลัง,Crocodiles have the strongest bite force of any animal. They have existed for over 200 million years.,จระเข้มีแรงกัดมากที่สุดในบรรดาสัตว์ทั้งหมด และมีอยู่มากว่า 200 ล้านปี,The crocodile waited in the river.,จระเข้
deer,Animals,,Wild,1,4,No,,A graceful animal with antlers.,สัตว์รูปร่างสง่างามที่มีเขา,Deer are known for their speed and agility. They are important in many cultures.,กวางขึ้นชื่อเรื่องความเร็วและความคล่องแคล่ว และมีความสำคัญในหลายวัฒนธรรม,A deer stood still in the field.,กวาง
dolphin,Animals,,Wild,1,7,No,,A smart ocean mammal.,สัตว์เลี้ยงลูกด้วยนมในทะเลที่ฉลาด,Dolphins are very intelligent and social. They use sound to communicate and hunt.,โลมาฉลาดและอยู่รวมกันเป็นฝูง ใช้เสียงในการสื่อสารและล่าเหยื่อ,The dolphin leapt above the waves.,โลมา
eagle,Animals,,Wild,1,5,No,,A large hunting bird.,นกล่าเหยื่อขนาดใหญ่,An eagle can spot small prey from a kilometre away.,นกอินทรีมองเห็นเหยื่อตัวเล็กได้จากระยะไกลถึงหนึ่งกิโลเมตร,The eagle circled above the valley.,นกอินทรี
elephant,Animals,,Wild,1,8,No,,A large animal with a trunk.,สัตว์ขนาดใหญ่ที่มีงวง,Elephants are the largest land animals. They have excellent memory and strong family bonds.,ช้างเป็นสัตว์บกที่ใหญ่ที่สุด มีความจำดีเยี่ยมและผูกพันกับครอบครัวมาก,The elephant sprayed water on itself.,ช้าง
fox,Animals,,Wild,1,3,No,,A clever wild animal with a bushy tail.,สัตว์ป่าเจ้าเล่ห์ที่มีหางฟู,Foxes are known for their intelligence and cunning in folklore.,สุนัขจิ้งจอกขึ้นชื่อเรื่องความฉลาดและเจ้าเล่ห์ในนิทานพื้นบ้าน,A fox crossed the road quickly.,สุนัขจิ้งจอก
frog,Animals,,Wild,1,4,No,,A small amphibian that lives near water.,สัตว์ครึ่งบกครึ่งน้ำตัวเล็กที่อยู่ใกล้น้ำ,Frogs start life as tadpoles. They are excellent at controlling insect populations.,กบเริ่มชีวิตจากการเป็นลูกอ๊อด และช่วยควบคุมจำนวนแมลงได้ดีมาก,The frog jumped into the pond.,กบ
giraffe,Animals,,Wild,1,7,No,,The tallest land animal.,สัตว์บกที่สูงที่สุด,"Giraffes have the same number of neck vertebrae as humans, but much longer.",ยีราฟมีกระดูกคอจำนวนเท่ากับมนุษย์ เพียงแต่แต่ละชิ้นยาวกว่ามาก,The giraffe reached the tallest leaves.,ยีราฟ
jellyfish,Animals,,Wild,1,9,No,,A sea creature with tentacles.,สัตว์ทะเลที่มีหนวด,Jellyfish have existed for over 500 million years. Some species are immortal.,แมงกะพรุนมีอยู่บนโลกมากว่า 500 ล้านปี บางชนิดไม่มีวันตายตามธรรมชาติ,The jellyfish glowed in the dark water.,แมงกะพรุน
kangaroo,Animals,,Wild,1,8,No,,A jumping animal with a pouch.,สัตว์กระโดดที่มีกระเป๋าหน้าท้อง,Kangaroos are marsupials. They can jump up to 9 meters in one leap.,จิงโจ้เป็นสัตว์มีกระเป๋าหน้าท้อง กระโดดครั้งเดียวได้ไกลถึง 9 เมตร,A kangaroo can jump very far.,จิงโจ้
koala,Animals,,Wild,1,5,No,,A tree-dwelling Australian animal.,สัตว์ออสเตรเลียที่อาศัยบนต้นไม้,Koalas sleep up to 20 hours a day and eat eucalyptus leaves.,โคอาลานอนวันละถึง 20 ชั่วโมง และกินใบยูคาลิปตัสเป็นอาหาร,The koala slept in the tree.,โคอาลา
lion,Animals,,Wild,1,4,No,,A large wild cat.,แมวป่าขนาดใหญ่,"Lions are known as the ""king of the jungle"". They live in social groups called prides.","สิงโตได้ฉายาว่า ""เจ้าป่า"" อยู่รวมกันเป็นฝูงที่เรียกว่า pride",The lion rested under a tree.,สิงโต
lizard,Animals,,Wild,1,6,No,,A reptile with four legs and a tail.,สัตว์เลื้อยคลานสี่ขาที่มีหาง,Lizards can regrow their tails if they lose them. They are popular exotic pets.,จิ้งจกงอกหางใหม่ได้เมื่อหางขาด และเป็นสัตว์เลี้ยงแปลกที่นิยม,A lizard sat on the warm wall.,จิ้งจก
lobster,Animals,Food & Drink,Wild,1,7,No,,A sea creature with large claws.,สัตว์ทะเลที่มีก้ามใหญ่,Lobsters can live for over 100 years. They continue to grow throughout their lives.,กุ้งมังกรอายุยืนกว่า 100 ปี และเติบโตไปเรื่อยๆ ตลอดชีวิต,Lobster is expensive here.,กุ้งมังกร
monkey,Animals,,Wild,1,6,No,,A primate with a tail.,สัตว์วงศ์ลิงที่มีหาง,Monkeys are very intelligent and social. Some can use tools.,ลิงฉลาดและอยู่รวมกันเป็นสังคม บางชนิดใช้เครื่องมือเป็นด้วย,The monkey stole a banana.,ลิง
octopus,Animals,Food & Drink,Wild,1,7,No,,An intelligent sea creature with eight arms.,สัตว์ทะเลแปดหนวดที่ฉลาด,Octopuses can change color and shape to camouflage. They are one of the smartest invertebrates.,ปลาหมึกยักษ์เปลี่ยนสีและรูปร่างเพื่อพรางตัวได้ และเป็นสัตว์ไม่มีกระดูกสันหลังที่ฉลาดที่สุดชนิดหนึ่ง,An octopus has eight arms.,ปลาหมึกยักษ์
owl,Animals,,Wild,1,3,No,,A night bird with large eyes.,นกกลางคืนที่มีดวงตาโต,"Owls cannot move their eyes, so they turn their whole head.",นกฮูกกลอกตาไม่ได้ จึงต้องหันทั้งหัวแทน,An owl called from the tree.,นกฮูก
panda,Animals,,Wild,1,5,No,,A black and white bear that eats bamboo.,หมีขาวดำที่กินไผ่,Giant pandas are an endangered species and a symbol of conservation.,แพนด้ายักษ์เป็นสัตว์ใกล้สูญพันธุ์ และเป็นสัญลักษณ์ของการอนุรักษ์,The panda ate bamboo all day.,แพนด้า
penguin,Animals,,Wild,1,7,No,,A black-and-white bird that swims but cannot fly.,นกขาวดำที่ว่ายน้ำได้แต่บินไม่ได้,Penguins live almost entirely in the southern half of the world.,เพนกวินอาศัยอยู่แทบทั้งหมดในซีกโลกใต้,The penguin dived into the water.,เพนกวิน
seahorse,Animals,,Wild,1,8,No,,A small sea creature that swims upright.,สัตว์ทะเลตัวเล็กที่ว่ายน้ำในแนวตั้ง,Male seahorses carry the babies. They are one of the few animals where the male gives birth.,ม้าน้ำตัวผู้เป็นฝ่ายอุ้มท้อง เป็นสัตว์ไม่กี่ชนิดที่ตัวผู้คลอดลูก,The male seahorse carries the eggs.,ม้าน้ำ
shark,Animals,,Wild,1,5,No,,A large ocean predator with sharp teeth.,นักล่าขนาดใหญ่แห่งท้องทะเลที่มีฟันคม,Sharks have been around for over 400 million years. They have multiple rows of teeth that replace themselves.,ฉลามมีอยู่บนโลกมากว่า 400 ล้านปี มีฟันหลายแถวที่งอกทดแทนได้เอง,The shark circled the boat.,ฉลาม
shrimp,Animals,Food & Drink,Wild,1,6,No,,A small sea creature with a shell.,สัตว์ทะเลตัวเล็กที่มีเปลือก,Shrimp are one of the most popular seafoods in the world. They are also called prawns in some countries.,กุ้งเป็นอาหารทะเลที่นิยมที่สุดชนิดหนึ่งของโลก บางประเทศเรียกว่า prawn,Add shrimp to the fried rice.,กุ้ง
snail,Animals,,Wild,1,5,No,,A slow-moving creature with a shell.,สัตว์เคลื่อนที่ช้าที่มีเปลือกหุ้ม,Snails can sleep for up to three years. They are one of the slowest animals on earth.,หอยทากจำศีลได้นานถึงสามปี และเป็นสัตว์ที่เคลื่อนที่ช้าที่สุดชนิดหนึ่งในโลก,A snail left a shiny trail.,หอยทาก
snake,Animals,,Wild,1,5,No,,A long reptile without legs.,สัตว์เลื้อยคลานลำตัวยาวไม่มีขา,Some snakes are kept as pets. They are cold-blooded and can go for weeks without eating.,งูบางชนิดเลี้ยงเป็นสัตว์เลี้ยงได้ เป็นสัตว์เลือดเย็นและอยู่ได้หลายสัปดาห์โดยไม่กินอาหาร,The snake slid into the grass.,งู
squid,Animals,Food & Drink,Wild,1,5,No,,A sea creature with tentacles and ink.,สัตว์ทะเลที่มีหนวดและพ่นหมึกได้,Squid can change color and release ink to escape predators. They are very fast swimmers.,ปลาหมึกเปลี่ยนสีและพ่นหมึกเพื่อหนีศัตรูได้ และว่ายน้ำเร็วมาก,Grilled squid is a beach snack.,ปลาหมึก
starfish,Animals,,Wild,1,8,No,,A sea creature with five arms.,สัตว์ทะเลที่มีแขนห้าแฉก,Starfish can regrow lost arms. They are not fish — they are echinoderms.,ปลาดาวงอกแขนใหม่ได้ และไม่ใช่ปลา แต่เป็นสัตว์ในกลุ่มเอไคโนเดิร์ม,A starfish clung to the rock.,ปลาดาว
tiger,Animals,,Wild,1,5,No,,A striped big cat.,แมวใหญ่ลายทาง,Tigers are the largest cat species. Each tiger has a unique stripe pattern.,เสือเป็นแมวที่ตัวใหญ่ที่สุด และลายของเสือแต่ละตัวไม่ซ้ำกันเลย,A tiger's stripes are unique.,เสือ
turtle,Animals,,Wild,1,6,No,,A slow-moving reptile with a shell.,สัตว์เลื้อยคลานเคลื่อนที่ช้าที่มีกระดอง,Turtles are one of the oldest reptile groups. Some species can live for over 100 years.,เต่าเป็นสัตว์เลื้อยคลานกลุ่มเก่าแก่ที่สุดกลุ่มหนึ่ง บางชนิดอายุยืนกว่า 100 ปี,The turtle moved slowly along.,เต่า
whale,Animals,,Wild,1,5,No,,A large ocean mammal.,สัตว์เลี้ยงลูกด้วยนมขนาดใหญ่ในมหาสมุทร,Blue whales are the largest animals that have ever lived. They can sing complex songs.,วาฬสีน้ำเงินเป็นสัตว์ที่ใหญ่ที่สุดเท่าที่เคยมีมาบนโลก และร้องเพลงที่ซับซ้อนได้,A whale surfaced near the ship.,วาฬ
wolf,Animals,,Wild,1,4,No,,A wild ancestor of the dog.,บรรพบุรุษป่าของสุนัข,Wolves live in packs and have complex social structures.,หมาป่าอยู่รวมกันเป็นฝูงและมีโครงสร้างสังคมที่ซับซ้อน,The wolf howled at night.,หมาป่า
zebra,Animals,,Wild,1,5,No,,A striped horse-like animal.,สัตว์คล้ายม้าที่มีลายทาง,No two zebras have the same stripe pattern. Their stripes help confuse predators.,ไม่มีม้าลายสองตัวใดที่ลายเหมือนกัน ลายของมันช่วยทำให้นักล่าสับสน,No two zebras share the same stripes.,ม้าลาย
apple,Fruits,,Common,1,5,No,,"A round fruit with red, green, or yellow skin.",ผลไม้ทรงกลม เปลือกสีแดง เขียว หรือเหลือง,"Apples are one of the most cultivated fruits in the world. The saying ""an apple a day keeps the doctor away"" comes from old English health advice.","แอปเปิลเป็นผลไม้ที่ปลูกมากที่สุดชนิดหนึ่งในโลก คำกล่าวที่ว่า ""กินแอปเปิลวันละผล หมอไม่ต้องมาเยือน"" มาจากคำแนะนำสุขภาพอังกฤษโบราณ",She packed an apple for lunch.,แอปเปิล
apricot,Fruits,,Common,1,7,No,,A small orange fruit with a stone.,ผลไม้สีส้มลูกเล็กที่มีเมล็ดแข็งข้างใน,The name travelled from Latin through Arabic and Spanish before reaching English.,ชื่อของมันเดินทางผ่านภาษาละติน อาหรับ และสเปน ก่อนจะมาถึงภาษาอังกฤษ,Dried apricots make a good snack.,แอปริคอต
avocado,Fruits,,Common,1,7,No,,A green fruit with creamy flesh.,ผลไม้สีเขียวที่มีเนื้อครีมมี,Avocado is technically a berry. It is one of the few fruits that contains healthy fat.,อะโวคาโดจัดเป็นผลไม้ตระกูลเบอร์รีทางพฤกษศาสตร์ และเป็นผลไม้ไม่กี่ชนิดที่มีไขมันดี,Avocado toast for breakfast.,อะโวคาโด
banana,Fruits,,Common,1,6,No,,A long curved yellow fruit.,ผลไม้สีเหลืองรูปโค้งยาว,Bananas are technically berries. They are one of the most popular fruits globally and are a good source of potassium.,กล้วยจัดเป็นเบอร์รีทางพฤกษศาสตร์ เป็นผลไม้ยอดนิยมทั่วโลกและมีโพแทสเซียมสูง,The banana is still green.,กล้วย
blackberry,Fruits,,Common,1,10,No,,A dark purple berry.,เบอร์รีสีม่วงเข้ม,Blackberries grow wild in many places. They are often used in pies and jams.,แบล็กเบอร์รีขึ้นเองตามธรรมชาติในหลายพื้นที่ นิยมใช้ทำพายและแยม,We picked blackberries by the path.,แบล็กเบอร์รี
blood orange,Fruits,,Common,1,11,No,,An orange with deep red flesh.,ส้มที่มีเนื้อในสีแดงเข้ม,Blood oranges get their color from anthocyanins. They have a raspberry-like flavor.,สีแดงของมันมาจากสารแอนโทไซยานิน และมีรสคล้ายราสป์เบอร์รี,The blood orange had deep red flesh.,ส้มเลือด
blueberry,Fruits,,Common,1,9,No,,A small blue-purple berry.,เบอร์รีลูกเล็กสีน้ำเงินอมม่วง,"Blueberries are often called a ""superfood"" because they are high in antioxidants.","บลูเบอร์รีมักถูกเรียกว่า ""ซูเปอร์ฟู้ด"" เพราะมีสารต้านอนุมูลอิสระสูง",Blueberry pancakes for breakfast.,บลูเบอร์รี
cantaloupe,Fruits,,Common,1,10,No,,An orange-fleshed melon.,เมลอนที่มีเนื้อสีส้ม,It is named after a town near Rome where it was once grown.,ตั้งชื่อตามเมืองใกล้กรุงโรมที่เคยเป็นแหล่งปลูก,Cantaloupe with ham is a classic.,แคนตาลูป
cherry,Fruits,,Common,1,6,No,,A small round red fruit with a pit.,ผลไม้กลมเล็กสีแดงที่มีเมล็ดข้างใน,Cherries are one of the first fruits to ripen in spring. There is a famous Japanese festival for cherry blossoms.,เชอร์รีเป็นผลไม้ชนิดแรกๆ ที่สุกในฤดูใบไม้ผลิ และมีเทศกาลชมดอกซากุระอันโด่งดังในญี่ปุ่น,A cherry sat on the cake.,เชอร์รี
clementine,Fruits,,Common,1,10,No,,A seedless small citrus fruit.,ส้มลูกเล็กไม่มีเมล็ด,It is named after the French monk who first grew it.,ตั้งชื่อตามบาทหลวงชาวฝรั่งเศสผู้เพาะพันธุ์มันขึ้นเป็นคนแรก,She packed a clementine for lunch.,ส้มคลีเมนไทน์
cranberry,Fruits,,Common,1,9,No,,A small sour red berry.,เบอร์รีลูกเล็กสีแดงรสเปรี้ยว,"Cranberries float, so farmers flood the fields to harvest them.",แครนเบอร์รีลอยน้ำได้ เกษตรกรจึงปล่อยน้ำท่วมแปลงเพื่อเก็บเกี่ยว,Cranberry sauce goes with turkey.,แครนเบอร์รี
date,Fruits,,Common,1,4,No,,A sweet brown fruit from palm trees.,ผลไม้สีน้ำตาลรสหวานจากต้นปาล์ม,Dates are a major food in the Middle East. They are very high in natural sugar.,อินทผลัมเป็นอาหารสำคัญในตะวันออกกลาง และมีน้ำตาลธรรมชาติสูงมาก,Dates are popular during Ramadan.,อินทผลัม
fig,Fruits,,Common,1,3,No,,A sweet fruit with many seeds inside.,ผลไม้รสหวานที่มีเมล็ดเล็กจำนวนมากข้างใน,Figs are one of the oldest cultivated fruits. They are mentioned in many ancient texts.,มะเดื่อเป็นผลไม้ที่มนุษย์ปลูกมาเก่าแก่ที่สุดชนิดหนึ่ง และถูกกล่าวถึงในตำราโบราณมากมาย,Dried figs are very sweet.,มะเดื่อ
gooseberry,Fruits,,Common,1,10,No,,A small tart green berry.,เบอร์รีสีเขียวลูกเล็กรสเปรี้ยว,Being 'a gooseberry' in British slang means an unwanted third person.,"ในสแลงอังกฤษ การเป็น ""กูสเบอร์รี"" หมายถึงคนที่สามที่ไม่มีใครต้องการ",Gooseberry jam is quite sharp.,กูสเบอร์รี
grape,Fruits,,Common,1,5,No,,Small round fruits that grow in bunches.,ผลไม้ลูกกลมเล็กที่ออกเป็นพวง,"Grapes are used to make wine, juice, and raisins. They have been cultivated for over 6,000 years.","องุ่นใช้ทำไวน์ น้ำผลไม้ และลูกเกด มนุษย์ปลูกองุ่นมากว่า 6,000 ปี",He ate a whole bunch of grapes.,องุ่น
grapefruit,Fruits,,Common,1,10,No,,A large sour citrus fruit.,ผลไม้ตระกูลส้มลูกใหญ่รสเปรี้ยว,It is named grapefruit because it grows in bunches like grapes.,ได้ชื่อว่าเกรปฟรุตเพราะออกผลเป็นพวงเหมือนองุ่น,Grapefruit juice is bitter.,เกรปฟรุต
honeydew,Fruits,,Common,1,8,No,,A pale green sweet melon.,เมลอนเนื้อเขียวอ่อนรสหวาน,The name simply describes its honey-like sweetness.,ชื่อของมันบรรยายความหวานคล้ายน้ำผึ้งตรงๆ,Honeydew is refreshing when chilled.,แตงฮันนีดิว
kiwi,Fruits,,Common,1,4,No,,A small green fruit with brown fuzzy skin.,ผลไม้เล็กสีเขียวที่มีเปลือกน้ำตาลขนฟู,Kiwi fruit is native to China but named after New Zealand. It is one of the most nutrient-dense fruits.,กีวีมีถิ่นกำเนิดในจีนแต่ตั้งชื่อตามนิวซีแลนด์ และเป็นผลไม้ที่มีสารอาหารหนาแน่นที่สุดชนิดหนึ่ง,Kiwi has bright green flesh.,กีวี
kumquat,Fruits,,Common,1,7,No,,A small oval citrus fruit that can be eaten whole.,ผลไม้ตระกูลส้มลูกเล็กรีที่กินได้ทั้งลูก,Kumquats are unique because the skin is sweet and the flesh is sour.,ส้มจี๊ดพิเศษตรงที่เปลือกหวานแต่เนื้อในเปรี้ยว,You can eat a kumquat whole.,ส้มจี๊ด
lemon,Fruits,,Common,1,5,No,,A sour yellow citrus fruit.,ผลไม้ตระกูลส้มสีเหลืองรสเปรี้ยว,Lemons are high in vitamin C. They were historically used by sailors to prevent scurvy.,เลมอนมีวิตามินซีสูง ในอดีตกะลาสีเรือใช้ป้องกันโรคลักปิดลักเปิด,Add lemon to the water.,เลมอน
lime,Fruits,,Common,1,4,No,,A small green citrus fruit.,ผลไม้ตระกูลส้มลูกเล็กสีเขียว,Limes are smaller and more acidic than lemons. They are commonly used in Thai cooking.,มะนาวลูกเล็กและเปรี้ยวกว่าเลมอน และเป็นวัตถุดิบสำคัญในอาหารไทย,Squeeze lime over the soup.,มะนาว
mandarin,Fruits,,Common,1,8,No,,A small easy-to-peel orange.,ส้มลูกเล็กที่ปอกเปลือกง่าย,Mandarins are given as gifts at Lunar New Year for good luck.,คนนิยมให้ส้มแมนดารินเป็นของขวัญช่วงตรุษจีนเพื่อความเป็นสิริมงคล,Mandarins are cheap in winter.,ส้มแมนดาริน
melon,Fruits,,Common,1,5,No,,A large sweet fruit with many varieties.,ผลไม้ลูกใหญ่รสหวานที่มีหลายสายพันธุ์,"Melons include watermelon, cantaloupe, and honeydew. They are mostly water.",เมลอนรวมถึงแตงโม แคนตาลูป และฮันนีดิว ส่วนใหญ่เป็นน้ำ,Cold melon on a hot day.,เมลอน
mulberry,Fruits,,Common,1,8,No,,A small dark berry from a tree.,เบอร์รีลูกเล็กสีเข้มจากต้นไม้,Silkworms eat only mulberry leaves.,หนอนไหมกินแต่ใบหม่อนเท่านั้น,Mulberries stained my fingers purple.,หม่อน
nectarine,Fruits,,Common,1,9,No,,A smooth-skinned peach.,ลูกพีชผิวเกลี้ยงไม่มีขน,A nectarine is genetically a peach without fuzz.,เนคทารีนคือลูกพีชที่ไม่มีขนโดยพันธุกรรม,The nectarine was perfectly ripe.,เนคทารีน
orange,Fruits,Colors & Shapes,Common,1,6,No,,A round citrus fruit with orange skin.,ผลไม้รสเปรี้ยวอมหวาน เปลือกหนา แกะเป็นกลีบได้,"Oranges were originally green. The color ""orange"" was named after the fruit, not the other way around.","เดิมทีส้มมีสีเขียว และสี ""ส้ม"" ถูกตั้งชื่อตามผลไม้ ไม่ใช่ในทางกลับกัน",I peeled an orange.,ส้ม
peach,Fruits,,Common,1,5,No,,A sweet fruit with fuzzy skin and a large pit.,ผลไม้รสหวานผิวมีขนและมีเมล็ดใหญ่,Peaches are originally from China. They symbolize long life in Chinese culture.,ลูกพีชมีถิ่นกำเนิดในจีน และเป็นสัญลักษณ์ของการมีอายุยืนในวัฒนธรรมจีน,The peach was soft and sweet.,ลูกพีช
pear,Fruits,,Common,1,4,No,,A sweet fruit with a thin skin and white flesh.,ผลไม้รสหวานเปลือกบางเนื้อสีขาว,Pears are related to apples. They are one of the oldest cultivated fruits in the world.,ลูกแพร์เป็นญาติกับแอปเปิล และเป็นผลไม้ที่ปลูกมาเก่าแก่ที่สุดชนิดหนึ่งในโลก,I sliced a pear for her.,ลูกแพร์
persimmon,Fruits,,Common,1,9,No,,An orange fruit that must be fully ripe.,ผลไม้สีส้มที่ต้องสุกเต็มที่ก่อนกิน,An unripe persimmon dries the mouth instantly.,ลูกพลับที่ยังไม่สุกทำให้ปากฝาดทันที,This persimmon is soft and sweet.,ลูกพลับ
plum,Fruits,,Common,1,4,No,,A small sweet fruit with smooth skin and a pit.,ผลไม้รสหวานลูกเล็ก ผิวเรียบ มีเมล็ด,Plums can be eaten fresh or dried into prunes. They are used in many desserts.,ลูกพลัมกินสดหรือตากแห้งเป็นลูกพรุนก็ได้ และใช้ทำของหวานหลายชนิด,This plum is very juicy.,ลูกพลัม
pomegranate,Fruits,,Common,1,11,No,,A fruit with many red seeds inside.,ผลไม้ที่มีเมล็ดสีแดงจำนวนมากข้างใน,Pomegranates are known as a symbol of fertility in many cultures.,ทับทิมเป็นสัญลักษณ์ของความอุดมสมบูรณ์ในหลายวัฒนธรรม,Pomegranate seeds look like jewels.,ทับทิม
quince,Fruits,,Common,1,6,No,,A hard yellow fruit usually cooked.,ผลไม้สีเหลืองเนื้อแข็งที่มักต้องปรุงสุก,"Quince is too hard to eat raw, so it is nearly always cooked.",ควินซ์แข็งเกินกว่าจะกินสด จึงเกือบทั้งหมดถูกนำไปปรุงสุก,Quince jelly takes hours to make.,ควินซ์
raspberry,Fruits,,Common,1,9,No,,A small red berry made of many tiny parts.,เบอร์รีสีแดงลูกเล็กที่ประกอบด้วยเม็ดเล็กๆ จำนวนมาก,Raspberries are related to roses. They are very fragile and do not last long after picking.,ราสป์เบอร์รีเป็นญาติกับกุหลาบ ผลบอบบางมากและเก็บไว้ได้ไม่นานหลังเก็บเกี่ยว,The raspberry tasted tart.,ราสป์เบอร์รี
strawberry,Fruits,,Common,1,10,No,,A red fruit with seeds on the outside.,ผลไม้สีแดงที่มีเมล็ดอยู่ด้านนอก,Strawberries are not true berries. They belong to the rose family.,สตรอว์เบอร์รีไม่ใช่เบอร์รีแท้ทางพฤกษศาสตร์ แต่อยู่ในวงศ์กุหลาบ,Strawberry jam on toast.,สตรอว์เบอร์รี
tangelo,Fruits,,Common,1,7,No,,A hybrid of tangerine and pomelo.,ลูกผสมระหว่างส้มแทนเจอรีนกับส้มโอ,Tangelos are easy to peel and very juicy. They were developed in the early 20th century.,แทนเจโลปอกง่ายและฉ่ำน้ำมาก ถูกพัฒนาขึ้นในช่วงต้นศตวรรษที่ 20,A tangelo is easy to peel.,แทนเจโล
ugli fruit,Fruits,,Common,1,9,No,,A large citrus fruit with bumpy green-yellow skin.,ผลไม้ตระกูลส้มลูกใหญ่ เปลือกขรุขระสีเขียวอมเหลือง,Ugli fruit is a Jamaican hybrid. It is sweet and less acidic than grapefruit.,อักลี่ฟรุตเป็นลูกผสมจากจาเมกา รสหวานและเปรี้ยวน้อยกว่าเกรปฟรุต,The ugli fruit looks rough but tastes sweet.,อักลี่ฟรุต
watermelon,Fruits,,Common,1,10,No,,A large green fruit with red flesh.,ผลไม้ลูกใหญ่เปลือกเขียวเนื้อแดง,Watermelon is 92% water. It is one of the most refreshing summer fruits.,แตงโมมีน้ำถึง 92% เป็นผลไม้คลายร้อนที่สดชื่นที่สุดชนิดหนึ่ง,Watermelon is mostly water.,แตงโม
abiu,Fruits,,Exotic,1,4,No,,A yellow round fruit with sweet caramel-like flesh.,ผลไม้ทรงกลมสีเหลือง เนื้อหวานคล้ายคาราเมล,Abiu is native to the Amazon. It has a texture similar to caramel custard.,อาบิวมีถิ่นกำเนิดในแอมะซอน เนื้อสัมผัสคล้ายคาราเมลคัสตาร์ด,Abiu flesh is clear and jelly-like.,อาบิว
acerola,Fruits,,Exotic,1,7,No,,A small cherry-like fruit rich in vitamin C.,ผลไม้ลูกเล็กคล้ายเชอร์รีที่มีวิตามินซีสูง,Acerola holds far more vitamin C than an orange.,อะเซโรลามีวิตามินซีสูงกว่าส้มมาก,Acerola juice is very tart.,อะเซโรลา
ackee,Fruits,,Exotic,1,5,No,,A red fruit with yellow flesh that is poisonous if not prepared correctly.,ผลไม้สีแดงเนื้อเหลืองที่เป็นพิษหากปรุงไม่ถูกวิธี,Ackee is the national fruit of Jamaica. It is usually eaten with saltfish.,แอกกี้เป็นผลไม้ประจำชาติจาเมกา นิยมกินคู่กับปลาเค็ม,Ackee must be ripe before eating.,แอกกี้
atemoya,Fruits,,Exotic,1,7,No,,A green fruit with sweet creamy flesh.,ผลไม้สีเขียวเนื้อครีมรสหวาน,Atemoya is a hybrid of cherimoya and sugar apple. It has a very creamy texture.,อะเทโมยาเป็นลูกผสมระหว่างเชริโมยากับน้อยหน่า เนื้อครีมมากๆ,Atemoya is a hybrid fruit.,อะเทโมยา
baobab fruit,Fruits,,Exotic,1,11,No,,A large fruit with powdery pulp inside a hard shell.,ผลไม้ลูกใหญ่ที่มีเนื้อเป็นผงอยู่ในเปลือกแข็ง,"Baobab is known as the ""tree of life"" in Africa. The pulp is very high in vitamin C.","เบาบับได้ฉายาว่า ""ต้นไม้แห่งชีวิต"" ในแอฟริกา เนื้อผงมีวิตามินซีสูงมาก",Baobab fruit powder is very sour.,ผลเบาบับ
black sapote,Fruits,,Exotic,1,11,No,,A green fruit with chocolate-like black pudding flesh.,ผลไม้สีเขียวที่มีเนื้อสีดำคล้ายพุดดิ้งช็อกโกแลต,"Black sapote is known as ""chocolate pudding fruit"". It tastes like chocolate mousse when ripe.","ซาโปเตดำได้ฉายาว่า ""ผลไม้พุดดิ้งช็อกโกแลต"" เมื่อสุกจะรสคล้ายช็อกโกแลตมูส",Black sapote is called chocolate pudding fruit.,ซาโปเตดำ
buddha's hand,Fruits,,Exotic,1,11,No,,A yellow citrus fruit that looks like fingers.,ผลไม้ตระกูลส้มสีเหลืองที่มีรูปร่างเหมือนนิ้วมือ,Buddha's hand is used mainly for its fragrant rind in perfumes and cooking. It has no juice or pulp.,ส้มมือใช้ประโยชน์จากเปลือกหอมเป็นหลักในน้ำหอมและการปรุงอาหาร ไม่มีน้ำและเนื้อ,Buddha's hand is used mainly for its scent.,ส้มมือ
canistel,Fruits,,Exotic,1,8,No,,A yellow fruit with sweet creamy flesh.,ผลไม้สีเหลืองเนื้อครีมรสหวาน,"Canistel is also called egg fruit because the flesh looks like egg yolk. It has a sweet, pumpkin-like taste.",คานิสเทลถูกเรียกว่าผลไม้ไข่เพราะเนื้อดูเหมือนไข่แดง รสหวานคล้ายฟักทอง,"Canistel has a dry, custard-like texture.",คานิสเทล
cherimoya,Fruits,,Exotic,1,9,No,,A green heart-shaped fruit with creamy white flesh.,ผลไม้สีเขียวรูปหัวใจ เนื้อขาวครีม,Cherimoya is also called custard apple in some places. It is known for its sweet custard-like texture.,บางที่เรียกเชริโมยาว่าน้อยหน่าฝรั่ง ขึ้นชื่อเรื่องเนื้อหวานคล้ายคัสตาร์ด,Mark Twain praised the cherimoya.,เชริโมยา
cupuacu,Fruits,,Exotic,1,7,No,,A large brown fruit with white creamy pulp.,ผลไม้สีน้ำตาลลูกใหญ่ที่มีเนื้อขาวครีม,Cupuacu is related to cacao and is popular in the Amazon for its chocolate-like flavor.,คูปูอาซูเป็นญาติกับโกโก้ และนิยมมากในแอมะซอนเพราะรสคล้ายช็อกโกแลต,Cupuacu is related to cacao.,คูปูอาซู
feijoa,Fruits,,Exotic,1,6,No,,A green fruit tasting of pineapple and mint.,ผลไม้สีเขียวที่มีรสคล้ายสับปะรดผสมมินต์,Feijoas are so common in New Zealand that people give bags away.,เฟโจอาพบทั่วไปมากในนิวซีแลนด์จนคนแจกกันเป็นถุง,Scoop the feijoa out with a spoon.,เฟโจอา
finger lime,Fruits,,Exotic,1,10,No,,A small cylindrical citrus fruit with caviar-like pearls inside.,ผลไม้ตระกูลส้มทรงกระบอกเล็กที่มีเม็ดคล้ายคาเวียร์,"Finger lime is native to Australia. The ""caviar"" pearls burst with citrus flavor when eaten.","มะนาวนิ้วมือมีถิ่นกำเนิดในออสเตรเลีย เม็ด ""คาเวียร์"" จะแตกให้รสส้มในปาก",Finger lime pearls burst in your mouth.,มะนาวนิ้วมือ
genipa,Fruits,,Exotic,1,6,No,,A green fruit that turns blue when the pulp is exposed to air.,ผลไม้สีเขียวที่เนื้อจะเปลี่ยนเป็นสีน้ำเงินเมื่อโดนอากาศ,Genipa is used as a natural blue food dye in some cultures.,บางวัฒนธรรมใช้เจนิปาเป็นสีผสมอาหารสีน้ำเงินจากธรรมชาติ,Genipa juice stains the skin blue.,เจนิปา
horned melon,Fruits,,Exotic,1,11,No,,An orange fruit with spikes and green jelly-like flesh.,ผลไม้สีส้มมีหนามและเนื้อเขียวคล้ายเจล,Horned melon is also called kiwano. It is native to Africa and has a sweet-sour taste.,แตงหนามหรือคิวาโน มีถิ่นกำเนิดในแอฟริกาและมีรสหวานอมเปรี้ยว,The horned melon has orange spiky skin.,แตงหนาม
ice cream bean,Fruits,,Exotic,1,12,No,,A long pod with sweet white pulp around black seeds.,ฝักยาวที่มีเนื้อขาวหวานหุ้มเมล็ดสีดำ,Ice cream bean is eaten by sucking the sweet cotton-like pulp from the seeds.,ถั่วไอศกรีมกินโดยดูดเนื้อหวานคล้ายสำลีออกจากเมล็ด,Ice cream bean pods hold sweet white pulp.,ถั่วไอศกรีม
jujube,Fruits,,Exotic,1,6,No,,A small date-like fruit.,ผลไม้ลูกเล็กคล้ายอินทผลัม,Dried jujubes are used in Chinese medicine and soups.,พุทราตากแห้งใช้ในยาจีนและซุปจีน,Jujube tea is warming.,พุทรา
mamey sapote,Fruits,,Exotic,1,11,No,,A large brown fruit with sweet orange flesh.,ผลไม้สีน้ำตาลลูกใหญ่ที่มีเนื้อสีส้มรสหวาน,Mamey sapote is native to Central America. It has a sweet potato-like texture when ripe.,มาเมย์ซาโปเตมีถิ่นกำเนิดในอเมริกากลาง เมื่อสุกจะมีเนื้อสัมผัสคล้ายมันเทศ,Mamey sapote makes a rich milkshake.,มาเมย์ซาโปเต
marula,Fruits,,Exotic,1,6,No,,A yellow fruit with white flesh used to make Amarula liqueur.,ผลไม้สีเหลืองเนื้อขาวที่ใช้ทำเหล้าอามารูล่า,Marula is famous in Africa. Elephants are known to eat the fermented fruit and become intoxicated.,มารูลาโด่งดังในแอฟริกา และมีเรื่องเล่าว่าช้างกินผลที่หมักแล้วจนเมา,Elephants love ripe marula fruit.,มารูลา
miracle fruit,Fruits,,Exotic,1,12,No,,A small red berry that makes sour foods taste sweet.,เบอร์รีสีแดงลูกเล็กที่ทำให้อาหารเปรี้ยวกลายเป็นหวาน,Miracle fruit contains a protein that temporarily changes how your taste buds perceive sourness.,ผลไม้มหัศจรรย์มีโปรตีนที่เปลี่ยนการรับรสเปรี้ยวของลิ้นชั่วคราว,Miracle fruit makes lemons taste sweet.,ผลไม้มหัศจรรย์
white sapote,Fruits,,Exotic,1,11,No,,A green fruit with sweet creamy white flesh.,ผลไม้สีเขียวที่มีเนื้อขาวครีมรสหวาน,"White sapote is also called ""sleepy fruit"" because it can have a mild sedative effect.","ซาโปเตขาวได้ฉายาว่า ""ผลไม้ชวนง่วง"" เพราะอาจมีฤทธิ์ทำให้ผ่อนคลายเล็กน้อย",White sapote is sometimes called the sleepy fruit.,ซาโปเตขาว
breadfruit,Fruits,,Tropical,1,10,No,,A large green fruit with starchy white flesh.,ผลไม้สีเขียวลูกใหญ่ที่มีเนื้อขาวแป้ง,Breadfruit was famously brought to the Caribbean by Captain Bligh on the HMS Bounty. It is a staple food in many tropical islands.,กัปตันไบลท์แห่งเรือ HMS Bounty นำสาเกไปยังแคริบเบียนอย่างโด่งดัง และเป็นอาหารหลักในหลายเกาะเขตร้อน,Roasted breadfruit tastes like bread.,สาเก
calamansi,Fruits,,Tropical,1,9,No,,A small green citrus fruit common in the Philippines.,ผลไม้ตระกูลส้มลูกเล็กสีเขียวที่พบมากในฟิลิปปินส์,Calamansi is a cross between kumquat and mandarin. It is very popular in Southeast Asian cooking.,ส้มจี๊ดเป็นลูกผสมระหว่างส้มจี๊ดกับส้มแมนดาริน นิยมมากในอาหารเอเชียตะวันออกเฉียงใต้,Calamansi juice is popular in the Philippines.,ส้มจี๊ด
coconut,Fruits,,Tropical,1,7,No,,A large hard fruit with white flesh and water inside.,ผลไม้เปลือกแข็งลูกใหญ่ที่มีเนื้อขาวและน้ำอยู่ข้างใน,"Coconuts are used for food, drink, oil, and even building materials in tropical countries.",ในประเทศเขตร้อน มะพร้าวใช้เป็นทั้งอาหาร เครื่องดื่ม น้ำมัน และวัสดุก่อสร้าง,Fresh coconut water is refreshing.,มะพร้าว
custard apple,Fruits,,Tropical,1,12,No,,A green fruit with sweet creamy white flesh.,ผลไม้สีเขียวที่มีเนื้อขาวครีมรสหวาน,Custard apple is also called sugar apple. The flesh looks and tastes like custard when ripe.,น้อยหน่ามีอีกชื่อว่าชูการ์แอปเปิล เมื่อสุกเนื้อจะดูและรสชาติเหมือนคัสตาร์ด,Custard apple has creamy white flesh.,น้อยหน่า
dragon fruit,Fruits,,Tropical,1,11,No,,A bright pink fruit with white or red flesh.,ผลไม้สีชมพูสดที่มีเนื้อขาวหรือแดง,Dragon fruit is also called pitaya. It grows on cactus plants.,แก้วมังกรมีอีกชื่อว่าพิทายา และเติบโตบนต้นกระบองเพชร,Dragon fruit has tiny black seeds.,แก้วมังกร
durian,Fruits,,Tropical,1,6,No,,A large spiky fruit with strong smell.,ผลไม้ลูกใหญ่มีหนามและกลิ่นแรง,"Durian is known as the ""king of fruits"" in Southeast Asia. Some hotels ban it because of the smell.","ทุเรียนได้ฉายาว่า ""ราชาแห่งผลไม้"" ในเอเชียตะวันออกเฉียงใต้ โรงแรมหลายแห่งห้ามนำเข้าเพราะกลิ่น",Durian is banned in many hotels.,ทุเรียน
guava,Fruits,,Tropical,1,5,No,,A tropical fruit with pink or white flesh.,ผลไม้เขตร้อนที่มีเนื้อสีชมพูหรือขาว,Guava is extremely high in vitamin C. It is popular in many tropical countries.,ฝรั่งมีวิตามินซีสูงมาก และเป็นที่นิยมในหลายประเทศเขตร้อน,Guava with chili salt is a snack.,ฝรั่ง
jackfruit,Fruits,,Tropical,1,9,No,,A very large tropical fruit.,ผลไม้เขตร้อนที่มีขนาดใหญ่มาก,Jackfruit is the largest tree fruit in the world. It is often used as a meat substitute.,ขนุนเป็นผลไม้ที่ออกจากต้นที่ใหญ่ที่สุดในโลก และมักใช้แทนเนื้อสัตว์,Jackfruit can weigh over twenty kilos.,ขนุน
langsat,Fruits,,Tropical,1,7,No,,A small round fruit with thin skin and sweet-sour segments.,ผลไม้ทรงกลมเล็ก เปลือกบาง เนื้อรสหวานอมเปรี้ยว,Langsat grows in clusters and is very popular in local Southeast Asian markets.,ลางสาดออกผลเป็นพวง และนิยมมากในตลาดท้องถิ่นของเอเชียตะวันออกเฉียงใต้,Langsat grows in small bunches.,ลางสาด
lanzones,Fruits,,Tropical,1,8,No,,A small round fruit with sweet translucent flesh.,ผลไม้ทรงกลมเล็กที่มีเนื้อใสรสหวาน,Lanzones are very popular in the Philippines. They grow in clusters and have a sweet-tart taste.,ลองกองนิยมมากในฟิลิปปินส์ ออกผลเป็นพวงและมีรสหวานอมเปรี้ยว,Lanzones are sold by the kilo.,ลองกอง
longan,Fruits,,Tropical,1,6,No,,A small brown fruit with sweet translucent flesh and a black seed.,ผลไม้สีน้ำตาลลูกเล็ก เนื้อใสรสหวาน มีเมล็ดสีดำ,"Longan means ""dragon eye"" in Chinese because of the black seed in the center that looks like an eye. It is very popular in Thailand and China.","ลำไยแปลว่า ""ตามังกร"" ในภาษาจีน เพราะเมล็ดสีดำตรงกลางดูเหมือนดวงตา นิยมมากในไทยและจีน",Longan is sweeter than lychee.,ลำไย
lychee,Fruits,,Tropical,1,6,No,,A small red fruit with sweet white flesh and a large seed.,ผลไม้สีแดงลูกเล็ก เนื้อขาวหวาน มีเมล็ดใหญ่,Lychee is native to China. It has a floral scent and is often eaten fresh or in desserts.,ลิ้นจี่มีถิ่นกำเนิดในจีน มีกลิ่นหอมคล้ายดอกไม้ นิยมกินสดหรือทำของหวาน,Lychee season is short.,ลิ้นจี่
mango,Fruits,,Tropical,1,5,No,,A sweet tropical fruit with orange flesh.,ผลไม้เขตร้อนรสหวานเนื้อสีส้ม,"Mango is often called the ""king of fruits"" in many countries. Thailand is one of the world's top producers.","มะม่วงมักถูกเรียกว่า ""ราชาแห่งผลไม้"" ในหลายประเทศ ไทยเป็นหนึ่งในผู้ผลิตรายใหญ่ที่สุดของโลก",Sticky rice with mango is famous.,มะม่วง
mangosteen,Fruits,,Tropical,1,10,No,,A purple fruit with sweet white segments inside and a thick rind.,ผลไม้สีม่วงที่มีเนื้อขาวหวานเป็นกลีบและเปลือกหนา,"Mangosteen is often called the ""queen of fruits"". It is highly prized in Southeast Asia and is known for its delicate sweet-sour taste.","มังคุดมักถูกเรียกว่า ""ราชินีแห่งผลไม้"" เป็นที่นิยมอย่างสูงในเอเชียตะวันออกเฉียงใต้ด้วยรสหวานอมเปรี้ยวละมุน",Mangosteen is called the queen of fruit.,มังคุด
papaya,Fruits,,Tropical,1,6,No,,A large tropical fruit with orange flesh.,ผลไม้เขตร้อนลูกใหญ่เนื้อสีส้ม,Papaya contains an enzyme that helps digest protein. It is very popular in Southeast Asia.,มะละกอมีเอนไซม์ที่ช่วยย่อยโปรตีน และเป็นที่นิยมมากในเอเชียตะวันออกเฉียงใต้,Green papaya salad is spicy.,มะละกอ
passion fruit,Fruits,,Tropical,1,12,No,,A round fruit with tangy pulp and seeds.,ผลไม้ทรงกลมที่มีเนื้อและเมล็ดรสเปรี้ยวจัด,Passion fruit is named because its flower was thought to represent the passion of Christ.,เสาวรสได้ชื่อมาจากดอกของมันที่เชื่อกันว่าสื่อถึงความทุกข์ทรมานของพระเยซู,Passion fruit juice is very sour.,เสาวรส
pineapple,Fruits,,Tropical,1,9,No,,A large tropical fruit with spiky skin.,ผลไม้เขตร้อนลูกใหญ่เปลือกเป็นหนาม,Pineapples take about 18 months to grow. They are actually a collection of many small fruits fused together.,สับปะรดใช้เวลาปลูกราว 18 เดือน จริงๆ แล้วมันคือผลเล็กๆ จำนวนมากที่เชื่อมรวมกัน,Grilled pineapple is delicious.,สับปะรด
plantain,Fruits,,Tropical,1,8,No,,A starchy banana used for cooking.,กล้วยเนื้อแป้งที่ใช้ปรุงอาหาร,Plantains are eaten as a staple food across Africa and Latin America.,กล้วยกล้ายเป็นอาหารหลักทั่วแอฟริกาและละตินอเมริกา,Fried plantain is crispy outside.,กล้วยกล้าย
pomelo,Fruits,,Tropical,1,6,No,,A large citrus fruit similar to grapefruit but sweeter and less bitter.,ผลไม้ตระกูลส้มลูกใหญ่ คล้ายเกรปฟรุตแต่หวานและขมน้อยกว่า,Pomelo is one of the original citrus fruits. It is believed to be the ancestor of the grapefruit.,ส้มโอเป็นหนึ่งในส้มดั้งเดิม และเชื่อกันว่าเป็นบรรพบุรุษของเกรปฟรุต,Pomelo is the largest citrus fruit.,ส้มโอ
rambutan,Fruits,,Tropical,1,8,No,,A red hairy fruit with sweet white flesh and a seed inside.,ผลไม้สีแดงมีขน เนื้อขาวหวาน มีเมล็ดข้างใน,"The name ""rambutan"" comes from the Malay word for ""hair"" because of its hairy skin. It is closely related to lychee and is very popular in Southeast Asia.","ชื่อ ""rambutan"" มาจากคำมลายูที่แปลว่า ""ขน"" เพราะเปลือกมีขน เป็นญาติใกล้ชิดกับลิ้นจี่และนิยมมากในเอเชียตะวันออกเฉียงใต้",Rambutan is covered in soft spines.,เงาะ
rose apple,Fruits,,Tropical,1,9,No,,A bell-shaped fruit with crisp white flesh and a rose scent.,ผลไม้ทรงระฆัง เนื้อขาวกรอบ มีกลิ่นกุหลาบ,Rose apple has a delicate rose scent. It is popular in Southeast Asia and is often eaten fresh.,ชมพู่มีกลิ่นกุหลาบอ่อนๆ นิยมในเอเชียตะวันออกเฉียงใต้และมักกินสด,Rose apple is crisp and watery.,ชมพู่
salak,Fruits,,Tropical,1,5,No,,A small fruit with brown snake-like skin and crisp white flesh.,ผลไม้ลูกเล็กเปลือกสีน้ำตาลคล้ายเกล็ดงู เนื้อขาวกรอบ,Salak is also called snake fruit. It has a crunchy texture and a sweet-sour taste.,สละมีอีกชื่อว่าผลไม้งู เนื้อกรอบและมีรสหวานอมเปรี้ยว,Salak skin looks like snake scales.,สละ
santol,Fruits,,Tropical,1,6,No,,A round fruit with thick skin and sweet-sour pulp.,ผลไม้ทรงกลมเปลือกหนา เนื้อรสหวานอมเปรี้ยว,Santol is also called cotton fruit. The pulp is often eaten with salt or made into jam.,กระท้อนมีอีกชื่อว่าผลไม้ฝ้าย นิยมกินกับเกลือหรือทำแยม,Santol is often eaten with salt.,กระท้อน
sapodilla,Fruits,,Tropical,1,9,No,,A brown fruit with sweet grainy flesh.,ผลไม้สีน้ำตาลที่มีเนื้อหวานสัมผัสเป็นทราย,Sapodilla is also called chikoo. It is known for its sweet caramel-like flavor.,ละมุดมีอีกชื่อว่าชิกู ขึ้นชื่อเรื่องรสหวานคล้ายคาราเมล,Sapodilla tastes like brown sugar.,ละมุด
soursop,Fruits,,Tropical,1,7,No,,A large green fruit with white fleshy pulp and black seeds.,ผลไม้สีเขียวลูกใหญ่ เนื้อขาวนุ่ม มีเมล็ดดำ,Soursop is also called guanabana. It has a sweet and sour taste and is often used in drinks and desserts in tropical countries.,ทุเรียนเทศมีอีกชื่อว่ากัวนาบานา รสหวานอมเปรี้ยว นิยมทำเครื่องดื่มและของหวานในเขตร้อน,Soursop juice is tangy and sweet.,ทุเรียนเทศ
starfruit,Fruits,,Tropical,1,9,No,,A yellow fruit with a star shape when cut and a sweet-sour taste.,ผลไม้สีเหลืองที่หั่นแล้วเป็นรูปดาว รสหวานอมเปรี้ยว,Starfruit is also called carambola. It is one of the few fruits that is shaped like a star when sliced.,มะเฟืองมีอีกชื่อว่าคารัมโบลา เป็นผลไม้ไม่กี่ชนิดที่หั่นแล้วเป็นรูปดาว,Starfruit slices look like stars.,มะเฟือง
tamarind,Fruits,,Tropical,1,8,No,,A brown pod with sweet-sour pulp inside.,ฝักสีน้ำตาลที่มีเนื้อรสหวานอมเปรี้ยวข้างใน,"Tamarind is widely used in Thai, Indian, and Mexican cooking for its unique sweet-sour taste. It is also used to make candy and drinks.",มะขามใช้กันแพร่หลายในอาหารไทย อินเดีย และเม็กซิโก ด้วยรสหวานอมเปรี้ยวเฉพาะตัว และยังใช้ทำขนมและเครื่องดื่ม,Tamarind gives pad thai its sourness.,มะขาม
yuzu,Fruits,,Tropical,1,4,No,,A yellow citrus fruit with strong aromatic flavor.,ผลไม้ตระกูลส้มสีเหลืองที่มีกลิ่นหอมแรง,Yuzu is highly prized in Japanese cuisine for its rind and juice. It has a complex lemon-lime-grapefruit scent.,ยูซุเป็นที่นิยมอย่างสูงในอาหารญี่ปุ่นทั้งเปลือกและน้ำ มีกลิ่นซับซ้อนคล้ายเลมอน มะนาว และเกรปฟรุตรวมกัน,Yuzu peel is used in Japanese cooking.,ส้มยูซุ
after,High-Frequency / Core,,Everyday Verbs & Function Words,1,5,No,,Later than.,เกิดขึ้นในเวลาถัดมา ไม่ใช่ก่อน,"""After"" is the opposite of ""before"" and is very common in storytelling.","""After"" เป็นคำตรงข้ามกับ ""before"" และพบบ่อยมากในการเล่าเรื่อง",We ate after the film.,หลังจาก
again,High-Frequency / Core,,Everyday Verbs & Function Words,1,5,No,,One more time.,ทำสิ่งเดิมซ้ำอีกหน,"""Again"" is one of the most common adverbs in spoken English.","""Again"" เป็นคำวิเศษณ์ที่ใช้บ่อยที่สุดคำหนึ่งในภาษาพูด",Please say that again.,อีกครั้ง
all,High-Frequency / Core,,Everyday Verbs & Function Words,1,3,No,,The complete amount or every one.,ทุกสิ่งหรือทุกคน,"""All"" is one of the oldest words in the English language.","""All"" เป็นคำที่เก่าแก่ที่สุดคำหนึ่งในภาษาอังกฤษ",All the seats are taken.,ทั้งหมด
always,High-Frequency / Core,,Everyday Verbs & Function Words,1,6,No,,All the time.,ทุกครั้งไม่มีเว้น ตลอดเวลา,"""Always"" is the strongest way to say something happens every time.","""Always"" เป็นวิธีที่หนักแน่นที่สุดในการบอกว่าบางสิ่งเกิดขึ้นทุกครั้ง",He always wakes up early.,เสมอ
ask,High-Frequency / Core,,Everyday Verbs & Function Words,1,3,No,,Request or question.,เอ่ยคำถามเพื่อขอคำตอบ หรือขอร้องให้ช่วย,"'Ask' covers both questions and requests, which confuses many learners.","""Ask"" ใช้ได้ทั้งการถามและการขอร้อง ซึ่งทำให้ผู้เรียนหลายคนสับสน",May I ask a question?,ถาม
because,High-Frequency / Core,,Everyday Verbs & Function Words,1,7,No,,Reason.,ใช้บอกเหตุผลว่าทำไมบางอย่างจึงเกิดขึ้น,"The full original form was ""by cause"". People shortened it over hundreds of years to the word we use today.","รูปเดิมของมันคือ ""by cause"" คนย่อลงเรื่อยๆ ตลอดหลายร้อยปีจนกลายเป็นคำที่เราใช้ทุกวันนี้",I stayed because of the rain.,เพราะ
before,High-Frequency / Core,,Everyday Verbs & Function Words,1,6,No,,Earlier than.,เวลาก่อนหน้า,"""Before"" is used for time and order.","""Before"" ใช้กับทั้งเวลาและลำดับ",Wash your hands before eating.,ก่อน
big,High-Frequency / Core,,Everyday Verbs & Function Words,1,3,No,,Large in size.,มีขนาดโต ไม่เล็ก,'Big' is casual; 'large' sounds more formal.,"""Big"" ให้ความรู้สึกลำลอง ส่วน ""large"" ฟังดูเป็นทางการกว่า",That is a big dog.,ใหญ่
but,High-Frequency / Core,,Everyday Verbs & Function Words,1,3,No,,Used to show contrast.,ใช้แสดงความขัดแย้ง,"""But"" is one of the most common connecting words in spoken English and is very useful for polite disagreement.","""But"" เป็นคำเชื่อมที่พบบ่อยที่สุดคำหนึ่งในภาษาพูด และมีประโยชน์มากในการโต้แย้งอย่างสุภาพ","I tried, but it failed.",แต่
buy,High-Frequency / Core,,Everyday Verbs & Function Words,1,3,No,,Get something by paying.,ได้มาโดยการจ่ายเงิน,'Buy' can also mean to believe something: 'I don't buy that story'.,"""Buy"" ยังหมายถึงการเชื่อได้ด้วย เช่น ""I don't buy that story"" (ฉันไม่เชื่อเรื่องนั้น)",I want to buy a ticket.,ซื้อ
can,High-Frequency / Core,,Everyday Verbs & Function Words,1,3,No,,Ability or permission.,ความสามารถหรือการอนุญาต,"""Can"" originally meant ""to know"" in Old English. Over time it changed to mean ability (""I can do it"").","เดิมที ""can"" แปลว่า ""รู้"" ในภาษาอังกฤษเก่า ต่อมาเปลี่ยนมาหมายถึงความสามารถ",I can swim well.,สามารถ
close,High-Frequency / Core,,Everyday Verbs & Function Words,1,5,No,,Shut something.,ทำให้ไม่เปิด เช่น ประตูหรือหน้าต่าง,The verb 'close' and the adjective 'close' (near) sound different.,กริยา close (ปิด) กับคำคุณศัพท์ close (ใกล้) ออกเสียงต่างกัน,Close the door behind you.,ปิด
come,High-Frequency / Core,,Everyday Verbs & Function Words,1,4,No,,Move toward the speaker.,เคลื่อนที่เข้าหาผู้พูด,"""Come"" is the opposite of ""go"" and is used when inviting someone closer.","""Come"" เป็นคำตรงข้ามกับ ""go"" และใช้เวลาชวนใครสักคนให้เข้ามาใกล้","Come here, please.",มา
day,High-Frequency / Core,,Everyday Verbs & Function Words,1,3,No,,A period of 24 hours.,ช่วงเวลา 24 ชั่วโมง,"""Day"" comes from an ancient root that also gave us the word ""dawn"".","""Day"" มาจากรากศัพท์โบราณเดียวกับคำว่า ""dawn"" (รุ่งอรุณ)",Have a nice day.,วัน
did,High-Frequency / Core,,Everyday Verbs & Function Words,1,3,No,,Past tense of do.,รูปอดีตของ do,"""Did"" is used to make past questions and negatives in English.","""Did"" ใช้สร้างประโยคคำถามและปฏิเสธในอดีต",I did my best.,ได้ทำ
different,High-Frequency / Core,,Everyday Verbs & Function Words,1,9,No,,Not the same.,ไม่เหมือนกัน,"""Different"" is essential for describing variety.","""Different"" จำเป็นมากในการบรรยายความหลากหลาย",Their answers were different.,แตกต่าง
does,High-Frequency / Core,,Everyday Verbs & Function Words,1,4,No,,Perform an action (he/she/it).,ใช้กับ he/she/it,"""Does"" is the helper form for he, she, or it in questions and negatives.","""Does"" เป็นรูปกริยาช่วยสำหรับ he, she หรือ it ในประโยคคำถามและปฏิเสธ",He does the dishes daily.,ทำ
drink,High-Frequency / Core,Food & Drink,Everyday Verbs & Function Words,1,5,No,,Swallow liquid.,กลืนของเหลวเข้าไปในร่างกาย,'Drink' alone often implies alcohol in casual English.,การพูดว่า drink เฉยๆ ในภาษาอังกฤษลำลองมักหมายถึงการดื่มเหล้า,Drink more water today.,ดื่ม
during,High-Frequency / Core,,Everyday Verbs & Function Words,1,6,No,,While something happens.,ขณะที่บางสิ่งเกิดขึ้น,"""During"" is used to talk about time periods.","""During"" ใช้พูดถึงช่วงเวลา",It rained during the night.,ระหว่าง
easy,High-Frequency / Core,,Everyday Verbs & Function Words,1,4,No,,Not difficult.,ทำได้โดยไม่ต้องใช้ความพยายามมาก,'Easy' comes from an old French word meaning at rest.,"""Easy"" มาจากคำภาษาฝรั่งเศสเก่าที่แปลว่าการพักผ่อน",The test was easy.,ง่าย
eat,High-Frequency / Core,Food & Drink,Everyday Verbs & Function Words,1,3,No,,Put food in your mouth.,นำอาหารเข้าปากแล้วกลืน,'Eat' becomes 'ate' and 'eaten' — an irregular pattern over a thousand years old.,"""Eat"" เปลี่ยนเป็น ""ate"" และ ""eaten"" ซึ่งเป็นรูปผิดปกติที่ใช้มากว่าพันปี",We eat dinner at seven.,กิน
even,High-Frequency / Core,,Everyday Verbs & Function Words,1,4,No,,Used to show surprise.,ใช้แสดงความประหลาดใจ,"""Even"" adds emphasis and surprise in sentences.","""Even"" ช่วยเพิ่มน้ำหนักและความประหลาดใจให้ประโยค",Even the teacher laughed.,แม้แต่
feel,High-Frequency / Core,Emotions & Feelings,Everyday Verbs & Function Words,1,4,No,,Experience an emotion or touch.,ทั้งทางกายและอารมณ์,'Feel' covers both physical touch and inner emotion.,"""Feel"" ครอบคลุมทั้งการสัมผัสทางกายและความรู้สึกภายใน",I feel much better today.,รู้สึก
find,High-Frequency / Core,,Everyday Verbs & Function Words,1,4,No,,Discover or locate.,พบ หรือค้นเจอ,'Find' can mean both discovering an object and forming an opinion.,"""Find"" หมายถึงทั้งการค้นพบสิ่งของและการเกิดความคิดเห็น",I can't find my phone.,หา
first,High-Frequency / Core,,Everyday Verbs & Function Words,1,5,No,,Coming before all others.,มาก่อนสิ่งอื่นทั้งหมด,"""First"" is the ordinal number for 1.","""First"" คือเลขลำดับของ 1",He was the first to arrive.,แรก
for,High-Frequency / Core,,Everyday Verbs & Function Words,1,3,No,,Purpose or benefit.,จุดประสงค์หรือผู้รับประโยชน์,"""For"" is used in many common phrases like ""for you"" and ""for example"".","""For"" ใช้ในวลีทั่วไปมากมาย เช่น ""for you"" และ ""for example""",This gift is for you.,สำหรับ
from,High-Frequency / Core,,Everyday Verbs & Function Words,1,4,No,,Origin or starting point.,จุดเริ่มต้นหรือแหล่งที่มา,"""From"" is used to talk about where something comes from or begins.","""From"" ใช้พูดถึงที่มาหรือจุดเริ่มต้นของบางสิ่ง",She is from Bangkok.,จาก
get,High-Frequency / Core,,Everyday Verbs & Function Words,1,3,No,,Obtain or become.,ทำให้ได้มาครอบครอง หรือแปลว่ากลายเป็น,"""Get"" is one of the most useful and flexible verbs in English. It can mean many different things depending on context.","""Get"" เป็นกริยาที่มีประโยชน์และยืดหยุ่นที่สุดคำหนึ่งในภาษาอังกฤษ ความหมายเปลี่ยนไปตามบริบท",I get home at six.,ได้รับ
give,High-Frequency / Core,,Everyday Verbs & Function Words,1,4,No,,Hand something to someone.,ส่งบางสิ่งแก่ใครบางคน,'Give' appears in hundreds of phrases like 'give up' and 'give in'.,"""Give"" ปรากฏในสำนวนนับร้อย เช่น ""give up"" (ยอมแพ้) และ ""give in"" (ยอมตาม)",Give me a minute.,ให้
good,High-Frequency / Core,,Everyday Verbs & Function Words,1,4,No,,Positive or high quality.,มีคุณภาพดี น่าพอใจ,"""Good"" comes from an Old English word meaning ""fitting"" or ""suitable"".","""Good"" มาจากคำภาษาอังกฤษเก่าที่แปลว่า ""เหมาะสม"" หรือ ""พอเหมาะ""",That was a good film.,ดี
had,High-Frequency / Core,,Everyday Verbs & Function Words,1,3,No,,Past tense of have.,รูปอดีตของ have,"""Had"" is one of the most common past tense verbs in storytelling.","""Had"" เป็นกริยารูปอดีตที่พบบ่อยที่สุดคำหนึ่งในการเล่าเรื่อง",We had lunch already.,มี (อดีต)
hard,High-Frequency / Core,,Everyday Verbs & Function Words,1,4,No,,"Difficult, or firm to touch.",ต้องใช้ความพยายามมาก หรือมีเนื้อแข็ง,'Hard' means both difficult and solid — context decides.,"""Hard"" หมายถึงทั้งยากและแข็ง ต้องดูบริบทเป็นหลัก",This question is hard.,ยาก
has,High-Frequency / Core,,Everyday Verbs & Function Words,1,3,No,,Possess (he/she/it).,ใช้กับ he/she/it,"""Has"" is the form used with he, she, or it.","""Has"" คือรูปที่ใช้กับ he, she หรือ it",She has a new bike.,มี
have,High-Frequency / Core,,Everyday Verbs & Function Words,1,4,No,,Possess or own.,เป็นเจ้าของ,"""Have"" is a very irregular verb with many forms and is one of the most important helper verbs.","""Have"" เป็นกริยาที่ผันผิดปกติมากและมีหลายรูป ทั้งยังเป็นกริยาช่วยที่สำคัญที่สุดคำหนึ่ง",I have two brothers.,มี
help,High-Frequency / Core,,Everyday Verbs & Function Words,1,4,No,,Make things easier for someone.,ทำให้บางสิ่งง่ายขึ้นสำหรับใครบางคน,'Help' is both a verb and a cry for assistance.,"""Help"" เป็นได้ทั้งกริยาและคำร้องขอความช่วยเหลือ",Can you help me carry this?,ช่วย
here,High-Frequency / Core,,Everyday Verbs & Function Words,1,4,No,,In this place.,ในสถานที่นี้,"""Here"" is one of the oldest location words in English.","""Here"" เป็นคำบอกตำแหน่งที่เก่าแก่ที่สุดคำหนึ่งในภาษาอังกฤษ",Put your bag here.,ที่นี่
just,High-Frequency / Core,,Everyday Verbs & Function Words,1,4,No,,Only or very recently.,เพิ่งเกิดขึ้นไม่นานนี้ หรือแปลว่าเพียงเท่านั้น,"""Just"" has many uses in English and is very flexible.","""Just"" มีหลายความหมายในภาษาอังกฤษและยืดหยุ่นมาก",I just arrived.,เพิ่งจะ
keep,High-Frequency / Core,,Everyday Verbs & Function Words,1,4,No,,Continue to have or do.,รักษาไว้ไม่ให้หายไป หรือทำต่อเนื่องไปเรื่อยๆ,'Keep' plus -ing means to continue: 'keep walking'.,"""Keep"" ตามด้วย -ing แปลว่าทำต่อไปเรื่อยๆ เช่น ""keep walking""",Keep the change.,เก็บ
know,High-Frequency / Core,Education,Everyday Verbs & Function Words,1,4,No,,Understand or have knowledge.,เข้าใจ หรือมีความรู้,"""Know"" and ""no"" sound exactly the same but come from completely different old words. English has many of these ""homophones"".","""Know"" กับ ""no"" ออกเสียงเหมือนกันเป๊ะแต่มาจากคำโบราณคนละคำ ภาษาอังกฤษมีคำพ้องเสียงแบบนี้เยอะมาก",I know the answer.,รู้
last,High-Frequency / Core,,Everyday Verbs & Function Words,1,4,No,,Coming after all others.,มาหลังสิ่งอื่นทั้งหมด,"""Last"" is the opposite of first.","""Last"" เป็นคำตรงข้ามกับ first",That was the last cookie.,สุดท้าย
learn,High-Frequency / Core,Education,Everyday Verbs & Function Words,1,5,No,,Gain knowledge or skill.,ได้ความรู้หรือทักษะ,"Both 'learned' and 'learnt' are correct, depending on the country.","ทั้ง ""learned"" และ ""learnt"" ถูกต้องทั้งคู่ ขึ้นอยู่กับประเทศ",I want to learn Thai.,เรียนรู้
like,High-Frequency / Core,Emotions & Feelings,Everyday Verbs & Function Words,1,4,No,,Enjoy or similar to.,รู้สึกชอบ หรือแปลว่าคล้ายกับ,"""Like"" has two completely different modern uses: ""I like apples"" and ""It looks like rain"". Both are relatively new in language history.","""Like"" มีสองความหมายที่ต่างกันโดยสิ้นเชิง คือ ""I like apples"" กับ ""It looks like rain"" ทั้งคู่เพิ่งเกิดขึ้นไม่นานในประวัติศาสตร์ภาษา",I like this song.,ชอบ
live,High-Frequency / Core,,Everyday Verbs & Function Words,1,4,No,,Have your home somewhere; be alive.,มีชีวิตอยู่,The verb and the adjective 'live' are spelled alike but sound different.,กริยา live กับคำคุณศัพท์ live สะกดเหมือนกันแต่ออกเสียงต่างกัน,I live near the river.,อาศัยอยู่
long,High-Frequency / Core,,Everyday Verbs & Function Words,1,4,No,,Measuring a lot from end to end.,วัดได้มากจากปลายด้านหนึ่งถึงอีกด้าน,"'Long' also means to want something deeply, as in 'longing'.","""Long"" ยังหมายถึงการปรารถนาอย่างแรงกล้าได้ด้วย เช่นคำว่า ""longing""",It was a long day.,ยาว
look,High-Frequency / Core,,Everyday Verbs & Function Words,1,4,No,,Direct your eyes toward.,หันสายตาไปยังบางสิ่ง,"'Look' is deliberate, while 'see' happens automatically.","""Look"" คือการตั้งใจมอง ส่วน ""see"" เกิดขึ้นเองโดยอัตโนมัติ",Look at that sunset.,มอง
love,High-Frequency / Core,Emotions & Feelings,Everyday Verbs & Function Words,1,4,No,,Feel deep affection.,รู้สึกผูกพันและห่วงใยอย่างลึกซึ้ง,"In tennis, 'love' means zero, possibly from the French word for egg.","ในกีฬาเทนนิส ""love"" แปลว่าศูนย์ อาจมาจากคำภาษาฝรั่งเศสที่แปลว่าไข่",I love this song.,รัก
make,High-Frequency / Core,,Everyday Verbs & Function Words,1,4,No,,Create or cause.,สร้าง หรือก่อให้เกิด,"""Make"" is used in hundreds of common phrases (""make a decision"", ""make friends"", ""make dinner"").","""Make"" ใช้ในวลีทั่วไปนับร้อย เช่น ""make a decision"", ""make friends"", ""make dinner""",Let's make dinner together.,ทำ
many,High-Frequency / Core,,Everyday Verbs & Function Words,1,4,No,,A large number.,มีจำนวนมาก ใช้กับสิ่งที่นับได้,"""Many"" is used with countable things like ""many books"".","""Many"" ใช้กับสิ่งที่นับได้ เช่น ""many books""",Many students came early.,หลาย
more,High-Frequency / Core,,Everyday Verbs & Function Words,1,4,No,,A greater amount.,ปริมาณที่เพิ่มขึ้น,"""More"" is one of the most common comparative words in English.","""More"" เป็นคำเปรียบเทียบที่พบบ่อยที่สุดคำหนึ่งในภาษาอังกฤษ",I need more time.,มากกว่า
most,High-Frequency / Core,,Everyday Verbs & Function Words,1,4,No,,The greatest amount.,ปริมาณสูงสุด,"""Most"" is used to talk about the majority of something.","""Most"" ใช้พูดถึงส่วนใหญ่ของบางสิ่ง",Most people agree.,มากที่สุด
much,High-Frequency / Core,,Everyday Verbs & Function Words,1,4,No,,A large amount.,ปริมาณสูง ใช้กับสิ่งที่นับไม่ได้ เช่นน้ำ,"""Much"" is used with uncountable things like ""much water"".","""Much"" ใช้กับสิ่งที่นับไม่ได้ เช่น ""much water""",How much does it cost?,มาก
need,High-Frequency / Core,,Everyday Verbs & Function Words,1,4,No,,Require something important.,จำเป็นต้องมี,"'Need' is stronger than 'want' — it suggests necessity, not desire.","""Need"" หนักแน่นกว่า ""want"" เพราะสื่อถึงความจำเป็น ไม่ใช่แค่ความอยาก",I need a new charger.,ต้องการ
never,High-Frequency / Core,,Everyday Verbs & Function Words,1,5,No,,Not ever.,ไม่เกิดขึ้นเลยไม่ว่าเมื่อไร,"""Never"" is the strongest way to say something does not happen at any time.","""Never"" เป็นวิธีที่หนักแน่นที่สุดในการบอกว่าบางสิ่งไม่เกิดขึ้นเลยไม่ว่าเมื่อไร",I never eat durian.,ไม่เคย
new,High-Frequency / Core,,Everyday Verbs & Function Words,1,3,No,,Not old or recently made.,เพิ่งทำขึ้นหรือยังไม่เก่า,"""New"" and ""now"" come from the same ancient root.","""New"" กับ ""now"" มาจากรากศัพท์โบราณเดียวกัน",She bought a new phone.,ใหม่
next,High-Frequency / Core,,Everyday Verbs & Function Words,1,4,No,,Following immediately.,ตามมาทันที,"""Next"" is very useful for talking about future plans.","""Next"" มีประโยชน์มากในการพูดถึงแผนในอนาคต",See you next week.,ถัดไป
now,High-Frequency / Core,,Everyday Verbs & Function Words,1,3,No,,At this moment.,ในขณะนี้ เวลาปัจจุบัน,"""Now"" is one of the most frequently spoken words in everyday conversation.","""Now"" เป็นคำที่ถูกพูดบ่อยที่สุดคำหนึ่งในการสนทนาประจำวัน",Let's start now.,ตอนนี้
often,High-Frequency / Core,,Everyday Verbs & Function Words,1,5,No,,Many times.,เกิดขึ้นหลายครั้งเป็นประจำ,"""Often"" is one of the most common frequency adverbs.","""Often"" เป็นคำวิเศษณ์บอกความถี่ที่พบบ่อยที่สุดคำหนึ่ง",We often walk here.,บ่อยๆ
old,High-Frequency / Core,,Everyday Verbs & Function Words,1,3,No,,Having existed for a long time.,มีอยู่มานาน,"""Old"" is related to the word ""elder"" (an older person).","""Old"" เกี่ยวข้องกับคำว่า ""elder"" (ผู้อาวุโส)",This is an old house.,เก่า
only,High-Frequency / Core,,Everyday Verbs & Function Words,1,4,No,,No more than.,ไม่มากไปกว่านี้,"""Only"" is important for limiting or emphasizing.","""Only"" สำคัญมากในการจำกัดขอบเขตหรือเน้นย้ำ",I have only one left.,เท่านั้น
open,High-Frequency / Core,,Everyday Verbs & Function Words,1,4,No,,Make something not closed.,ทำให้ไม่ปิด,'Open' works as a verb and an adjective without changing form.,"""Open"" ใช้ได้ทั้งเป็นกริยาและคำคุณศัพท์โดยไม่ต้องเปลี่ยนรูป","Open the window, please.",เปิด
other,High-Frequency / Core,,Everyday Verbs & Function Words,1,5,No,,Different or additional.,แตกต่างหรือเพิ่มเติม,"""Other"" helps when comparing or adding things.","""Other"" ช่วยเวลาเปรียบเทียบหรือเพิ่มสิ่งของ",Try the other door.,อื่น
play,High-Frequency / Core,Sports & Games,Everyday Verbs & Function Words,1,4,No,,Take part in a game or make music.,ทำกิจกรรมสนุกๆ หรือเล่นดนตรี,"English uses 'play' for games, instruments, and roles in a film.","ภาษาอังกฤษใช้ ""play"" กับทั้งเกม เครื่องดนตรี และบทบาทในภาพยนตร์",Children play in the park.,เล่น
put,High-Frequency / Core,,Everyday Verbs & Function Words,1,3,No,,Place something somewhere.,นำบางสิ่งไปไว้ที่ใดที่หนึ่ง,"'Put' never changes form in the past tense — put, put, put.","""Put"" ไม่เปลี่ยนรูปเลยในอดีต คือ put, put, put",Put the keys on the table.,วาง
read,High-Frequency / Core,Education,Everyday Verbs & Function Words,1,4,No,,Look at and understand writing.,มองตัวหนังสือแล้วเข้าใจความหมาย,Present and past 'read' are spelled the same but sound different.,รูปปัจจุบันและอดีตของ read สะกดเหมือนกันแต่ออกเสียงต่างกัน,I read before bed.,อ่าน
remember,High-Frequency / Core,Education,Everyday Verbs & Function Words,1,8,No,,Keep something in your mind.,เก็บบางสิ่งไว้ในใจ,Its Latin root means 'to be mindful again'.,"รากศัพท์ละตินของมันแปลว่า ""ระลึกถึงอีกครั้ง""",Remember to lock the door.,จำได้
run,High-Frequency / Core,Sports & Games,Everyday Verbs & Function Words,1,3,No,,Move quickly on foot.,เคลื่อนที่ด้วยเท้าอย่างรวดเร็ว,'Run' has the most listed meanings of any English verb.,"""Run"" เป็นกริยาที่มีความหมายในพจนานุกรมมากที่สุดในภาษาอังกฤษ",She runs every morning.,วิ่ง
same,High-Frequency / Core,,Everyday Verbs & Function Words,1,4,No,,Not different.,ไม่ต่างกัน,"""Same"" is one of the most useful words for describing similarity.","""Same"" เป็นคำที่มีประโยชน์ที่สุดคำหนึ่งในการบรรยายความคล้ายคลึง",We wore the same shirt.,เหมือนกัน
say,High-Frequency / Core,,Everyday Verbs & Function Words,1,3,No,,Speak words.,เปล่งคำออกมา,'Say' reports words directly; 'tell' needs a listener.,"""Say"" ใช้รายงานคำพูดโดยตรง ส่วน ""tell"" ต้องมีผู้ฟัง",Say it one more time.,พูด
see,High-Frequency / Core,,Everyday Verbs & Function Words,1,3,No,,Look at or understand.,รับภาพด้วยดวงตา หรือแปลว่าเข้าใจแล้ว,"""See"" is used for both physical sight and understanding (""I see what you mean"").","""See"" ใช้ได้ทั้งการมองเห็นทางกายภาพและความเข้าใจ เช่น ""I see what you mean""",I see a bird outside.,เห็น
short,High-Frequency / Core,,Everyday Verbs & Function Words,1,5,No,,Small in length or height.,ความยาวหรือความสูงน้อย,"'Short' can describe time, height, or even a rude manner.","""Short"" ใช้บรรยายได้ทั้งเวลา ความสูง หรือแม้แต่กิริยาห้วนๆ",Take the short route.,สั้น
sleep,High-Frequency / Core,Health & Body,Everyday Verbs & Function Words,1,5,No,,Rest with your eyes closed.,พักผ่อนโดยหลับตาและไม่รู้สึกตัว,'Sleep' is one of the oldest unchanged words in English.,"""Sleep"" เป็นคำที่ไม่เคยเปลี่ยนรูปที่เก่าแก่ที่สุดคำหนึ่งในภาษาอังกฤษ",I sleep eight hours a night.,นอน
small,High-Frequency / Core,,Everyday Verbs & Function Words,1,5,No,,Little in size.,มีขนาดน้อย ไม่ใหญ่,"'Small' and 'little' overlap, but 'little' can add affection.","""Small"" กับ ""little"" ใช้แทนกันได้บ้าง แต่ ""little"" แฝงความเอ็นดู",I only need a small piece.,เล็ก
some,High-Frequency / Core,,Everyday Verbs & Function Words,1,4,No,,A part or certain amount.,ส่วนหนึ่งหรือจำนวนหนึ่ง,"""Some"" is very useful because it is less exact than numbers.","""Some"" มีประโยชน์มากเพราะไม่เจาะจงเท่าตัวเลข",Have some rice.,บาง
sometimes,High-Frequency / Core,,Everyday Verbs & Function Words,1,9,No,,Not always.,เกิดขึ้นเป็นบางครั้ง ไม่ใช่ทุกครั้ง,"""Sometimes"" is very useful for describing things that happen occasionally.","""Sometimes"" มีประโยชน์มากในการบรรยายสิ่งที่เกิดขึ้นเป็นครั้งคราว",Sometimes I cook at home.,บางครั้ง
start,High-Frequency / Core,,Everyday Verbs & Function Words,1,5,No,,Begin something.,ลงมือทำบางสิ่ง,"'Start' and 'begin' are near twins, but 'start' works for engines too.","""Start"" กับ ""begin"" คล้ายกันมาก แต่ ""start"" ใช้กับการสตาร์ทเครื่องยนต์ได้ด้วย",Let's start the meeting.,เริ่ม
still,High-Frequency / Core,,Everyday Verbs & Function Words,1,5,No,,Continuing up to now.,ดำเนินต่อมาจนถึงตอนนี้,"""Still"" is very useful for talking about things that continue.","""Still"" มีประโยชน์มากในการพูดถึงสิ่งที่ยังดำเนินอยู่",She is still working.,ยังคง
stop,High-Frequency / Core,,Everyday Verbs & Function Words,1,4,No,,End movement or action.,ยุติการเคลื่อนไหวหรือการกระทำ,"'Stop' is one of the most recognised English words worldwide, thanks to road signs.","""Stop"" เป็นคำภาษาอังกฤษที่คนทั่วโลกรู้จักมากที่สุดคำหนึ่ง ต้องขอบคุณป้ายจราจร",Please stop talking.,หยุด
take,High-Frequency / Core,,Everyday Verbs & Function Words,1,4,No,,Get hold of or carry away.,หยิบหรือนำไป,'Take' has more dictionary meanings than almost any other English verb.,"""Take"" มีความหมายในพจนานุกรมมากกว่ากริยาเกือบทุกคำในภาษาอังกฤษ",Take an umbrella with you.,เอา
tell,High-Frequency / Core,,Everyday Verbs & Function Words,1,4,No,,Give information to someone.,ให้ข้อมูลแก่ใครบางคน,"You tell someone something, but you say something to someone.",เราใช้ tell someone something แต่ใช้ say something to someone,Tell me the truth.,บอก
that,High-Frequency / Core,,Everyday Verbs & Function Words,1,4,No,,Something farther away.,สิ่งที่อยู่ไกลออกไป,"""That"" is used for things that are not close.","""That"" ใช้กับสิ่งที่อยู่ไม่ใกล้ตัว",That was delicious.,นั้น
there,High-Frequency / Core,,Everyday Verbs & Function Words,1,5,No,,In that place.,ในสถานที่นั้น,"""There"" is often used to introduce new information.","""There"" มักใช้เพื่อเกริ่นนำข้อมูลใหม่",The shop is over there.,ที่นั่น
these,High-Frequency / Core,,Everyday Verbs & Function Words,1,5,No,,"Plural of ""this"".",พหูพจน์ของ this,"""These"" is the plural form used for multiple things that are close.","""These"" คือรูปพหูพจน์สำหรับหลายสิ่งที่อยู่ใกล้ตัว",These shoes are new.,เหล่านี้
think,High-Frequency / Core,Education,Everyday Verbs & Function Words,1,5,No,,Use your mind to consider.,ใช้ความคิดพิจารณา,English uses 'I think' constantly to soften opinions politely.,"คนอังกฤษใช้ ""I think"" ตลอดเวลาเพื่อทำให้ความเห็นฟังดูสุภาพขึ้น",I think it will rain.,คิด
this,High-Frequency / Core,,Everyday Verbs & Function Words,1,4,No,,Something close.,สิ่งที่อยู่ใกล้,"""This"" helps speakers point out things that are near them.","""This"" ช่วยให้ผู้พูดชี้ถึงสิ่งที่อยู่ใกล้ตัว",This is my seat.,นี้
those,High-Frequency / Core,,Everyday Verbs & Function Words,1,5,No,,"Plural of ""that"".",พหูพจน์ของ that,"""Those"" is the plural form used for multiple things that are farther away.","""Those"" คือรูปพหูพจน์สำหรับหลายสิ่งที่อยู่ไกลออกไป",Those birds are loud.,เหล่านั้น
time,High-Frequency / Core,,Everyday Verbs & Function Words,1,4,No,,"The measure of hours, minutes, and days.",หน่วยวัดชั่วโมง นาที และวัน,"""Time"" is the most common noun in English. The question ""What time is it?"" is one of the most frequently asked questions in the world.","""Time"" เป็นคำนามที่พบบ่อยที่สุดในภาษาอังกฤษ คำถาม ""What time is it?"" เป็นคำถามที่คนทั่วโลกถามบ่อยที่สุดคำถามหนึ่ง",What time is it?,เวลา
too,High-Frequency / Core,,Everyday Verbs & Function Words,1,3,No,,More than is good.,มากเกินพอดี หรือแปลว่าด้วยเช่นกัน,"""Too"" can mean ""also"" or ""excessive"" depending on the sentence.","""Too"" หมายถึง ""ด้วย"" หรือ ""มากเกินไป"" ขึ้นอยู่กับประโยค",This bag is too heavy.,เกินไป
try,High-Frequency / Core,,Everyday Verbs & Function Words,1,3,No,,Make an attempt.,ลงมือทำดูเพื่อให้รู้ผล,'Try' comes from an old word meaning to separate good from bad.,"""Try"" มาจากคำโบราณที่แปลว่าการแยกของดีออกจากของเสีย",Try the soup first.,พยายาม
understand,High-Frequency / Core,Education,Everyday Verbs & Function Words,1,10,No,,Know the meaning of something.,รู้ความหมายของบางสิ่ง,"It literally combines 'under' and 'stand', though nobody is sure why.","คำนี้ประกอบจาก ""under"" กับ ""stand"" แต่ไม่มีใครรู้แน่ชัดว่าทำไม",I understand the question now.,เข้าใจ
use,High-Frequency / Core,,Everyday Verbs & Function Words,1,3,No,,Employ something for a purpose.,นำบางสิ่งมาใช้ตามจุดประสงค์,The noun and verb are spelled the same but pronounced differently.,คำนามและกริยาของ use สะกดเหมือนกันแต่ออกเสียงต่างกัน,Use this pen instead.,ใช้
very,High-Frequency / Core,,Everyday Verbs & Function Words,1,4,No,,To a high degree.,ในระดับสูง,"""Very"" is one of the most overused words in spoken English.","""Very"" เป็นคำที่ถูกใช้จนเฝือที่สุดคำหนึ่งในภาษาพูด",It is very hot today.,มาก
wait,High-Frequency / Core,,Everyday Verbs & Function Words,1,4,No,,Stay until something happens.,อยู่จนกว่าบางสิ่งจะเกิดขึ้น,"'Wait for' someone, but 'await' someone — a common learner trap.",ใช้ wait for someone แต่ใช้ await someone เป็นกับดักที่ผู้เรียนพลาดบ่อย,Wait for me here.,รอ
walk,High-Frequency / Core,,Everyday Verbs & Function Words,1,4,No,,Move on foot.,เคลื่อนที่ไปข้างหน้าด้วยเท้าอย่างไม่รีบ,"'Walk' once meant to roll or toss, and slowly shifted meaning.","""Walk"" เคยแปลว่ากลิ้งหรือโยน แล้วค่อยๆ เปลี่ยนความหมายมา",Let's walk to the market.,เดิน
want,High-Frequency / Core,,Everyday Verbs & Function Words,1,4,No,,Wish to have something.,ปรารถนาจะมีบางสิ่ง,"'Want' originally meant to lack something, which is why 'wanting' can mean missing.","เดิมที ""want"" แปลว่าขาดบางสิ่ง จึงเป็นเหตุผลว่าทำไม ""wanting"" หมายถึงการขาดหายได้",Do you want some tea?,อยากได้
will,High-Frequency / Core,,Everyday Verbs & Function Words,1,4,No,,Future or determination.,อนาคตหรือความตั้งใจ,"""Will"" originally meant ""to want"" or ""to desire"" in Old English. That's why we say ""I will"" when we make a firm decision.","เดิมที ""will"" แปลว่า ""ต้องการ"" หรือ ""ปรารถนา"" ในภาษาอังกฤษเก่า จึงเป็นเหตุผลว่าทำไมเราพูด ""I will"" เมื่อตัดสินใจแน่วแน่",I will call you later.,จะ
with,High-Frequency / Core,,Everyday Verbs & Function Words,1,4,No,,Together with someone or something.,อยู่ร่วมกับคนหรือสิ่งใด,"""With"" shows connection or company and is extremely common.","""With"" แสดงความเชื่อมโยงหรือการอยู่ร่วมกัน และพบบ่อยมาก",Come with me.,กับ
work,High-Frequency / Core,Jobs & Work,Everyday Verbs & Function Words,1,4,No,,Do a job or activity.,ทำกิจกรรมที่เป็นหน้าที่หรืออาชีพ,"'Work' once meant any deed or action, not just a paid job.","เดิมที ""work"" หมายถึงการกระทำใดก็ได้ ไม่จำเป็นต้องเป็นงานที่ได้เงิน",I work from home on Fridays.,ทำงาน
would,High-Frequency / Core,,Everyday Verbs & Function Words,1,5,No,,Polite or hypothetical.,สุภาพหรือสมมติ,"""Would"" is very common in polite requests (""Would you like...?"") and in imaginary situations.","""Would"" พบบ่อยมากในคำขอที่สุภาพ เช่น ""Would you like...?"" และในสถานการณ์สมมติ",I would like some water.,คงจะ
write,High-Frequency / Core,Education,Everyday Verbs & Function Words,1,5,No,,Put words on paper or screen.,ใช้ปากกาหรือแป้นพิมพ์บันทึกคำลงไป,'Write' originally meant to scratch or carve.,"เดิมที ""write"" แปลว่าการขูดหรือแกะสลัก",Write your name here.,เขียน
year,High-Frequency / Core,,Everyday Verbs & Function Words,1,4,No,,12 months.,ระยะเวลา 12 เดือน,"""Year"" is related to the word ""hour"" in ancient roots.","""Year"" มีรากศัพท์โบราณเกี่ยวข้องกับคำว่า ""hour"" (ชั่วโมง)",Last year was busy.,ปี
at,High-Frequency / Core,,Starter Pack,1,2,Yes,,Specific location or time.,บอกตำแหน่งหรือเวลาที่เจาะจง,"""At"" is used for exact times and places (""at school"", ""at 3 o'clock"").","""At"" ใช้กับเวลาและสถานที่ที่เจาะจง เช่น ""at school"", ""at 3 o'clock""",I am at the door.,ที่
do,High-Frequency / Core,,Starter Pack,1,2,Yes,,Perform an action.,กระทำสิ่งใดสิ่งหนึ่ง,"""Do"" is used as a helper verb in questions and negatives, which is unusual compared to many other languages.","""Do"" ใช้เป็นกริยาช่วยในประโยคคำถามและปฏิเสธ ซึ่งต่างจากภาษาอื่นๆ หลายภาษา",Do your homework now.,ทำ
go,High-Frequency / Core,,Starter Pack,1,2,Yes,,Move to a place.,เคลื่อนที่ไปยังที่หนึ่ง,"""Go"" is one of the most common action verbs and is used in hundreds of phrases.","""Go"" เป็นกริยาแสดงการกระทำที่พบบ่อยที่สุดคำหนึ่ง และใช้ในสำนวนนับร้อย",Let's go home.,ไป
if,High-Frequency / Core,,Starter Pack,1,2,Yes,,Condition.,ใช้พูดถึงเงื่อนไขที่อาจเกิดขึ้น,"""If"" is one of the most important words for talking about possibilities and conditions.","""If"" เป็นคำสำคัญที่สุดคำหนึ่งสำหรับพูดถึงความเป็นไปได้และเงื่อนไข",Call me if you need help.,ถ้า
in,High-Frequency / Core,,Starter Pack,1,2,Yes,,Inside something.,อยู่ข้างในสิ่งใดสิ่งหนึ่ง,"""In"" is used in hundreds of common phrases and is one of the most useful small words.","""In"" ใช้ในวลีทั่วไปนับร้อย และเป็นคำสั้นที่มีประโยชน์ที่สุดคำหนึ่ง",She is in the kitchen.,ใน
of,High-Frequency / Core,,Starter Pack,1,2,Yes,,Belonging or part of.,แสดงความเป็นเจ้าของหรือส่วนหนึ่ง,"""Of"" is the second most common word in English after ""the"". It shows relationship or belonging.","""Of"" เป็นคำที่ใช้บ่อยที่สุดอันดับสองในภาษาอังกฤษรองจาก ""the"" ใช้แสดงความสัมพันธ์หรือความเป็นเจ้าของ","A cup of tea, please.",ของ
on,High-Frequency / Core,,Starter Pack,1,2,Yes,,On top of something.,อยู่บนพื้นผิวของบางสิ่ง,"""On"" is used for surfaces, days of the week, and many idiomatic expressions.","""On"" ใช้กับพื้นผิว วันในสัปดาห์ และสำนวนอีกมากมาย",The book is on the table.,บน
or,High-Frequency / Core,,Starter Pack,1,2,Yes,,Used to show choice.,ใช้แสดงตัวเลือก,"""Or"" is essential for making decisions and is one of the most common connecting words.","""Or"" จำเป็นมากในการตัดสินใจ และเป็นคำเชื่อมที่พบบ่อยที่สุดคำหนึ่ง",Tea or coffee?,หรือ
so,High-Frequency / Core,,Starter Pack,1,2,Yes,,Very or therefore.,ด้วยเหตุนั้น หรือใช้เน้นว่ามากเป็นพิเศษ,"""So"" is extremely common in casual conversation.","""So"" พบได้บ่อยมากในบทสนทนาแบบไม่เป็นทางการ","It rained, so we stayed inside.",ดังนั้น
to,High-Frequency / Core,,Starter Pack,1,2,Yes,,Direction or purpose.,ทิศทางหรือจุดประสงค์,"""To"" is one of the most useful small words in English and appears in thousands of phrases.","""To"" เป็นคำสั้นที่มีประโยชน์ที่สุดคำหนึ่งในภาษาอังกฤษ และปรากฏในวลีนับพัน",I walked to the shop.,ไปยัง
bean,Vegetables,,Everyday,1,4,No,,A seed from a pod plant.,เมล็ดจากพืชตระกูลถั่วที่อยู่ในฝัก,Beans are one of the oldest cultivated plants. They are a major source of protein in many diets.,ถั่วเป็นพืชที่มนุษย์ปลูกมาเก่าแก่ที่สุดชนิดหนึ่ง และเป็นแหล่งโปรตีนสำคัญในหลายวัฒนธรรมอาหาร,Beans are full of protein.,ถั่ว
bean sprout,Vegetables,,Everyday,1,10,No,,A young sprout from mung beans.,ต้นอ่อนที่งอกจากถั่วเขียว,Bean sprouts are very nutritious and are a common ingredient in Asian stir-fries and salads.,ถั่วงอกมีคุณค่าทางอาหารสูง และเป็นส่วนประกอบทั่วไปในอาหารผัดและสลัดแบบเอเชีย,Add bean sprouts just before serving.,ถั่วงอก
bitter gourd,Vegetables,,Everyday,1,11,No,,A bumpy green vegetable with a bitter taste.,ผักสีเขียวผิวขรุขระที่มีรสขม,It is eaten across Asia for its supposed health benefits despite the taste.,คนเอเชียกินมะระเพราะเชื่อว่ามีประโยชน์ต่อสุขภาพ แม้จะมีรสขม,Bitter gourd is an acquired taste.,มะระ
broccoli,Vegetables,,Everyday,1,8,No,,A green vegetable with a tree-like head.,ผักสีเขียวที่มีหัวคล้ายต้นไม้,Broccoli is a man-made vegetable developed from wild cabbage. It is one of the healthiest vegetables you can eat.,บรอกโคลีเป็นผักที่มนุษย์พัฒนาขึ้นจากกะหล่ำป่า และเป็นผักที่ดีต่อสุขภาพที่สุดชนิดหนึ่ง,Steam the broccoli for three minutes.,บรอกโคลี
cabbage,Vegetables,,Everyday,1,7,No,,A round leafy vegetable.,ผักใบทรงกลม,Cabbage is one of the oldest cultivated vegetables. It is the main ingredient in kimchi and sauerkraut.,กะหล่ำปลีเป็นผักที่ปลูกมาเก่าแก่ที่สุดชนิดหนึ่ง และเป็นวัตถุดิบหลักของกิมจิและซาวเคราท์,Shredded cabbage goes in the slaw.,กะหล่ำปลี
carrot,Vegetables,,Everyday,1,6,No,,A long orange root vegetable.,ผักรากยาวสีส้ม,Carrots were originally purple. The orange ones were developed in the Netherlands to honor their royal family — the House of Orange.,เดิมทีแครอทมีสีม่วง พันธุ์สีส้มถูกพัฒนาขึ้นในเนเธอร์แลนด์เพื่อเป็นเกียรติแก่ราชวงศ์ออเรนจ์,Rabbits are not the only carrot fans.,แครอท
cauliflower,Vegetables,,Everyday,1,11,No,,A white vegetable similar to broccoli.,ผักสีขาวที่คล้ายบรอกโคลี,"Cauliflower can also be purple, green, or orange. It is very versatile in cooking.",กะหล่ำดอกมีทั้งสีม่วง เขียว และส้มด้วย และนำไปปรุงได้หลากหลายมาก,Cauliflower can replace rice.,กะหล่ำดอก
celery,Vegetables,,Everyday,1,6,No,,A crisp green vegetable with long stalks.,ผักสีเขียวกรอบที่มีก้านยาว,Celery was originally used as medicine before it became a food. It is very low in calories.,เดิมทีขึ้นฉ่ายถูกใช้เป็นยาก่อนจะกลายมาเป็นอาหาร และมีแคลอรีต่ำมาก,Celery sticks with peanut butter.,ขึ้นฉ่าย
chili,Vegetables,,Everyday,1,5,No,,A small hot pepper.,ลูกเล็กรสเผ็ด,Chili peppers were brought to Asia by Portuguese traders. They are now essential in Thai and Indian cooking.,พ่อค้าชาวโปรตุเกสนำพริกเข้ามาในเอเชีย ปัจจุบันพริกเป็นวัตถุดิบสำคัญในอาหารไทยและอินเดีย,This chili is extremely hot.,พริก
chive,Vegetables,,Everyday,1,5,No,,A thin green herb related to onion.,สมุนไพรสีเขียวก้านเล็กที่เป็นญาติกับหอมหัวใหญ่,Chives are the smallest edible member of the onion family.,กุยช่ายเป็นสมาชิกที่เล็กที่สุดในตระกูลหอมที่กินได้,Chives give a gentle onion flavour.,กุยช่าย
corn,Vegetables,,Everyday,1,4,No,,A tall plant with yellow kernels.,พืชต้นสูงที่มีเมล็ดสีเหลือง,"Corn is one of the most important crops in the world. It was first domesticated in Mexico over 9,000 years ago.","ข้าวโพดเป็นพืชสำคัญที่สุดชนิดหนึ่งของโลก ถูกนำมาปลูกครั้งแรกในเม็กซิโกเมื่อกว่า 9,000 ปีก่อน",Grilled corn is a street snack.,ข้าวโพด
cucumber,Vegetables,,Everyday,1,8,No,,A long green vegetable with watery flesh.,ผักลูกยาวสีเขียวเนื้อฉ่ำน้ำ,Cucumbers are 95% water. They are technically a fruit but almost always used as a vegetable.,แตงกวามีน้ำถึง 95% ทางพฤกษศาสตร์มันคือผลไม้ แต่เกือบทุกครั้งถูกใช้เป็นผัก,Cucumber slices cool the mouth.,แตงกวา
eggplant,Vegetables,,Everyday,1,8,No,,A purple vegetable with spongy flesh.,ผักสีม่วงเนื้อนุ่มคล้ายฟองน้ำ,Eggplant is also called aubergine. It is native to India and is used in many cuisines around the world.,มะเขือมีอีกชื่อว่า aubergine มีถิ่นกำเนิดในอินเดียและใช้ในอาหารทั่วโลก,Grilled eggplant is soft and smoky.,มะเขือ
garlic,Vegetables,,Everyday,1,6,No,,A strong-flavored bulb used in cooking.,หัวพืชกลิ่นแรงที่ใช้ปรุงอาหาร,Garlic has been used for both food and medicine for thousands of years. It was even found in King Tut's tomb.,มนุษย์ใช้กระเทียมทั้งเป็นอาหารและยามานับพันปี และเคยพบในสุสานฟาโรห์ตุตันคามุนด้วย,Fry the garlic until golden.,กระเทียม
ginger,Vegetables,,Everyday,1,6,No,,A spicy root used in cooking.,รากพืชรสเผ็ดร้อนที่ใช้ปรุงอาหาร,"Ginger has been used for both cooking and medicine for over 4,000 years.","ขิงถูกใช้ทั้งในการปรุงอาหารและเป็นยามากว่า 4,000 ปี",Ginger tea helps a sore throat.,ขิง
gourd,Vegetables,,Everyday,1,5,No,,A hard-skinned vegetable of the melon family.,ผักเปลือกแข็งในตระกูลเดียวกับแตง,Dried gourds have been used as bottles and instruments for thousands of years.,น้ำเต้าตากแห้งถูกใช้เป็นขวดและเครื่องดนตรีมานับพันปี,This gourd is used in soup.,น้ำเต้า
kale,Vegetables,,Everyday,1,4,No,,A leafy green vegetable.,ผักใบเขียว,"Kale is one of the oldest vegetables in the cabbage family. It has become very popular as a ""superfood"" in recent years.","คะน้าใบหยิกเป็นผักที่เก่าแก่ที่สุดชนิดหนึ่งในตระกูลกะหล่ำ และได้รับความนิยมอย่างมากในฐานะ ""ซูเปอร์ฟู้ด"" ในช่วงหลัง",Kale chips are crispy and salty.,คะน้าใบหยิก
leek,Vegetables,,Everyday,1,4,No,,A long vegetable with a mild onion flavor.,ผักก้านยาวที่มีกลิ่นหอมอ่อนคล้ายหอมหัวใหญ่,"Leeks are the national emblem of Wales. They have been cultivated for over 4,000 years.","กระเทียมต้นเป็นสัญลักษณ์ประจำชาติเวลส์ และถูกปลูกมากว่า 4,000 ปี",Leek soup is warm and mild.,กระเทียมต้น
lettuce,Vegetables,,Everyday,1,7,No,,A leafy green vegetable used in salads.,ผักใบเขียวที่ใช้ทำสลัด,"Lettuce has been cultivated for over 6,000 years. It was considered a sacred plant in ancient Egypt.","ผักกาดหอมถูกปลูกมากว่า 6,000 ปี และเคยถือเป็นพืชศักดิ์สิทธิ์ในอียิปต์โบราณ",Wash the lettuce before serving.,ผักกาดหอม
mushroom,Vegetables,,Everyday,1,8,No,,A fungus used as a vegetable.,ราที่ใช้เป็นผัก,Mushrooms are not plants. They are fungi and have been eaten for thousands of years.,เห็ดไม่ใช่พืช แต่เป็นฟังไจ และมนุษย์กินเห็ดมานับพันปี,Fried mushroom smells wonderful.,เห็ด
okra,Vegetables,,Everyday,1,4,No,,A green pod vegetable.,ผักฝักสีเขียว,Okra is also called lady's finger. It is used to thicken soups and stews in many cuisines.,กระเจี๊ยบเขียวมีอีกชื่อว่า lady's finger ใช้ทำให้ซุปและสตูข้นในหลายวัฒนธรรมอาหาร,Okra becomes slippery when cooked.,กระเจี๊ยบเขียว
onion,Vegetables,,Everyday,1,5,No,,A round vegetable with layers and strong flavor.,ผักหัวกลมที่มีชั้นซ้อนกันและกลิ่นแรง,"Onions make people cry because they release a chemical that irritates the eyes. They have been cultivated for over 5,000 years.","หอมใหญ่ทำให้คนน้ำตาไหลเพราะปล่อยสารเคมีที่ระคายเคืองตา และถูกปลูกมากว่า 5,000 ปี",Chopping onion made me cry.,หัวหอม
parsnip,Vegetables,,Everyday,1,7,No,,A sweet pale root like a carrot.,รากพืชสีซีดรสหวานคล้ายแครอท,Parsnips were used as a sweetener in Europe before sugar was common.,ในยุโรปเคยใช้พาร์สนิปเป็นสารให้ความหวานก่อนที่น้ำตาลจะแพร่หลาย,Roast parsnips turn golden and sweet.,พาร์สนิป
pea,Vegetables,,Everyday,1,3,No,,A small round green seed.,เมล็ดกลมเล็กสีเขียว,Peas are one of the first vegetables mentioned in history. They were eaten in ancient Egypt and China.,ถั่วลันเตาเป็นผักชนิดแรกๆ ที่ถูกบันทึกในประวัติศาสตร์ และถูกกินในอียิปต์และจีนโบราณ,Add frozen peas at the end.,ถั่วลันเตา
pepper,Vegetables,,Everyday,1,6,No,,"A vegetable that can be green, red, or yellow.",ผักที่มีทั้งสีเขียว แดง และเหลือง,Bell peppers are very high in vitamin C. They were brought to Europe by Christopher Columbus.,พริกหวานมีวิตามินซีสูงมาก และถูกนำเข้าสู่ยุโรปโดยคริสโตเฟอร์ โคลัมบัส,Add salt and pepper to taste.,พริกไทย
potato,Vegetables,,Everyday,1,6,No,,A starchy root vegetable.,ผักหัวที่มีแป้งมาก,Potatoes originated in the Andes. They are so important that the Irish Potato Famine changed the course of history.,มันฝรั่งมีถิ่นกำเนิดในเทือกเขาแอนดีส และสำคัญมากจนเหตุการณ์ทุพภิกขภัยมันฝรั่งในไอร์แลนด์เปลี่ยนหน้าประวัติศาสตร์,Mashed potato is comfort food.,มันฝรั่ง
pumpkin,Vegetables,,Everyday,1,7,No,,A large orange gourd.,ฟักลูกใหญ่สีส้ม,Pumpkins are native to North America. They are used for both food and Halloween decoration.,ฟักทองมีถิ่นกำเนิดในอเมริกาเหนือ ใช้ทั้งเป็นอาหารและของประดับวันฮาโลวีน,Pumpkin soup is thick and orange.,ฟักทอง
radish,Vegetables,,Everyday,1,6,No,,A small root vegetable with a spicy taste.,ผักรากลูกเล็กที่มีรสเผ็ดซ่า,Radishes are one of the fastest-growing vegetables. They can be ready to eat in just a few weeks.,หัวไชเท้าเป็นผักที่โตเร็วที่สุดชนิดหนึ่ง เก็บกินได้ภายในไม่กี่สัปดาห์,Radish adds crunch to the dish.,หัวไชเท้า
shallot,Vegetables,,Everyday,1,7,No,,A small mild onion.,หอมหัวเล็กที่มีกลิ่นอ่อน,The name comes from the ancient city of Ascalon.,ชื่อของมันมาจากเมืองโบราณชื่อแอสคาลอน,Fried shallots top the salad.,หอมแดง
spinach,Vegetables,,Everyday,1,7,No,,A leafy green vegetable.,ผักใบเขียว,Spinach is very high in iron and vitamins. The cartoon Popeye single-handedly made it popular worldwide.,ผักโขมมีธาตุเหล็กและวิตามินสูงมาก การ์ตูนป๊อปอายทำให้มันโด่งดังไปทั่วโลก,Spinach is rich in iron.,ผักโขม
spring onion,Vegetables,,Everyday,1,11,No,,A long thin onion eaten fresh.,หอมต้นเล็กยาวที่กินสด,"Also called scallion or green onion, depending on the country.",บางประเทศเรียกว่า scallion บางที่เรียก green onion,Sprinkle spring onion over the soup.,ต้นหอม
squash,Vegetables,,Everyday,1,6,No,,A family of soft-fleshed gourds.,กลุ่มพืชตระกูลฟักที่มีเนื้อนุ่ม,"In Britain 'squash' also means a fruit drink, which confuses recipes.",ในอังกฤษคำว่า squash ยังหมายถึงเครื่องดื่มผลไม้ด้วย ซึ่งทำให้สูตรอาหารสับสนได้,Butternut squash makes creamy soup.,ฟักทองชนิดหนึ่ง
sweet potato,Vegetables,,Everyday,1,11,No,,A sweet orange root vegetable.,ผักหัวสีส้มรสหวาน,Sweet potatoes are not related to regular potatoes. They are one of the oldest cultivated vegetables in the Americas.,มันเทศไม่ได้เป็นญาติกับมันฝรั่ง และเป็นผักที่ปลูกมาเก่าแก่ที่สุดชนิดหนึ่งในทวีปอเมริกา,Roasted sweet potato is naturally sweet.,มันเทศ
taro,Vegetables,,Everyday,1,4,No,,A starchy root vegetable with purple spots.,ผักหัวที่มีแป้งมากและมีจุดสีม่วง,Taro is one of the oldest cultivated crops in the world. It is a staple in many Pacific islands.,เผือกเป็นพืชที่ปลูกมาเก่าแก่ที่สุดชนิดหนึ่งของโลก และเป็นอาหารหลักในหมู่เกาะแปซิฟิก,Taro milk tea is purple.,เผือก
tomato,Vegetables,,Everyday,1,6,No,,A round red fruit used as a vegetable.,ผลไม้ทรงกลมสีแดงที่ใช้เป็นผัก,"Tomatoes were once thought to be poisonous in Europe. Now they are one of the most eaten ""vegetables"" in the world.","ครั้งหนึ่งชาวยุโรปเคยเชื่อว่ามะเขือเทศมีพิษ ปัจจุบันมันเป็น ""ผัก"" ที่คนกินมากที่สุดชนิดหนึ่งในโลก",Slice the tomato for the salad.,มะเขือเทศ
turnip,Vegetables,,Everyday,1,6,No,,A round white root vegetable.,ผักรากทรงกลมสีขาว,Turnips were carved into lanterns long before pumpkins were.,คนเคยแกะหัวผักกาดทำโคมไฟมาก่อนที่จะใช้ฟักทองเสียอีก,Turnip adds body to the stew.,หัวผักกาด
water spinach,Vegetables,,Everyday,1,12,No,,A leafy green vegetable that grows in water.,ผักใบเขียวที่ขึ้นในน้ำ,Water spinach is also called kangkong. It is a very popular and fast-growing vegetable in Southeast Asia.,ผักบุ้งมีอีกชื่อว่า kangkong เป็นผักที่นิยมมากและโตเร็วในเอเชียตะวันออกเฉียงใต้,Stir-fried water spinach is a Thai favourite.,ผักบุ้ง
yam,Vegetables,,Everyday,1,3,No,,A starchy root vegetable.,ผักหัวที่มีแป้งมาก,Yams are not the same as sweet potatoes. True yams are much larger and are a staple in Africa.,มันไม่ใช่ชนิดเดียวกับมันเทศ มันแท้ๆ มีขนาดใหญ่กว่ามากและเป็นอาหารหลักในแอฟริกา,Yam is a starchy root vegetable.,มัน
zucchini,Vegetables,,Everyday,1,8,No,,A long green vegetable.,ผักลูกยาวสีเขียว,Zucchini is also called courgette. It is a type of summer squash and grows very quickly.,บวบฝรั่งมีอีกชื่อว่า courgette เป็นฟักฤดูร้อนชนิดหนึ่งและโตเร็วมาก,Grill the zucchini with olive oil.,บวบฝรั่ง
artichoke,Vegetables,,Less Common,1,9,No,,A green vegetable with edible heart and leaves.,ผักสีเขียวที่กินได้ทั้งไส้กลางและกลีบ,Artichokes are actually flower buds. They have been eaten since ancient Roman times and are considered a delicacy.,อาร์ติโชกคือดอกตูม มนุษย์กินมาตั้งแต่สมัยโรมันโบราณและถือเป็นของหรู,You eat an artichoke leaf by leaf.,อาร์ติโชก
arugula,Vegetables,,Less Common,1,7,No,,A peppery salad leaf.,ใบสลัดรสเผ็ดซ่า,It is called rocket in Britain and arugula in America.,อังกฤษเรียกว่า rocket ส่วนอเมริกาเรียกว่า arugula,Arugula peppers up the salad.,อารูกูลา
asparagus,Vegetables,,Less Common,1,9,No,,A green vegetable with spear-like shoots.,ผักสีเขียวที่มีหน่อคล้ายหอก,Asparagus is one of the first vegetables to appear in spring. It can take 2–3 years to produce its first harvest.,หน่อไม้ฝรั่งเป็นผักชนิดแรกๆ ที่ขึ้นในฤดูใบไม้ผลิ และอาจใช้เวลา 2–3 ปีกว่าจะเก็บเกี่ยวครั้งแรกได้,Grilled asparagus with lemon.,หน่อไม้ฝรั่ง
bamboo shoot,Vegetables,,Less Common,1,11,No,,A young shoot of the bamboo plant.,หน่ออ่อนของต้นไผ่,Bamboo shoots are crisp and are a common ingredient in Asian cuisine. They must be cooked to remove natural toxins.,หน่อไม้มีเนื้อกรอบและเป็นวัตถุดิบทั่วไปในอาหารเอเชีย ต้องปรุงสุกเพื่อขจัดสารพิษตามธรรมชาติ,Bamboo shoots must be boiled first.,หน่อไม้
beetroot,Vegetables,,Less Common,1,8,No,,A round red root vegetable.,ผักรากทรงกลมสีแดง,Beetroot is very high in nitrates. It has been used as food and dye for thousands of years.,บีทรูทมีไนเตรตสูงมาก และถูกใช้เป็นทั้งอาหารและสีย้อมมานับพันปี,Beetroot stains everything red.,บีทรูท
bok choy,Vegetables,,Less Common,1,7,No,,A Chinese cabbage with white stalks and green leaves.,ผักกาดจีนที่มีก้านขาวใบเขียว,Bok choy is one of the most popular vegetables in Asian cooking. It is very quick to cook.,ผักกาดขาวเป็นผักที่นิยมที่สุดชนิดหนึ่งในอาหารเอเชีย และสุกเร็วมาก,Bok choy cooks in two minutes.,ผักกาดขาว
brussels sprout,Vegetables,,Less Common,1,14,No,,A small cabbage-like vegetable that grows on a stalk.,ผักลูกเล็กคล้ายกะหล่ำที่ขึ้นตามลำต้น,Brussels sprouts are one of the few vegetables that taste better after a frost. They are named after the city in Belgium.,กะหล่ำดาวเป็นผักไม่กี่ชนิดที่รสชาติดีขึ้นหลังเจอน้ำค้างแข็ง และตั้งชื่อตามเมืองในเบลเยียม,Roasted Brussels sprouts turn crispy.,กะหล่ำดาว
chard,Vegetables,,Less Common,1,5,No,,A leafy green with colourful stems.,ผักใบเขียวที่มีก้านหลากสี,"Rainbow chard stems come in red, yellow, and pink.",ก้านของเรนโบว์ชาร์ดมีทั้งสีแดง เหลือง และชมพู,Sauté the chard with garlic.,ผักชาร์ด
endive,Vegetables,,Less Common,1,6,No,,A slightly bitter leafy vegetable.,ผักใบที่มีรสขมเล็กน้อย,Endive is grown in the dark to keep the leaves pale and mild.,เอนไดฟ์ปลูกในที่มืดเพื่อให้ใบมีสีซีดและรสอ่อน,Endive leaves hold a filling well.,เอนไดฟ์
fennel,Vegetables,,Less Common,1,6,No,,"A vegetable with a bulb, stalks, and feathery leaves.",ผักที่มีหัว ก้าน และใบฝอย,Fennel has a sweet anise (licorice) flavor. It is used in both cooking and traditional medicine.,ผักชีล้อมมีรสหวานคล้ายชะเอม ใช้ทั้งในการปรุงอาหารและยาแผนโบราณ,Fennel tastes faintly of liquorice.,ผักชีล้อม
kohlrabi,Vegetables,,Less Common,1,8,No,,A round stem vegetable like a mild turnip.,ผักลำต้นทรงกลมที่รสอ่อนคล้ายหัวผักกาด,Its name literally means 'cabbage turnip' in German.,"ชื่อของมันในภาษาเยอรมันแปลตรงตัวว่า ""กะหล่ำหัวผักกาด""",Kohlrabi is crunchy when raw.,กะหล่ำปม
lotus root,Vegetables,,Less Common,1,9,No,,A crunchy root with holes when sliced.,รากพืชเนื้อกรอบที่มีรูเมื่อหั่น,Lotus root is often used in Asian soups and stir-fries. The holes make it look like a wheel when sliced.,รากบัวนิยมใช้ในซุปและอาหารผัดของเอเชีย เมื่อหั่นแล้วรูของมันทำให้ดูเหมือนล้อเกวียน,Lotus root has pretty holes inside.,รากบัว
snow pea,Vegetables,,Less Common,1,7,No,,A flat pod with sweet peas inside.,ฝักแบนที่มีเมล็ดถั่วหวานอยู่ข้างใน,"Snow peas are eaten whole, pod and all. They are crisp and sweet.",ถั่วลันเตาหวานกินได้ทั้งฝัก เนื้อกรอบและรสหวาน,Snow peas stay crisp when stir-fried.,ถั่วลันเตาหวาน
sugar snap pea,Vegetables,,Less Common,1,12,No,,A round pod with sweet peas inside.,ฝักอวบที่มีเมล็ดถั่วหวานอยู่ข้างใน,Sugar snap peas are a cross between snow peas and garden peas. They are very crunchy.,ถั่วลันเตาฝักอวบเป็นลูกผสมระหว่างถั่วลันเตาหวานกับถั่วลันเตาธรรมดา เนื้อกรอบมาก,Sugar snap peas are sweet raw.,ถั่วลันเตาฝักอวบ
watercress,Vegetables,,Less Common,1,10,No,,A peppery green that grows in water.,ผักใบรสเผ็ดซ่าที่ขึ้นในน้ำ,Watercress was one of the first plants grown commercially in Europe.,ผักน้ำเป็นพืชชนิดแรกๆ ที่ถูกปลูกเชิงพาณิชย์ในยุโรป,Watercress adds a peppery bite.,ผักน้ำ
winged bean,Vegetables,,Less Common,1,10,No,,A four-edged bean pod eaten in Asia.,ฝักถั่วสี่เหลี่ยมมีปีกที่กินกันในเอเชีย,Almost every part of the winged bean plant is edible.,เกือบทุกส่วนของต้นถั่วพูกินได้,Winged bean salad is popular in Thailand.,ถั่วพู
arm,Body Parts,,Basic & Medical,2,3,No,,The limb from shoulder to hand.,ส่วนตั้งแต่ไหล่ถึงมือ,'Costing an arm and a leg' means very expensive.,สำนวน 'costing an arm and a leg' แปลว่าแพงมาก,She raised her arm to wave.,แขน
back,Body Parts,Directions & Position,Basic & Medical,2,4,No,,The rear side of the body.,ด้านหลังของร่างกาย,'Watch your back' warns of hidden danger.,สำนวน 'watch your back' เตือนให้ระวังอันตรายที่มองไม่เห็น,My back hurts from sitting.,หลัง
blood,Body Parts,Health & Body,Basic & Medical,2,5,No,,The red liquid in your body.,ของเหลวสีแดงในร่างกาย,An adult body holds about five litres of blood.,ร่างกายผู้ใหญ่มีเลือดประมาณห้าลิตร,The nurse took a blood sample.,เลือด
bone,Body Parts,Health & Body,Basic & Medical,2,4,No,,The hard parts inside the body.,ส่วนแข็งภายในร่างกาย,Adults have 206 bones; babies are born with about 300.,ผู้ใหญ่มีกระดูก 206 ชิ้น ส่วนทารกแรกเกิดมีราว 300 ชิ้น,The dog buried a bone.,กระดูก
brain,Body Parts,Health & Body,Basic & Medical,2,5,No,,The organ inside the head that thinks.,อวัยวะในศีรษะที่ใช้คิด,The brain itself cannot feel pain.,ตัวสมองเองไม่รู้สึกเจ็บปวด,Use your brain before acting.,สมอง
chest,Body Parts,,Basic & Medical,2,5,No,,The front upper body.,ส่วนบนด้านหน้าของลำตัว,'Get it off your chest' means to confess something.,สำนวน 'get it off your chest' แปลว่าระบายความในใจออกมา,His chest rose as he breathed.,หน้าอก
ear,Body Parts,,Basic & Medical,2,3,No,,The organ you hear with.,อวัยวะที่ใช้ฟัง,Ears also control your sense of balance.,หูยังควบคุมการทรงตัวของเราด้วย,He whispered in her ear.,หู
elbow,Body Parts,,Basic & Medical,2,5,No,,The joint in the middle of the arm.,ข้อต่อกลางแขน,'Elbow grease' means hard physical effort.,สำนวน 'elbow grease' หมายถึงการออกแรงทำงานหนัก,He rested his elbow on the table.,ข้อศอก
eye,Body Parts,,Basic & Medical,2,3,No,,The organ you see with.,อวัยวะที่ใช้มอง,'Eye' is spelled the same forwards and backwards.,คำว่า eye สะกดกลับหลังก็อ่านได้เหมือนเดิม,She has bright brown eyes.,ตา
face,Body Parts,,Basic & Medical,2,4,No,,The front of the head.,ด้านหน้าของศีรษะ,'To face' something means to confront it.,คำว่า 'to face' หมายถึงการเผชิญหน้ากับบางสิ่ง,Wash your face before bed.,ใบหน้า
finger,Body Parts,,Basic & Medical,2,6,No,,One of five digits on the hand.,หนึ่งในห้านิ้วบนมือ,Each finger has its own English name.,นิ้วแต่ละนิ้วมีชื่อเรียกเฉพาะในภาษาอังกฤษ,She pointed a finger at the map.,นิ้วมือ
foot,Body Parts,,Basic & Medical,2,4,No,,The part you stand on.,ส่วนที่ใช้ยืน,The measurement 'foot' really was based on a human foot.,หน่วยวัด 'ฟุต' มีที่มาจากความยาวเท้ามนุษย์จริงๆ,My left foot is asleep.,เท้า
hair,Body Parts,,Basic & Medical,2,4,No,,The strands growing on your head.,เส้นที่งอกบนศีรษะ,Human hair grows about fifteen centimetres per year.,ผมมนุษย์ยาวขึ้นประมาณสิบห้าเซนติเมตรต่อปี,Her hair is very long.,ผม
hand,Body Parts,,Basic & Medical,2,4,No,,The part at the end of the arm.,ส่วนปลายสุดของแขน,'Give me a hand' means help me.,สำนวน 'give me a hand' แปลว่าช่วยฉันหน่อย,Raise your hand to answer.,มือ
head,Body Parts,,Basic & Medical,2,4,No,,The top part of the body.,ส่วนบนสุดของร่างกาย,"'Head' appears in dozens of idioms, like 'head over heels'.",คำว่า head ปรากฏในสำนวนนับสิบ เช่น 'head over heels' (ตกหลุมรักหัวปักหัวปำ),She nodded her head.,หัว
heart,Body Parts,Colors & Shapes,Basic & Medical,2,5,No,,The organ that pumps blood.,อวัยวะที่สูบฉีดเลือด,The heart beats about a hundred thousand times a day.,หัวใจเต้นราวหนึ่งแสนครั้งต่อวัน,Her heart beat faster.,หัวใจ
knee,Body Parts,,Basic & Medical,2,4,No,,The joint in the middle of the leg.,ข้อต่อกลางขา,The 'k' in knee was once pronounced.,ตัว k ในคำว่า knee เคยออกเสียงมาก่อน,She bent her knees to lift the box.,เข่า
leg,Body Parts,,Basic & Medical,2,3,No,,The limb used for walking.,อวัยวะที่ใช้เดิน,'Break a leg' oddly means good luck.,สำนวน 'break a leg' กลับแปลว่าขอให้โชคดี,Stretch your legs after sitting.,ขา
lung,Body Parts,Health & Body,Basic & Medical,2,4,No,,The organ used for breathing.,อวัยวะที่ใช้หายใจ,Your left lung is smaller to make room for the heart.,ปอดข้างซ้ายเล็กกว่าเพื่อเว้นที่ให้หัวใจ,Deep breaths fill your lungs.,ปอด
mouth,Body Parts,,Basic & Medical,2,5,No,,The opening you eat and speak with.,ช่องที่ใช้กินและพูด,A river's opening into the sea is also called a mouth.,ปากแม่น้ำที่ไหลลงทะเลก็เรียกว่า mouth เช่นกัน,Open your mouth wide.,ปาก
muscle,Body Parts,Health & Body,Basic & Medical,2,6,No,,Body tissue that moves you.,เนื้อเยื่อที่ทำให้ร่างกายเคลื่อนไหว,'Muscle' comes from the Latin for little mouse.,คำว่า muscle มาจากภาษาละตินที่แปลว่าหนูตัวน้อย,Exercise builds muscle.,กล้ามเนื้อ
neck,Body Parts,,Basic & Medical,2,4,No,,The part joining head and body.,ส่วนที่เชื่อมหัวกับลำตัว,'Neck and neck' means an extremely close race.,สำนวน 'neck and neck' หมายถึงการแข่งขันที่สูสีมาก,My neck is stiff from sleeping badly.,คอ
nose,Body Parts,,Basic & Medical,2,4,No,,The organ you smell with.,อวัยวะที่ใช้ดมกลิ่น,'Nosy' people stick their nose into others' business.,คนที่ 'nosy' คือคนที่ชอบยื่นจมูกเข้าไปยุ่งเรื่องคนอื่น,My nose is blocked today.,จมูก
shoulder,Body Parts,,Basic & Medical,2,8,No,,The joint where the arm meets the body.,ข้อต่อที่แขนเชื่อมกับลำตัว,'A shoulder to cry on' means someone who comforts you.,สำนวน 'a shoulder to cry on' หมายถึงคนที่คอยปลอบใจเรา,He carried the bag on his shoulder.,ไหล่
skin,Body Parts,Health & Body,Basic & Medical,2,4,No,,The outer covering of the body.,ส่วนที่ห่อหุ้มร่างกาย,Skin is the largest organ of the human body.,ผิวหนังเป็นอวัยวะที่ใหญ่ที่สุดของร่างกายมนุษย์,Sunscreen protects your skin.,ผิวหนัง
stomach,Body Parts,Health & Body,Basic & Medical,2,7,No,,The organ where food goes.,อวัยวะที่รับอาหาร,'Butterflies in the stomach' describes nervousness.,สำนวน 'butterflies in the stomach' ใช้บรรยายอาการตื่นเต้นประหม่า,My stomach is growling.,ท้อง
thumb,Body Parts,,Basic & Medical,2,5,No,,The short thick first digit.,นิ้วแรกที่สั้นและหนา,A 'green thumb' means being good with plants.,'green thumb' หมายถึงคนที่ปลูกต้นไม้เก่ง,He gave a thumbs up.,นิ้วโป้ง
toe,Body Parts,,Basic & Medical,2,3,No,,One of five digits on the foot.,หนึ่งในห้านิ้วบนเท้า,'On your toes' means alert and ready.,สำนวน 'on your toes' หมายถึงตื่นตัวและพร้อมเสมอ,I stubbed my toe on the door.,นิ้วเท้า
tongue,Body Parts,,Basic & Medical,2,6,No,,The soft organ inside your mouth.,อวัยวะนุ่มในช่องปาก,'Mother tongue' means your first language.,'mother tongue' หมายถึงภาษาแม่ของเรา,I burned my tongue on the soup.,ลิ้น
tooth,Body Parts,,Basic & Medical,2,5,No,,One of the hard white parts in your mouth.,ส่วนแข็งสีขาวในปาก,The plural 'teeth' preserves a very old English pattern.,รูปพหูพจน์ 'teeth' ยังคงรูปแบบเก่าแก่มากของภาษาอังกฤษไว้,A sweet tooth means loving sugar.,ฟัน
beige,Colors & Shapes,,Basic & Advanced,2,5,No,,A pale sandy colour.,สีทรายอ่อน,'Beige' originally meant undyed natural wool.,เดิมที beige หมายถึงขนแกะธรรมชาติที่ยังไม่ได้ย้อมสี,The sofa is plain beige.,สีเบจ
black,Colors & Shapes,,Basic & Advanced,2,5,No,,The darkest colour.,สีที่มืดที่สุด ไม่มีแสงสะท้อน,'Black' and 'blank' oddly come from related roots.,คำว่า black กับ blank มีรากศัพท์เกี่ยวข้องกันอย่างน่าประหลาด,He wears black every day.,สีดำ
blue,Colors & Shapes,,Basic & Advanced,2,4,No,,The colour of the sky.,สีของท้องฟ้าในวันแดดดี,Many ancient languages had no separate word for blue.,ภาษาโบราณหลายภาษาไม่มีคำแยกสำหรับสีน้ำเงิน,The sea looks deep blue.,สีน้ำเงิน
brown,Colors & Shapes,,Basic & Advanced,2,5,No,,The colour of earth or wood.,สีของดินและลำต้นไม้,Brown is really just dark orange.,จริงๆ แล้วสีน้ำตาลก็คือสีส้มเข้มนั่นเอง,He has brown eyes.,สีน้ำตาล
circle,Colors & Shapes,,Basic & Advanced,2,6,No,,A perfectly round shape.,รูปทรงกลมสมบูรณ์,'Circle' also means a group of friends.,คำว่า circle ยังหมายถึงกลุ่มเพื่อนได้ด้วย,Draw a circle around the answer.,วงกลม
diamond,Colors & Shapes,,Basic & Advanced,2,7,No,,A shape like a tilted square.,รูปสี่เหลี่ยมที่เอียง,The card suit and the gem share the name.,ดอกไพ่ข้าวหลามตัดกับเพชรใช้คำเดียวกัน,The kite is diamond shaped.,สี่เหลี่ยมขนมเปียกปูน
gold,Colors & Shapes,,Basic & Advanced,2,4,No,,A shiny yellow colour.,สีเหลืองเป็นประกายของโลหะมีค่า,"Gold the metal never rusts, which made it precious.",ทองคำไม่เคยเป็นสนิม จึงกลายเป็นของมีค่า,The trophy shines gold.,สีทอง
gray,Colors & Shapes,,Basic & Advanced,2,4,No,,The colour between black and white.,สีที่อยู่กึ่งกลางระหว่างดำกับขาว,Both 'gray' and 'grey' are correct spellings.,ทั้ง gray และ grey สะกดถูกต้องทั้งคู่,The sky turned gray before rain.,สีเทา
green,Colors & Shapes,,Basic & Advanced,2,5,No,,The colour of grass.,สีของใบไม้และหญ้า,'Green' shares its root with 'grow' and 'grass'.,คำว่า green มีรากศัพท์เดียวกับ grow (เติบโต) และ grass (หญ้า),The lights turned green.,สีเขียว
hexagon,Colors & Shapes,,Basic & Advanced,2,7,No,,A shape with six sides.,รูปหกเหลี่ยม รูปที่มีหกด้าน,Bees build hexagons because they waste the least wax.,ผึ้งสร้างรังเป็นหกเหลี่ยมเพราะเปลืองขี้ผึ้งน้อยที่สุด,Honeycomb is made of hexagons.,หกเหลี่ยม
laurel,Colors & Shapes,,Basic & Advanced,2,6,No,,A yellow-green colour named after the plant.,สีเขียวอมเหลืองที่ตั้งชื่อตามต้นไม้,"Winners once wore laurel wreaths, giving us 'resting on laurels'.",ผู้ชนะในอดีตสวมมงกุฎใบลอเรล จึงเกิดสำนวน 'resting on laurels' (หยุดอยู่กับความสำเร็จเดิม),The walls are painted soft laurel.,สีเขียวลอเรล
maroon,Colors & Shapes,,Basic & Advanced,2,6,No,,A dark brownish red.,สีแดงอมน้ำตาลเข้ม,'Maroon' comes from the French word for chestnut.,คำว่า maroon มาจากคำภาษาฝรั่งเศสที่แปลว่าเกาลัด,The team wears maroon shirts.,สีแดงเลือดหมู
navy,Colors & Shapes,,Basic & Advanced,2,4,No,,A very dark blue.,สีน้ำเงินเข้มมาก,It is named after navy uniforms worn at sea.,ตั้งชื่อตามเครื่องแบบทหารเรือ,"His suit is navy, not black.",สีกรมท่า
oval,Colors & Shapes,,Basic & Advanced,2,4,No,,An egg-like rounded shape.,รูปทรงมนคล้ายไข่,'Oval' comes directly from the Latin word for egg.,คำว่า oval มาจากภาษาละตินที่แปลว่าไข่โดยตรง,The mirror has an oval frame.,วงรี
pink,Colors & Shapes,,Basic & Advanced,2,4,No,,A pale red colour.,สีแดงที่อ่อนลงจนนวลตา,'Pink' was the name of a flower before it named the colour.,คำว่า pink เคยเป็นชื่อดอกไม้ก่อนจะกลายเป็นชื่อสี,The blossoms are pale pink.,สีชมพู
purple,Colors & Shapes,,Basic & Advanced,2,6,No,,The colour between red and blue.,สีระหว่างแดงกับน้ำเงิน,Purple dye was once so costly only royalty wore it.,สีย้อมม่วงเคยแพงมากจนมีแต่ราชวงศ์เท่านั้นที่ใส่ได้,She painted her room purple.,สีม่วง
rectangle,Colors & Shapes,,Basic & Advanced,2,9,No,,A shape with four right angles.,รูปที่มีมุมฉากสี่มุม,Most screens and doors are rectangles.,หน้าจอและประตูส่วนใหญ่เป็นสี่เหลี่ยมผืนผ้า,The field is a long rectangle.,สี่เหลี่ยมผืนผ้า
red,Colors & Shapes,,Basic & Advanced,2,3,No,,The colour of blood.,สีของเลือดและไฟ,Red is usually the first colour named in any language after black and white.,สีแดงมักเป็นสีแรกที่ทุกภาษาตั้งชื่อ ถัดจากสีดำและสีขาว,She wore a red dress.,สีแดง
silver,Colors & Shapes,,Basic & Advanced,2,6,No,,A shiny gray colour.,สีเทาเป็นประกายของโลหะชนิดหนึ่ง,Almost nothing rhymes with 'silver' in English.,แทบไม่มีคำไหนในภาษาอังกฤษที่สัมผัสกับคำว่า silver ได้เลย,Her ring is silver.,สีเงิน
spiral,Colors & Shapes,,Basic & Advanced,2,6,No,,A shape that curls around a centre.,รูปทรงที่ม้วนรอบจุดศูนย์กลาง,"Spirals appear everywhere in nature, from shells to galaxies.",รูปก้นหอยพบได้ทั่วธรรมชาติ ตั้งแต่เปลือกหอยไปจนถึงกาแล็กซี,The staircase forms a spiral.,ก้นหอย
square,Colors & Shapes,,Basic & Advanced,2,6,No,,A shape with four equal sides.,รูปที่มีสี่ด้านเท่ากัน,Calling someone 'a square' once meant boring.,การเรียกใครว่า 'a square' เคยหมายถึงคนน่าเบื่อ,The plaza is a huge square.,สี่เหลี่ยมจัตุรัส
star,Colors & Shapes,,Basic & Advanced,2,4,No,,A shape with five or more points.,รูปที่มีแฉกตั้งแต่ห้าแฉกขึ้นไป,Drawing stars with five points began in ancient Mesopotamia.,การวาดดาวห้าแฉกเริ่มต้นในเมโสโปเตเมียโบราณ,She drew a gold star.,รูปดาว
triangle,Colors & Shapes,,Basic & Advanced,2,8,No,,A shape with three sides.,รูปที่มีสามด้าน,The triangle is the strongest simple shape in building.,สามเหลี่ยมเป็นรูปทรงพื้นฐานที่แข็งแรงที่สุดในงานก่อสร้าง,Fold the paper into a triangle.,สามเหลี่ยม
turquoise,Colors & Shapes,,Basic & Advanced,2,9,No,,A blue-green colour.,สีเขียวอมฟ้า,It is named after a gemstone traded through Turkey.,ตั้งชื่อตามอัญมณีที่ค้าขายผ่านตุรกี,The pool water looks turquoise.,สีเทอร์ควอยซ์
white,Colors & Shapes,,Basic & Advanced,2,5,No,,The lightest colour.,สีที่สว่างที่สุด เช่นสีของหิมะ,White light actually contains every colour.,แสงสีขาวจริงๆ แล้วมีทุกสีรวมอยู่ในนั้น,White walls make rooms feel bigger.,สีขาว
yellow,Colors & Shapes,,Basic & Advanced,2,6,No,,The colour of the sun.,สีของดวงอาทิตย์และกล้วยสุก,Yellow is the most visible colour from a distance.,สีเหลืองเป็นสีที่มองเห็นได้ชัดที่สุดจากระยะไกล,The taxi is bright yellow.,สีเหลือง
angry,Emotions & Feelings,,Basic & Complex,2,5,No,,Feeling strong displeasure.,รู้สึกไม่พอใจอย่างรุนแรง,'Angry' grew from an Old Norse word meaning grief.,คำว่า angry เติบโตมาจากคำนอร์สโบราณที่แปลว่าความเศร้าโศก,He was angry about the delay.,โกรธ
annoyed,Emotions & Feelings,,Basic & Complex,2,7,No,,Slightly angry.,โกรธเล็กน้อย,'Annoy' comes from a Latin phrase meaning 'in hatred'.,คำว่า annoy มาจากวลีละตินที่แปลว่า 'ด้วยความเกลียดชัง',The noise annoyed everyone.,รำคาญ
anxious,Emotions & Feelings,,Basic & Complex,2,7,No,,Worried about what may happen.,กังวลกับสิ่งที่อาจเกิดขึ้น,'Anxious' comes from Latin meaning to choke.,คำว่า anxious มาจากภาษาละตินที่แปลว่าการสำลักหรือบีบคอ,She felt anxious before the exam.,วิตกกังวล
bored,Emotions & Feelings,,Basic & Complex,2,5,No,,Uninterested and restless.,ไม่สนใจและกระวนกระวาย,'Boredom' as a word barely existed before the 1850s.,คำว่า boredom แทบไม่มีใช้เลยก่อนทศวรรษ 1850,The students looked bored.,เบื่อ
calm,Emotions & Feelings,,Basic & Complex,2,4,No,,Peaceful and not worried.,ผ่อนคลายและไม่กังวล,'Calm' traces back to a Greek word for the heat of midday rest.,คำว่า calm ย้อนกลับไปถึงคำกรีกที่หมายถึงความร้อนยามเที่ยงที่คนต้องหยุดพัก,Stay calm and breathe.,สงบ
cheerful,Emotions & Feelings,,Basic & Complex,2,8,No,,Noticeably happy and bright.,มีความสุขและสดใสอย่างเห็นได้ชัด,"'Cheer' originally meant the face, then the mood it showed.",เดิมที cheer หมายถึงใบหน้า แล้วจึงกลายเป็นอารมณ์ที่ใบหน้านั้นแสดงออก,She greeted us with a cheerful smile.,ร่าเริง
confused,Emotions & Feelings,,Basic & Complex,2,8,No,,Unable to understand.,ไม่สามารถเข้าใจได้,'Confused' comes from Latin meaning poured together.,คำว่า confused มาจากภาษาละตินที่แปลว่าเทรวมกัน,I'm confused by these directions.,สับสน
content,Emotions & Feelings,,Basic & Complex,2,7,No,,Quietly satisfied.,อิ่มใจอย่างเงียบๆ,The emotion and the word for 'what's inside' are spelled alike.,คำที่แปลว่าอารมณ์นี้กับคำที่แปลว่า 'สิ่งที่อยู่ข้างใน' สะกดเหมือนกัน,She felt content by the fire.,พึงพอใจ
curious,Emotions & Feelings,,Basic & Complex,2,7,No,,Wanting to know more.,ต้องการรู้มากขึ้น,'Curious' can describe both the asker and the strange thing asked about.,คำว่า curious ใช้บรรยายได้ทั้งคนที่อยากรู้และสิ่งแปลกที่ถูกถามถึง,Cats are naturally curious.,อยากรู้อยากเห็น
disappointed,Emotions & Feelings,,Basic & Complex,2,12,No,,Sad because hopes failed.,เศร้าเพราะความหวังไม่เป็นจริง,It originally meant removed from an appointed position.,เดิมทีคำนี้หมายถึงการถูกปลดออกจากตำแหน่งที่ได้รับแต่งตั้ง,He was disappointed with the score.,ผิดหวัง
embarrassed,Emotions & Feelings,,Basic & Complex,2,11,No,,Feeling awkward or ashamed.,รู้สึกกระดากหรือละอาย,"It came from a word meaning blocked, as if stuck.",คำนี้มาจากคำที่แปลว่าถูกขวางกั้นเหมือนติดอยู่,I was embarrassed by my mistake.,เขินอาย
excited,Emotions & Feelings,,Basic & Complex,2,7,No,,Feeling eager and energetic.,รู้สึกกระตือรือร้นและมีพลัง,'Excited' literally means called into motion.,คำว่า excited แปลตรงตัวว่าถูกเรียกให้เคลื่อนไหว,The kids are excited for the trip.,ตื่นเต้น
furious,Emotions & Feelings,,Basic & Complex,2,7,No,,Extremely angry.,โกรธอย่างรุนแรง,"It comes from the Furies, the rage goddesses of Greek myth.",มาจากเหล่าฟิวรีส์ เทพีแห่งความโกรธเกรี้ยวในตำนานกรีก,He was furious about the lie.,โกรธจัด
gloomy,Emotions & Feelings,,Basic & Complex,2,6,No,,Dark in mood.,มีอารมณ์มืดมน,'Gloomy' was popularised by Shakespeare.,คำว่า gloomy ได้รับความนิยมจากงานของเชกสเปียร์,He looked gloomy all morning.,หม่นหมอง
grateful,Emotions & Feelings,,Basic & Complex,2,8,No,,Feeling thankful.,รู้สึกซาบซึ้ง,"'Grateful' contains 'grate' from Latin 'gratus', pleasing.",คำว่า grateful มีส่วน 'grate' จากภาษาละติน gratus ที่แปลว่าน่าพอใจ,I'm grateful for your help.,รู้สึกขอบคุณ
happy,Emotions & Feelings,,Basic & Complex,2,5,No,,Feeling pleasure or joy.,รู้สึกยินดีและเบิกบานใจ,"'Happy' comes from 'hap', meaning luck.",คำว่า happy มาจากคำว่า hap ที่แปลว่าโชค,I'm happy to see you.,มีความสุข
hopeful,Emotions & Feelings,,Basic & Complex,2,7,No,,Expecting something good.,คาดหวังสิ่งดีๆ,Adding '-ful' turns hope into a lasting attitude.,การเติม -ful เปลี่ยนความหวังให้กลายเป็นทัศนคติที่คงอยู่,We're hopeful about the results.,มีความหวัง
jealous,Emotions & Feelings,,Basic & Complex,2,7,No,,Wanting what someone else has.,อยากได้สิ่งที่คนอื่นมี,'Jealous' and 'zealous' share the same Greek root.,คำว่า jealous กับ zealous มีรากศัพท์กรีกเดียวกัน,He was jealous of her success.,อิจฉา
lonely,Emotions & Feelings,,Basic & Complex,2,6,No,,Sad from being alone.,เศร้าเพราะอยู่คนเดียว,You can be lonely in a crowd — alone and lonely differ.,เราเหงาได้แม้อยู่ท่ามกลางฝูงชน คำว่า alone กับ lonely จึงต่างกัน,He felt lonely in the new city.,เหงา
nervous,Emotions & Feelings,,Basic & Complex,2,7,No,,Worried and slightly afraid.,กังวลและกลัวเล็กน้อย,'Nervous' once meant strong and sinewy — the opposite of today.,เดิมที nervous แปลว่าแข็งแรงและมีกล้ามเนื้อ ซึ่งตรงข้ามกับความหมายทุกวันนี้,I'm nervous before the interview.,ประหม่า
nostalgic,Emotions & Feelings,,Basic & Complex,2,9,No,,Missing the past fondly.,โหยหาวันเก่าๆ อย่างอบอุ่น,Nostalgia was once treated as a real medical disease.,ครั้งหนึ่งความคิดถึงอดีตเคยถูกจัดเป็นโรคทางการแพทย์จริงๆ,Old songs make me nostalgic.,คิดถึงอดีต
overwhelmed,Emotions & Feelings,,Basic & Complex,2,11,No,,Feeling buried by too much.,รู้สึกเหมือนถูกกลบด้วยสิ่งที่มากเกินไป,'Whelm' alone was an old word for capsizing a boat.,คำว่า whelm เดี่ยวๆ เป็นคำเก่าที่แปลว่าเรือคว่ำ,She felt overwhelmed by emails.,ท่วมท้น
proud,Emotions & Feelings,,Basic & Complex,2,5,No,,Pleased about an achievement.,ยินดีกับความสำเร็จ,"'Proud' can be a virtue or a fault, depending on context.",คำว่า proud เป็นได้ทั้งคุณธรรมและข้อเสีย ขึ้นอยู่กับบริบท,We're proud of your work.,ภูมิใจ
relieved,Emotions & Feelings,,Basic & Complex,2,8,No,,Feeling better after worry ends.,รู้สึกดีขึ้นหลังความกังวลจบลง,'Relieved' literally means lightened of a load.,คำว่า relieved แปลตรงตัวว่าถูกปลดภาระให้เบาลง,I was relieved to find my keys.,โล่งใจ
sad,Emotions & Feelings,,Basic & Complex,2,3,No,,Feeling unhappy.,รู้สึกไม่สบายใจ อยากร้องไห้,"'Sad' originally meant full or heavy, not unhappy.",เดิมที sad แปลว่าอิ่มหรือหนักอึ้ง ไม่ได้แปลว่าเศร้า,She felt sad after the film.,เศร้า
scared,Emotions & Feelings,,Basic & Complex,2,6,No,,Feeling fear.,รู้สึกหวาดกลัว,'Scared' and 'scary' describe opposite sides of fear.,คำว่า scared กับ scary บรรยายความกลัวคนละด้านกัน,I'm scared of spiders.,กลัว
shy,Emotions & Feelings,,Basic & Complex,2,3,No,,Uncomfortable around people.,รู้สึกไม่สบายใจเมื่ออยู่กับคนอื่น,Animals that avoid humans are also called shy.,สัตว์ที่หลบเลี่ยงมนุษย์ก็ถูกเรียกว่า shy เช่นกัน,The new student is shy.,ขี้อาย
surprised,Emotions & Feelings,,Basic & Complex,2,9,No,,Feeling sudden wonder.,รู้สึกพิศวงอย่างกะทันหัน,'Surprise' literally means to be seized suddenly.,คำว่า surprise แปลตรงตัวว่าถูกฉวยจับอย่างฉับพลัน,She was surprised by the gift.,ประหลาดใจ
thrilled,Emotions & Feelings,,Basic & Complex,2,8,No,,Extremely excited.,ตื่นเต้นอย่างมาก,'Thrill' originally meant to pierce — excitement that goes through you.,เดิมที thrill แปลว่าเจาะทะลุ คือความตื่นเต้นที่วิ่งทะลุตัวเรา,We're thrilled with the news.,ตื่นเต้นดีใจ
tired,Emotions & Feelings,,Basic & Complex,2,5,No,,Needing rest.,ต้องการพักผ่อน,"'Tired of' something means bored with it, not sleepy.",สำนวน 'tired of' บางสิ่ง แปลว่าเบื่อ ไม่ได้แปลว่าง่วง,I'm too tired to cook.,เหนื่อย
aunt,Family & People,,Relationships & Roles,2,4,No,,The sister of your parent.,พี่สาวหรือน้องสาวของพ่อแม่,Thai splits 'aunt' into several words by age and side; English uses one.,ภาษาไทยแยกคำว่าป้า น้า อา ตามอายุและฝ่ายพ่อแม่ แต่ภาษาอังกฤษใช้คำเดียว,Aunt May visits every spring.,ป้า/น้า/อา
baby,Family & People,,Relationships & Roles,2,4,No,,A very young child.,เด็กที่เพิ่งเกิดได้ไม่นาน,'Baby' likely imitates an infant's babbling.,คำว่า baby น่าจะเลียนเสียงอ้อแอ้ของทารก,The baby slept through the night.,ทารก
brother,Family & People,,Relationships & Roles,2,7,No,,A male sibling.,ลูกชายของพ่อแม่เดียวกันกับเรา,'Brother' is used for close friends in many communities.,หลายชุมชนใช้คำว่า brother เรียกเพื่อนสนิทด้วย,My brother is two years older.,พี่ชาย/น้องชาย
child,Family & People,,Relationships & Roles,2,5,No,,A young person.,คนที่ยังอายุน้อย ยังไม่โตเป็นผู้ใหญ่,The plural 'children' uses a double-old plural ending.,รูปพหูพจน์ children ใช้การเติมพหูพจน์แบบเก่าซ้อนกันสองชั้น,Every child got a balloon.,เด็ก
couple,Family & People,Numbers & Measurement,Relationships & Roles,2,6,No,,Two people in a relationship.,คนสองคนที่คบกัน,'A couple of' casually means about two.,วลี 'a couple of' ในภาษาพูดหมายถึงประมาณสองชิ้น,The couple danced all night.,คู่รัก
cousin,Family & People,,Relationships & Roles,2,6,No,,The child of your uncle or aunt.,ลูกของลุงป้าน้าอา,'Cousin' once meant almost any relative at all.,ครั้งหนึ่ง cousin เคยหมายถึงญาติแทบทุกประเภท,My cousin is the same age as me.,ลูกพี่ลูกน้อง
daughter,Family & People,,Relationships & Roles,2,8,No,,A female child.,ลูกที่เป็นผู้หญิง,'Daughter' has kept nearly the same sound for millennia.,คำว่า daughter คงเสียงใกล้เคียงเดิมมานับพันปี,Their daughter studies abroad.,ลูกสาว
father,Family & People,,Relationships & Roles,2,6,No,,A male parent.,ผู้ให้กำเนิดที่เป็นผู้ชาย,'Father' shares ancient roots with Latin 'pater'.,คำว่า father มีรากศัพท์โบราณร่วมกับ pater ในภาษาละติน,His father taught him to fish.,พ่อ
friend,Family & People,,Relationships & Roles,2,6,No,,A person you like and trust.,คนที่เราชอบและไว้ใจ ไม่ใช่ญาติ,'Friend' comes from an old verb meaning to love.,คำว่า friend มาจากกริยาโบราณที่แปลว่ารัก,A friend helped me move.,เพื่อน
grandfather,Family & People,,Relationships & Roles,2,11,No,,The father of your parent.,พ่อของพ่อหรือแม่,'Grandfathered in' means excused from a new rule.,สำนวน 'grandfathered in' หมายถึงได้รับการยกเว้นจากกฎใหม่,Grandfather tells long stories.,ปู่/ตา
grandmother,Family & People,,Relationships & Roles,2,11,No,,The mother of your parent.,แม่ของพ่อหรือแม่,Nearly every language has a short pet name for grandmother.,แทบทุกภาษามีคำเรียกย่ายายแบบสั้นๆ อย่างเอ็นดู,Grandmother makes the best curry.,ย่า/ยาย
guest,Family & People,,Relationships & Roles,2,5,No,,A person you invite.,คนที่เราเชิญมา,'Guest' and 'host' grew from the same ancient root.,คำว่า guest กับ host เติบโตมาจากรากศัพท์โบราณเดียวกัน,Our guest arrives at six.,แขก
husband,Family & People,,Relationships & Roles,2,7,No,,A married man.,ชายที่แต่งงานแล้ว,'Husband' originally meant the master of a house.,เดิมที husband หมายถึงเจ้าบ้าน,Her husband cooks on weekends.,สามี
mother,Family & People,,Relationships & Roles,2,6,No,,A female parent.,ผู้ให้กำเนิดที่เป็นผู้หญิง,Words for mother start with 'm' in most world languages.,คำที่แปลว่าแม่ในภาษาส่วนใหญ่ของโลกขึ้นต้นด้วยเสียง m,My mother calls every Sunday.,แม่
neighbor,Family & People,,Relationships & Roles,2,8,No,,A person living near you.,คนที่อาศัยอยู่ใกล้เรา,It literally means 'near dweller'.,คำนี้แปลตรงตัวว่า 'ผู้อาศัยอยู่ใกล้',Our neighbor waters our plants.,เพื่อนบ้าน
nephew,Family & People,,Relationships & Roles,2,6,No,,The son of your sibling.,ลูกชายของพี่น้อง,'Nephew' entered English from French after 1066.,คำว่า nephew เข้าสู่ภาษาอังกฤษจากภาษาฝรั่งเศสหลังปี 1066,Her nephew just started school.,หลานชาย
niece,Family & People,,Relationships & Roles,2,5,No,,The daughter of your sibling.,ลูกสาวของพี่น้อง,'Niece' and 'nephew' come from the same Latin root.,คำว่า niece กับ nephew มาจากรากศัพท์ละตินเดียวกัน,My niece loves drawing.,หลานสาว
parent,Family & People,,Relationships & Roles,2,6,No,,A mother or father.,ผู้ให้กำเนิดและเลี้ยงดูเรามา,'Parent' became a verb only in the 20th century.,คำว่า parent เพิ่งถูกใช้เป็นคำกริยาในศตวรรษที่ 20 นี้เอง,Both parents came to the show.,พ่อแม่
sibling,Family & People,,Relationships & Roles,2,7,No,,A brother or sister.,พี่ชายน้องชายหรือพี่สาวน้องสาว,'Sibling' was revived by scientists needing a gender-neutral term.,คำว่า sibling ถูกนำกลับมาใช้โดยนักวิทยาศาสตร์ที่ต้องการคำที่ไม่ระบุเพศ,Do you have any siblings?,พี่น้อง
sister,Family & People,,Relationships & Roles,2,6,No,,A female sibling.,ลูกสาวของพ่อแม่เดียวกันกับเรา,'Sister' also titles nuns and nurses.,คำว่า sister ยังใช้เรียกแม่ชีและพยาบาลด้วย,Her sister lives abroad.,พี่สาว/น้องสาว
son,Family & People,,Relationships & Roles,2,3,No,,A male child.,ลูกที่เป็นผู้ชาย,'Son' appears in surnames like Johnson — John's son.,คำว่า son ปรากฏในนามสกุลอย่าง Johnson ซึ่งแปลว่าลูกชายของจอห์น,Their son plays football.,ลูกชาย
stranger,Family & People,,Relationships & Roles,2,8,No,,A person you do not know.,คนที่เราไม่รู้จัก,'Stranger' and 'strange' both come from 'outside'.,คำว่า stranger กับ strange ล้วนมาจากคำที่แปลว่า 'ข้างนอก',Don't open the door to strangers.,คนแปลกหน้า
twin,Family & People,,Relationships & Roles,2,4,No,,One of two children born together.,หนึ่งในเด็กสองคนที่เกิดพร้อมกัน,Identical twins share nearly identical DNA.,แฝดแท้มีดีเอ็นเอเหมือนกันแทบทุกประการ,The twins wear matching hats.,ฝาแฝด
uncle,Family & People,,Relationships & Roles,2,5,No,,The brother of your parent.,พี่ชายหรือน้องชายของพ่อแม่,'Say uncle!' is an old demand for surrender.,คำอุทาน 'Say uncle!' เป็นการบังคับให้ยอมแพ้แบบเก่า,My uncle owns a boat.,ลุง/น้า/อา
wife,Family & People,,Relationships & Roles,2,4,No,,A married woman.,หญิงที่แต่งงานแล้ว,'Wife' once simply meant any woman.,ครั้งหนึ่งคำว่า wife หมายถึงผู้หญิงคนใดก็ได้,His wife is a doctor.,ภรรยา
beer,Food & Drink,,Beverages,2,4,No,,An alcoholic drink made from grain.,เครื่องดื่มแอลกอฮอล์ที่ทำจากธัญพืช,Beer recipes appear on clay tablets thousands of years old.,สูตรทำเบียร์ปรากฏบนแผ่นดินเหนียวอายุนับพันปี,A cold beer after work.,เบียร์
brew,Food & Drink,,Beverages,2,4,No,,A hot drink made by steeping.,เครื่องดื่มร้อนที่ได้จากการแช่,'Brew' works for both tea and beer.,คำว่า brew ใช้ได้ทั้งกับชาและเบียร์,Put the kettle on for a brew.,เครื่องดื่มชง
cappuccino,Food & Drink,,Beverages,2,10,No,,Coffee with equal milk and foam.,กาแฟที่มีนมและฟองนมในสัดส่วนเท่ากัน,It is named after the brown robes of Capuchin monks.,ตั้งชื่อตามจีวรสีน้ำตาลของนักบวชคณะคาปูชิน,Cappuccino is a morning drink in Italy.,คาปูชิโน
champagne,Food & Drink,,Beverages,2,9,No,,Sparkling wine from a French region.,ไวน์มีฟองจากแคว้นหนึ่งในฝรั่งเศส,"Only sparkling wine from Champagne, France, may legally use the name.",มีเพียงไวน์มีฟองจากแคว้นช็องปาญของฝรั่งเศสเท่านั้นที่ใช้ชื่อนี้ได้ตามกฎหมาย,Champagne for the celebration.,แชมเปญ
cider,Food & Drink,,Beverages,2,5,No,,A drink made from apples.,เครื่องดื่มที่ทำจากแอปเปิล,In America cider is often non-alcoholic; in Britain it usually is not.,ในอเมริกาไซเดอร์มักไม่มีแอลกอฮอล์ แต่ในอังกฤษมักจะมี,Cold cider on a warm day.,ไซเดอร์
cocktail,Food & Drink,,Beverages,2,8,No,,A mixed alcoholic drink.,เครื่องดื่มแอลกอฮอล์ผสม,Nobody agrees on where the word 'cocktail' came from.,ยังไม่มีใครตกลงกันได้ว่าคำว่า cocktail มาจากไหน,She ordered a fruity cocktail.,ค็อกเทล
cocoa,Food & Drink,,Beverages,2,5,No,,A hot chocolate drink.,เครื่องดื่มช็อกโกแลตร้อน,'Cocoa' is a misspelling of 'cacao' that stuck.,คำว่า cocoa คือการสะกดผิดของคำว่า cacao ที่ติดใช้กันมาจนถึงทุกวันนี้,Warm cocoa before bed.,โกโก้
coffee,Food & Drink,,Beverages,2,6,No,,A hot drink made from roasted beans.,เครื่องดื่มร้อนที่ทำจากเมล็ดคั่ว,Legend says a goat herder noticed his goats dancing after eating coffee berries.,ตำนานเล่าว่าคนเลี้ยงแพะสังเกตเห็นแพะของตนเต้นหลังกินผลกาแฟ,Coffee keeps me awake.,กาแฟ
espresso,Food & Drink,,Beverages,2,8,No,,Strong coffee made under pressure.,กาแฟเข้มข้นที่สกัดด้วยแรงดัน,"It is 'espresso', not 'expresso', though the error is very common.",คำที่ถูกต้องคือ espresso ไม่ใช่ expresso แม้คนจะเขียนผิดกันบ่อยมาก,"One espresso, no sugar.",เอสเปรสโซ
iced tea,Food & Drink,,Beverages,2,7,No,,Chilled tea served with ice.,ชาที่เสิร์ฟพร้อมน้ำแข็ง,Iced tea became popular after a hot day at the 1904 World's Fair.,ชาเย็นเริ่มนิยมหลังวันที่อากาศร้อนจัดในงานเวิลด์แฟร์ปี 1904,Thai iced tea is bright orange.,ชาเย็น
juice,Food & Drink,,Beverages,2,5,No,,Liquid squeezed from fruit.,ของเหลวที่คั้นจากผลไม้,'Juice' is also slang for electricity or energy.,คำว่า juice ยังเป็นสแลงที่หมายถึงไฟฟ้าหรือพลังงานด้วย,"Fresh orange juice, please.",น้ำผลไม้
kombucha,Food & Drink,,Beverages,2,8,No,,A fizzy fermented tea.,ชาหมักมีฟอง,Kombucha is made using a living culture of bacteria and yeast.,คอมบูฉะทำขึ้นโดยใช้หัวเชื้อแบคทีเรียและยีสต์ที่มีชีวิต,Kombucha tastes slightly sour.,คอมบูฉะ
latte,Food & Drink,,Beverages,2,5,No,,Coffee with a lot of steamed milk.,กาแฟที่ใส่นมสตีมมาก,"In Italy, ordering a 'latte' will get you a glass of milk.",ถ้าสั่ง 'latte' ในอิตาลี คุณจะได้นมมาหนึ่งแก้ว,"An iced latte, please.",ลาเต้
lemonade,Food & Drink,,Beverages,2,8,No,,A drink made from lemons and sugar.,เครื่องดื่มจากเลมอนและน้ำตาล,In some countries lemonade means any clear fizzy drink.,ในบางประเทศ lemonade หมายถึงน้ำอัดลมใสชนิดใดก็ได้,Homemade lemonade is best.,น้ำมะนาว
matcha,Food & Drink,,Beverages,2,6,No,,Powdered green tea.,ผงชาเขียวบดละเอียดจากญี่ปุ่น ใช้ชงดื่ม,"Matcha uses the whole leaf, so it is stronger than brewed tea.",มัทฉะใช้ใบชาทั้งใบ จึงเข้มข้นกว่าชาที่ชงแบบปกติ,Matcha latte is bright green.,มัทฉะ
milk,Food & Drink,,Beverages,2,4,No,,A white liquid from cows or plants.,ของเหลวสีขาวจากวัวหรือพืช,Most adults worldwide cannot digest milk easily.,ผู้ใหญ่ส่วนใหญ่ทั่วโลกย่อยนมได้ไม่ดีนัก,Add milk to your tea.,นม
mocha,Food & Drink,,Beverages,2,5,No,,Coffee mixed with chocolate.,กาแฟผสมช็อกโกแลต,It is named after a Yemeni port famous for coffee trade.,ตั้งชื่อตามเมืองท่าในเยเมนที่มีชื่อเสียงด้านการค้ากาแฟ,A mocha is basically dessert.,มอคค่า
nectar,Food & Drink,,Beverages,2,6,No,,A thick sweet fruit drink.,เครื่องดื่มผลไม้ข้นรสหวาน,"In Greek myth, nectar was the drink of the gods.",ในตำนานกรีก น้ำอมฤตหรือ nectar คือเครื่องดื่มของทวยเทพ,Peach nectar is very sweet.,น้ำหวานผลไม้
punch,Food & Drink,,Beverages,2,5,No,,A mixed fruit drink served in a bowl.,เครื่องดื่มผลไม้ผสมที่เสิร์ฟในชาม,"The name may come from a Hindi word meaning five, for its five ingredients.",ชื่อนี้อาจมาจากคำฮินดีที่แปลว่าห้า ตามจำนวนส่วนผสมห้าอย่าง,Fruit punch at the party.,พันช์
shake,Food & Drink,Actions & Movement,Beverages,2,5,No,,A thick blended milk drink.,เครื่องดื่มนมปั่นข้น,Milkshakes were once alcoholic before becoming a diner staple.,ครั้งหนึ่งมิลค์เชคเคยผสมแอลกอฮอล์ก่อนจะกลายเป็นเมนูประจำร้านอาหาร,A chocolate shake for me.,มิลค์เชค
smoothie,Food & Drink,,Beverages,2,8,No,,A thick blended fruit drink.,เครื่องดื่มผลไม้ปั่นข้น,Smoothies became popular with the spread of home blenders.,สมูทตี้ได้รับความนิยมพร้อมกับการแพร่หลายของเครื่องปั่นตามบ้าน,"A mango smoothie, please.",สมูทตี้
soda,Food & Drink,,Beverages,2,4,No,,A sweet fizzy drink.,เครื่องดื่มหวานมีฟอง,Fizzy water was first created for medical use.,น้ำมีฟองถูกคิดค้นขึ้นเพื่อใช้ทางการแพทย์ในตอนแรก,The soda was too sweet.,น้ำอัดลม
tea,Food & Drink,Slang & GenZ,Beverages,2,3,No,,A hot drink made from leaves.,เครื่องดื่มร้อนที่ทำจากใบชา,"Almost every language calls it either 'tea' or 'cha', depending on the trade route.",แทบทุกภาษาเรียกมันว่า 'tea' หรือ 'cha' ขึ้นอยู่กับเส้นทางการค้าที่รับมา,"A cup of tea, please.",ชา
tonic,Food & Drink,,Beverages,2,5,No,,A bitter fizzy mixer.,เครื่องดื่มผสมรสขมมีฟอง,Tonic water was first drunk as a malaria medicine.,เดิมทีน้ำโทนิคถูกดื่มเป็นยารักษามาลาเรีย,Gin and tonic with ice.,โทนิค
water,Food & Drink,Nature & Weather,Beverages,2,5,No,,A clear liquid we drink to live.,ของเหลวใสไม่มีสีที่เราดื่มเพื่อมีชีวิตอยู่,'Water' is one of the oldest words in the English language.,คำว่า water เป็นคำที่เก่าแก่ที่สุดคำหนึ่งในภาษาอังกฤษ,Drink more water today.,น้ำ
whisky,Food & Drink,,Beverages,2,6,No,,A strong drink made from grain.,เหล้าแรงที่ทำจากธัญพืช,The name comes from a Gaelic phrase meaning water of life.,ชื่อของมันมาจากวลีภาษาเกลิกที่แปลว่าน้ำแห่งชีวิต,He poured a small whisky.,วิสกี้
wine,Food & Drink,,Beverages,2,4,No,,An alcoholic drink made from grapes.,เครื่องดื่มแอลกอฮอล์ที่ทำจากองุ่น,Wine is often named after the place its grapes grew.,ไวน์มักตั้งชื่อตามถิ่นที่ปลูกองุ่น,Red wine with dinner.,ไวน์
bento,Food & Drink,,Meals & Dishes,2,5,No,,A boxed meal with separate portions.,อาหารกล่องที่แบ่งเป็นช่องๆ,Bento boxes date back centuries in Japan.,กล่องเบนโตะมีประวัติในญี่ปุ่นย้อนหลังไปหลายศตวรรษ,She packs a bento for work.,ข้าวกล่องเบนโตะ
bread,Food & Drink,,Meals & Dishes,2,5,No,,Baked food made from flour.,อาหารอบที่ทำจากแป้ง,'Lord' and 'lady' both come from old words about bread.,คำว่า lord และ lady ล้วนมาจากคำโบราณที่เกี่ยวกับขนมปัง,Fresh bread smells wonderful.,ขนมปัง
breakfast,Food & Drink,,Meals & Dishes,2,9,No,,The first meal of the day.,มื้อแรกของวัน,It literally means breaking the overnight fast.,คำนี้แปลตรงตัวว่าการละศีลอดที่อดมาตลอดคืน,I skip breakfast on busy mornings.,อาหารเช้า
burger,Food & Drink,,Meals & Dishes,2,6,No,,A round patty served in a bun.,เนื้อแผ่นกลมเสิร์ฟในขนมปัง,"Short for hamburger, named after the German city of Hamburg.",ย่อมาจาก hamburger ซึ่งตั้งชื่อตามเมืองฮัมบวร์กของเยอรมนี,The burger came with fries.,เบอร์เกอร์
butter,Food & Drink,,Meals & Dishes,2,6,No,,A soft yellow fat made from cream.,ไขมันสีเหลืองนุ่มที่ทำจากครีม,'Butterfly' may be named because butter-coloured insects were common.,คำว่า butterfly อาจได้ชื่อเพราะแมลงสีเนยพบเห็นได้ทั่วไป,Spread butter on the toast.,เนย
cheese,Food & Drink,,Meals & Dishes,2,6,No,,A solid food made from milk.,อาหารเนื้อแข็งที่ทำจากนม,There are over a thousand named cheeses worldwide.,ทั่วโลกมีชีสที่มีชื่อเรียกมากกว่าหนึ่งพันชนิด,Add cheese to the pasta.,ชีส
curry,Food & Drink,,Meals & Dishes,2,5,No,,A spiced dish with sauce.,อาหารรสเครื่องเทศที่มีน้ำ,The English word comes from a Tamil word for sauce.,คำภาษาอังกฤษนี้มาจากคำภาษาทมิฬที่แปลว่าซอส,This curry is very rich.,แกง
dinner,Food & Drink,,Meals & Dishes,2,6,No,,The main evening meal.,มื้อหลักของตอนเย็น,"'Dinner' once meant the largest meal, whenever it was eaten.",ครั้งหนึ่ง dinner หมายถึงมื้อที่ใหญ่ที่สุด ไม่ว่าจะกินเวลาใดก็ตาม,Dinner is at seven tonight.,อาหารเย็น
dumpling,Food & Drink,,Meals & Dishes,2,8,No,,Dough wrapped around a filling.,แป้งห่อไส้,Dumplings are eaten at Lunar New Year because they resemble old money.,คนจีนกินเกี๊ยวช่วงตรุษจีนเพราะรูปร่างคล้ายเงินโบราณ,Steamed dumplings are my favourite.,เกี๊ยว
egg,Food & Drink,,Meals & Dishes,2,3,No,,A round food laid by birds.,อาหารทรงกลมที่นกออกมา,The modern spelling won out over the older 'ey' around 1500.,การสะกดแบบใหม่ชนะการสะกดแบบเก่าว่า 'ey' ราวปี 1500,Boil the egg for six minutes.,ไข่
lunch,Food & Drink,,Meals & Dishes,2,5,No,,The midday meal.,มื้อกลางวัน,'Lunch' is a shortened form of the older word 'luncheon'.,คำว่า lunch เป็นรูปย่อของคำเก่ากว่าคือ luncheon,Let's have lunch together.,อาหารกลางวัน
meal,Food & Drink,,Meals & Dishes,2,4,No,,Food eaten at one time.,อาหารที่กินในคราวเดียว,"'Meal' also means ground grain, from a completely separate old word.",คำว่า meal ยังหมายถึงธัญพืชบดได้ด้วย ซึ่งมาจากคำโบราณคนละคำโดยสิ้นเชิง,That was a lovely meal.,มื้ออาหาร
noodle,Food & Drink,,Meals & Dishes,2,6,No,,A long thin strip of dough.,แป้งที่ทำเป็นเส้นยาว,Noodles appear in Chinese records over four thousand years old.,เส้นก๋วยเตี๋ยวปรากฏในบันทึกจีนที่มีอายุกว่าสี่พันปี,This noodle soup is spicy.,เส้นก๋วยเตี๋ยว
omelette,Food & Drink,,Meals & Dishes,2,8,No,,Beaten eggs cooked flat in a pan.,ไข่ตีที่ทอดเป็นแผ่นในกระทะ,The name comes from a French word meaning a thin plate.,ชื่อของมันมาจากคำภาษาฝรั่งเศสที่แปลว่าแผ่นบางๆ,She made a cheese omelette.,ไข่เจียว
pancake,Food & Drink,,Meals & Dishes,2,7,No,,A flat cake fried in a pan.,ขนมแผ่นแบนที่ทอดในกระทะ,Almost every culture has its own version of the pancake.,แทบทุกวัฒนธรรมมีแพนเค้กในเวอร์ชันของตัวเอง,"Pancakes with honey, please.",แพนเค้ก
pasta,Food & Drink,,Meals & Dishes,2,5,No,,Italian food made from wheat dough.,อาหารอิตาลีที่ทำจากแป้งสาลี,"Italy makes hundreds of pasta shapes, each with its own name.",อิตาลีทำพาสต้าหลายร้อยรูปทรง แต่ละแบบมีชื่อเรียกของตัวเอง,The pasta needs more sauce.,พาสต้า
pizza,Food & Drink,,Meals & Dishes,2,5,No,,Flat bread topped with cheese and sauce.,แป้งแผ่นแบนที่โรยหน้าด้วยชีสและซอส,Pizza was street food for the poor in Naples before going global.,พิซซ่าเคยเป็นอาหารข้างทางของคนจนในเนเปิลส์ก่อนจะโด่งดังไปทั่วโลก,Let's order a pizza.,พิซซ่า
porridge,Food & Drink,,Meals & Dishes,2,8,No,,Grain boiled in water or milk.,ธัญพืชต้มในน้ำหรือนม,Porridge is one of the oldest cooked foods known.,โจ๊กเป็นอาหารปรุงสุกที่เก่าแก่ที่สุดเท่าที่รู้จักชนิดหนึ่ง,Porridge keeps you full all morning.,โจ๊ก
rice,Food & Drink,,Meals & Dishes,2,4,No,,Small white grains eaten as a staple.,เมล็ดสีขาวเล็กที่กินเป็นอาหารหลัก,Rice feeds more than half the world's population.,ข้าวเลี้ยงประชากรมากกว่าครึ่งหนึ่งของโลก,We eat rice with every meal.,ข้าว
roast,Food & Drink,,Meals & Dishes,2,5,No,,Food cooked in an oven or over fire.,อาหารที่ปรุงในเตาอบหรือบนไฟ,'Roast' also means to tease someone playfully.,คำว่า roast ยังหมายถึงการล้อเลียนกันแบบขำๆ ได้ด้วย,Sunday roast is a British tradition.,อาหารอบ
salad,Food & Drink,,Meals & Dishes,2,5,No,,A dish of raw vegetables.,อาหารจานผักสด,"The word comes from the Latin for salted, since greens were served salted.",คำนี้มาจากภาษาละตินที่แปลว่าใส่เกลือ เพราะผักสดถูกเสิร์ฟพร้อมเกลือ,Toss the salad before serving.,สลัด
salt,Food & Drink,Nature & Weather,Meals & Dishes,2,4,No,,A white mineral used to season food.,แร่สีขาวที่ใช้ปรุงรสอาหาร,"Roman soldiers were partly paid in salt, giving us the word 'salary'.",ทหารโรมันได้รับค่าจ้างส่วนหนึ่งเป็นเกลือ จึงเกิดคำว่า salary (เงินเดือน),Add a pinch of salt.,เกลือ
sandwich,Food & Drink,,Meals & Dishes,2,8,No,,Food between two slices of bread.,อาหารที่อยู่ระหว่างขนมปังสองแผ่น,"Named after the Earl of Sandwich, who ate this way while gambling.",ตั้งชื่อตามเอิร์ลแห่งแซนด์วิช ผู้กินแบบนี้ขณะเล่นพนัน,I made a cheese sandwich.,แซนด์วิช
sauce,Food & Drink,,Meals & Dishes,2,5,No,,A thick liquid served with food.,ของเหลวข้นที่เสิร์ฟคู่กับอาหาร,'Sauce' and 'salad' both come from the Latin word for salt.,คำว่า sauce กับ salad ล้วนมาจากคำละตินที่แปลว่าเกลือ,This sauce is too salty.,ซอส
soup,Food & Drink,,Meals & Dishes,2,4,No,,A liquid food eaten with a spoon.,อาหารเหลวที่กินด้วยช้อน,'Soup' and 'supper' share the same root.,คำว่า soup กับ supper มีรากศัพท์เดียวกัน,Hot soup on a cold day.,ซุป
soy sauce,Food & Drink,,Meals & Dishes,2,8,No,,A salty dark sauce made from soybeans.,ซอสสีเข้มรสเค็มที่ทำจากถั่วเหลือง,Soy sauce has been made in China for over two thousand years.,จีนผลิตซีอิ๊วมากว่าสองพันปีแล้ว,A splash of soy sauce finishes it.,ซีอิ๊ว
steak,Food & Drink,,Meals & Dishes,2,5,No,,A thick slice of meat.,เนื้อชิ้นหนา,'Steak' comes from an Old Norse word meaning to roast on a stick.,คำว่า steak มาจากคำนอร์สโบราณที่แปลว่าย่างบนไม้เสียบ,How do you like your steak?,สเต็ก
stew,Food & Drink,,Meals & Dishes,2,4,No,,Meat and vegetables cooked slowly in liquid.,เนื้อและผักที่เคี่ยวช้าๆ ในน้ำ,'Stew' once meant a heated public bathhouse.,ครั้งหนึ่ง stew หมายถึงโรงอาบน้ำสาธารณะที่มีไอร้อน,The stew simmered for hours.,สตูว์
sugar,Food & Drink,,Meals & Dishes,2,5,No,,A sweet substance used in food.,สารให้ความหวานที่ใช้ในอาหาร,Sugar reached Europe through Arab traders and was once a luxury medicine.,น้ำตาลมาถึงยุโรปผ่านพ่อค้าอาหรับ และเคยเป็นยาราคาแพง,No sugar in my coffee.,น้ำตาล
sushi,Food & Drink,,Meals & Dishes,2,5,No,,Japanese dish of rice with fish.,อาหารญี่ปุ่นที่เป็นข้าวกับปลา,"'Sushi' actually refers to the vinegared rice, not the fish.",จริงๆ แล้วคำว่า sushi หมายถึงข้าวปรุงน้ำส้ม ไม่ใช่ตัวปลา,We ordered sushi for lunch.,ซูชิ
taco,Food & Drink,,Meals & Dishes,2,4,No,,A folded tortilla with filling.,แผ่นแป้งตอร์ตียาพับใส่ไส้,Tacos began as a quick lunch for Mexican silver miners.,ทาโก้เริ่มต้นจากการเป็นอาหารกลางวันด่วนของคนงานเหมืองเงินในเม็กซิโก,"One more taco, please.",ทาโก้
biscuit,Food & Drink,,Snacks & Sweets,2,7,No,,A crisp baked snack.,ขนมอบแผ่นเล็กเนื้อกรอบ,"It means 'twice cooked', because biscuits were baked twice to keep longer.",คำนี้แปลว่า 'อบสองครั้ง' เพราะบิสกิตถูกอบซ้ำเพื่อให้เก็บได้นาน,Have a biscuit with your tea.,บิสกิต
brownie,Food & Drink,,Snacks & Sweets,2,7,No,,A dense chocolate square.,ขนมช็อกโกแลตเนื้อแน่นทรงสี่เหลี่ยม,The brownie was reportedly invented by accident in a Chicago hotel.,ว่ากันว่าบราวนี่ถูกคิดค้นโดยบังเอิญในโรงแรมแห่งหนึ่งในชิคาโก,The brownie was fudgy inside.,บราวนี่
cake,Food & Drink,,Snacks & Sweets,2,4,No,,A sweet baked food.,ขนมอบรสหวาน,'A piece of cake' means something easy.,สำนวน 'a piece of cake' แปลว่าเรื่องง่ายมาก,She baked a birthday cake.,เค้ก
candy,Food & Drink,,Snacks & Sweets,2,5,No,,Sweet food made mostly of sugar.,ขนมหวานที่ทำจากน้ำตาลเป็นหลัก,Americans say candy; the British say sweets.,คนอเมริกันเรียก candy ส่วนคนอังกฤษเรียก sweets,The candy is too sour.,ลูกอม
caramel,Food & Drink,,Snacks & Sweets,2,7,No,,Sugar cooked until brown and sweet.,น้ำตาลที่เคี่ยวจนเป็นสีน้ำตาลหอมหวาน,Caramel forms at around 170 degrees Celsius.,คาราเมลเกิดขึ้นที่อุณหภูมิราว 170 องศาเซลเซียส,Salted caramel is everywhere now.,คาราเมล
chocolate,Food & Drink,,Snacks & Sweets,2,9,No,,A sweet food made from cacao.,ขนมหวานที่ทำจากโกโก้,"The Aztecs drank chocolate bitter and spiced, never sweet.",ชาวแอซเท็กดื่มช็อกโกแลตแบบขมและใส่เครื่องเทศ ไม่เคยใส่น้ำตาลเลย,Dark chocolate is less sweet.,ช็อกโกแลต
cookie,Food & Drink,,Snacks & Sweets,2,6,No,,A small flat sweet biscuit.,ขนมแผ่นแบนเล็กรสหวาน,'Cookie' comes from a Dutch word meaning little cake.,คำว่า cookie มาจากคำภาษาดัตช์ที่แปลว่าเค้กชิ้นเล็ก,The cookies are still warm.,คุกกี้
crisp,Food & Drink,,Snacks & Sweets,2,5,No,,A thin fried slice of potato.,มันฝรั่งหั่นบางทอดกรอบ,Called crisps in Britain and chips in America.,อังกฤษเรียกว่า crisps ส่วนอเมริกาเรียกว่า chips,Open a bag of crisps.,มันฝรั่งทอด
croissant,Food & Drink,,Snacks & Sweets,2,9,No,,A flaky crescent-shaped pastry.,ขนมอบเนื้อชั้นรูปเสี้ยวจันทร์,"Despite its French fame, the croissant came from Austria.",แม้จะโด่งดังในฐานะขนมฝรั่งเศส แต่ครัวซองต์มีต้นกำเนิดในออสเตรีย,"A croissant and coffee, please.",ครัวซองต์
custard,Food & Drink,,Snacks & Sweets,2,7,No,,A soft dessert made with eggs and milk.,ของหวานเนื้อนุ่มที่ทำจากไข่และนม,Custard was originally baked inside a pastry crust.,เดิมทีคัสตาร์ดถูกอบอยู่ในแป้งพาย,Pour custard over the pudding.,คัสตาร์ด
donut,Food & Drink,,Snacks & Sweets,2,5,No,,A sweet fried ring of dough.,แป้งทอดเป็นวงรสหวาน,The hole was reportedly added so the middle would cook evenly.,ว่ากันว่ารูตรงกลางถูกเพิ่มเข้ามาเพื่อให้ตรงกลางสุกทั่วถึง,A donut with my coffee.,โดนัท
honey,Food & Drink,Animals,Snacks & Sweets,2,5,No,,A sweet liquid made by bees.,ของเหลวรสหวานที่ผึ้งผลิต,Honey found in ancient tombs was still edible after millennia.,น้ำผึ้งที่พบในสุสานโบราณยังกินได้แม้ผ่านไปนับพันปี,Stir honey into your tea.,น้ำผึ้ง
ice cream,Food & Drink,,Snacks & Sweets,2,8,No,,A frozen sweet dessert.,ของหวานแช่แข็ง,Ice cream was a rare luxury before refrigeration.,ก่อนมีตู้เย็น ไอศกรีมเป็นของหรูที่หาได้ยากมาก,"One scoop of ice cream, please.",ไอศกรีม
jam,Food & Drink,,Snacks & Sweets,2,3,No,,Fruit boiled with sugar to spread.,ผลไม้เคี่ยวน้ำตาลสำหรับทา,'Jam' also means a crowd or a traffic blockage.,คำว่า jam ยังหมายถึงฝูงชนหรือรถติดได้ด้วย,Strawberry jam on toast.,แยม
jelly,Food & Drink,,Snacks & Sweets,2,5,No,,A wobbly sweet made with gelatin.,ขนมหวานเนื้อเด้งที่ทำจากเจลาติน,"In America 'jelly' means fruit spread, not the wobbly dessert.",ในอเมริกา jelly หมายถึงแยมผลไม้ ไม่ใช่ขนมเนื้อเด้ง,The jelly wobbled on the plate.,เยลลี่
marshmallow,Food & Drink,,Snacks & Sweets,2,11,No,,A soft spongy sweet.,ขนมหวานเนื้อนุ่มฟู,It was once made from the sap of the marsh mallow plant.,ครั้งหนึ่งมันเคยทำจากยางของต้นมาร์ชแมลโลว์จริงๆ,Toast the marshmallow over the fire.,มาร์ชแมลโลว์
muffin,Food & Drink,,Snacks & Sweets,2,6,No,,A small round baked cake.,เค้กอบทรงกลมชิ้นเล็ก,British and American muffins are two completely different foods.,มัฟฟินแบบอังกฤษกับแบบอเมริกันเป็นอาหารคนละอย่างโดยสิ้นเชิง,Blueberry muffin for breakfast.,มัฟฟิน
nut,Food & Drink,,Snacks & Sweets,2,3,No,,A hard-shelled seed you can eat.,เมล็ดเปลือกแข็งที่กินได้,"Many foods called nuts, like peanuts, are not true nuts at all.",อาหารหลายอย่างที่เรียกว่าถั่ว เช่น ถั่วลิสง จริงๆ แล้วไม่ใช่ถั่วเปลือกแข็งแท้,A handful of nuts is filling.,ถั่วเปลือกแข็ง
pie,Food & Drink,,Snacks & Sweets,2,3,No,,A baked dish with a pastry crust.,อาหารอบที่มีเปลือกแป้ง,"Early pies had thick crusts used as containers, not eaten.",พายยุคแรกมีเปลือกหนาที่ใช้เป็นภาชนะ ไม่ได้กิน,Apple pie just came out.,พาย
popcorn,Food & Drink,,Snacks & Sweets,2,7,No,,Corn kernels heated until they burst.,เมล็ดข้าวโพดที่ถูกความร้อนจนแตก,Popcorn kernels explode when the water inside turns to steam.,เมล็ดข้าวโพดระเบิดเพราะน้ำข้างในกลายเป็นไอ,We shared popcorn at the cinema.,ป๊อปคอร์น
pretzel,Food & Drink,,Snacks & Sweets,2,7,No,,A knot-shaped baked snack.,ขนมอบรูปปม,The twisted shape is said to represent arms folded in prayer.,ว่ากันว่ารูปทรงบิดเป็นปมสื่อถึงแขนที่ไขว้กันขณะสวดมนต์,The pretzel was warm and salty.,เพรทเซล
pudding,Food & Drink,,Snacks & Sweets,2,7,No,,A soft sweet dessert.,ของหวานเนื้อนุ่ม,In Britain 'pudding' can mean dessert in general.,ในอังกฤษคำว่า pudding หมายถึงของหวานโดยรวมได้ด้วย,Chocolate pudding for dessert.,พุดดิ้ง
snack,Food & Drink,,Snacks & Sweets,2,5,No,,A small amount of food between meals.,อาหารปริมาณน้อยที่กินระหว่างมื้อ,"'Snack' once meant a bite or snap, as a dog might give.",ครั้งหนึ่ง snack หมายถึงการงับหรือขบ อย่างที่สุนัขทำ,Grab a quick snack.,ของว่าง
syrup,Food & Drink,,Snacks & Sweets,2,5,No,,A thick sweet liquid.,ของเหลวข้นรสหวาน,The word came into English from Arabic through Latin.,คำนี้เข้าสู่ภาษาอังกฤษจากภาษาอาหรับผ่านภาษาละติน,Maple syrup on pancakes.,น้ำเชื่อม
tart,Food & Drink,,Snacks & Sweets,2,4,No,,An open pastry with sweet filling.,ขนมอบหน้าเปิดที่มีไส้หวาน,'Tart' also describes a sharp sour taste.,คำว่า tart ยังใช้บรรยายรสเปรี้ยวจัดได้ด้วย,The lemon tart was sharp.,ทาร์ต
toffee,Food & Drink,,Snacks & Sweets,2,6,No,,A chewy sweet made from boiled sugar.,ขนมหวานเหนียวที่ทำจากน้ำตาลเคี่ยว,Toffee gets its colour from sugar browning as it cooks.,สีของทอฟฟี่มาจากน้ำตาลที่เปลี่ยนเป็นสีน้ำตาลขณะเคี่ยว,The toffee stuck to my teeth.,ทอฟฟี่
waffle,Food & Drink,,Snacks & Sweets,2,6,No,,A crisp cake baked in a patterned iron.,ขนมกรอบที่อบในพิมพ์ลายตาราง,'To waffle' also means to talk without saying much.,คำว่า 'to waffle' ยังหมายถึงการพูดยืดยาวโดยไม่ได้ใจความ,"Waffles with syrup, please.",วาฟเฟิล
bed,House & Home,,Furniture & Objects,2,3,No,,Furniture for sleeping on.,เฟอร์นิเจอร์สำหรับนอน,'Bed' also describes the bottom of a river.,คำว่า bed ยังใช้เรียกก้นแม่น้ำได้ด้วย,Make your bed each morning.,เตียง
blanket,House & Home,,Furniture & Objects,2,7,No,,A thick cover for warmth.,ผ้าหนาที่ใช้คลุมให้อบอุ่น,A 'blanket rule' means one that covers everything.,'blanket rule' หมายถึงกฎที่ครอบคลุมทุกกรณี,Pull the blanket up.,ผ้าห่ม
broom,House & Home,,Furniture & Objects,2,5,No,,A brush with a long handle.,แปรงที่มีด้ามยาว,Brooms were once made from a shrub actually called broom.,ไม้กวาดเคยทำจากพุ่มไม้ที่ชื่อว่า broom จริงๆ,Sweep the floor with the broom.,ไม้กวาด
bucket,House & Home,,Furniture & Objects,2,6,No,,An open container with a handle.,ภาชนะปากเปิดที่มีหูหิ้ว,A 'bucket list' comes from the phrase 'kick the bucket'.,คำว่า 'bucket list' มาจากสำนวน 'kick the bucket' ที่แปลว่าเสียชีวิต,Fill the bucket with water.,ถัง
carpet,House & Home,,Furniture & Objects,2,6,No,,A thick floor covering.,ผ้าหนาที่ปูพื้น,'Called on the carpet' means being scolded by a boss.,สำนวน 'called on the carpet' หมายถึงการถูกเจ้านายเรียกไปตำหนิ,The carpet needs cleaning.,พรม
chair,House & Home,,Furniture & Objects,2,5,No,,A seat with a back.,ที่นั่งที่มีพนักพิง,The person leading a meeting is also called the chair.,คนที่เป็นประธานการประชุมก็ถูกเรียกว่า chair เช่นกัน,Pull up a chair.,เก้าอี้
clock,House & Home,,Furniture & Objects,2,5,No,,A device that shows the time.,อุปกรณ์ที่บอกเวลา,"'Clock' comes from a word meaning bell, since early clocks rang.",คำว่า clock มาจากคำที่แปลว่าระฆัง เพราะนาฬิกายุคแรกใช้เสียงระฆังบอกเวลา,The clock is five minutes fast.,นาฬิกา
cupboard,House & Home,,Furniture & Objects,2,8,No,,A cabinet with doors for storage.,เฟอร์นิเจอร์มีบานประตู ใช้เก็บจานชามหรือของใช้,It literally began as a board for displaying cups.,จุดเริ่มต้นของมันคือแผ่นกระดานสำหรับวางโชว์ถ้วยจริงๆ,The cups are in the cupboard.,ตู้
curtain,House & Home,,Furniture & Objects,2,7,No,,Cloth hung over a window.,ผ้าที่แขวนบังหน้าต่าง,"'Curtain call' comes from theatre, not the home.",สำนวน 'curtain call' มาจากโรงละคร ไม่ใช่จากในบ้าน,Draw the curtains at night.,ผ้าม่าน
desk,House & Home,,Furniture & Objects,2,4,No,,A table for writing or working.,โต๊ะสำหรับเขียนหรือทำงาน,'Desk' and 'disc' both come from the Latin word for a flat plate.,คำว่า desk กับ disc ล้วนมาจากคำละตินที่แปลว่าแผ่นแบน,My desk is always messy.,โต๊ะทำงาน
drawer,House & Home,,Furniture & Objects,2,6,No,,A sliding box in furniture.,กล่องเลื่อนในเฟอร์นิเจอร์,It is named simply for being drawn out.,ชื่อของมันมาจากการที่มันถูกดึงออกมานั่นเอง,Socks go in the top drawer.,ลิ้นชัก
fridge,House & Home,,Furniture & Objects,2,6,No,,A cold cabinet for storing food.,ตู้เก็บอาหารที่ทำความเย็น,'Fridge' gained its 'd' from the brand name Frigidaire.,ตัว d ในคำว่า fridge มาจากยี่ห้อ Frigidaire,Put the milk in the fridge.,ตู้เย็น
kettle,House & Home,,Furniture & Objects,2,6,No,,A pot for boiling water.,หม้อสำหรับต้มน้ำ,'A different kettle of fish' means a completely separate matter.,สำนวน 'a different kettle of fish' หมายถึงเรื่องคนละเรื่องกันโดยสิ้นเชิง,The kettle is boiling.,กาต้มน้ำ
lamp,House & Home,,Furniture & Objects,2,4,No,,A device that gives light.,อุปกรณ์ที่ให้แสงสว่าง,'Lamp' comes from a Greek word meaning to shine.,คำว่า lamp มาจากคำภาษากรีกที่แปลว่าส่องแสง,"Turn on the lamp, please.",โคมไฟ
mirror,House & Home,,Furniture & Objects,2,6,No,,Glass that reflects your image.,กระจกที่สะท้อนภาพของเรา,"Early mirrors were polished metal, not glass.",กระจกเงายุคแรกทำจากโลหะขัดเงา ไม่ใช่แก้ว,Check the mirror before leaving.,กระจกเงา
oven,House & Home,,Furniture & Objects,2,4,No,,An enclosed space for baking.,พื้นที่ปิดสำหรับอบอาหาร,'Oven' is one of the oldest household words in English.,คำว่า oven เป็นคำเกี่ยวกับบ้านที่เก่าแก่ที่สุดคำหนึ่งในภาษาอังกฤษ,Preheat the oven first.,เตาอบ
pillow,House & Home,,Furniture & Objects,2,6,No,,A soft support for your head.,ที่หนุนศีรษะเนื้อนุ่ม,Some ancient cultures used pillows carved from wood or stone.,บางวัฒนธรรมโบราณใช้หมอนที่แกะสลักจากไม้หรือหิน,This pillow is too soft.,หมอน
shelf,House & Home,,Furniture & Objects,2,5,No,,A flat board for storing things.,แผ่นกระดานสำหรับวางสิ่งของ,'On the shelf' once meant set aside and forgotten.,สำนวน 'on the shelf' เคยหมายถึงถูกวางทิ้งไว้และถูกลืม,Put the books on the shelf.,ชั้นวางของ
sink,House & Home,,Furniture & Objects,2,4,No,,A basin with a water tap.,อ่างที่มีก๊อกน้ำ,The same word means to go under water.,คำเดียวกันนี้ยังแปลว่าจมน้ำได้ด้วย,Leave the dishes in the sink.,อ่างล้าง
sofa,House & Home,,Furniture & Objects,2,4,No,,A long soft seat for several people.,ที่นั่งยาวนุ่มสำหรับหลายคน,The word arrived in English from Arabic through Turkish.,คำนี้เข้าสู่ภาษาอังกฤษจากภาษาอาหรับผ่านภาษาตุรกี,The cat sleeps on the sofa.,โซฟา
stove,House & Home,,Furniture & Objects,2,5,No,,A device for cooking with heat.,อุปกรณ์ที่ใช้ความร้อนปรุงอาหาร,"'Stove' once meant a heated room, not the appliance.",ครั้งหนึ่ง stove หมายถึงห้องที่มีเครื่องทำความร้อน ไม่ใช่ตัวเตา,The stove is still hot.,เตา
table,House & Home,,Furniture & Objects,2,5,No,,A flat surface on legs.,พื้นผิวเรียบที่มีขา,'Table' also means a chart of information.,คำว่า table ยังหมายถึงตารางข้อมูลได้ด้วย,Set the table for four.,โต๊ะ
towel,House & Home,,Furniture & Objects,2,5,No,,Cloth used for drying.,ผ้าที่ใช้ซับให้แห้ง,'Throw in the towel' comes from boxing.,สำนวน 'throw in the towel' มาจากกีฬามวย,Hang the towel to dry.,ผ้าเช็ดตัว
attic,House & Home,,Rooms & Parts,2,5,No,,A room in the roof space.,ห้องในช่องหลังคา,It is named after a decorative style from Attica in Greece.,ตั้งชื่อตามรูปแบบการตกแต่งจากแคว้นแอตทิกาในกรีซ,Old boxes filled the attic.,ห้องใต้หลังคา
balcony,House & Home,Buildings & Structures,Rooms & Parts,2,7,No,,A platform outside an upper window.,ชานยื่นนอกหน้าต่างชั้นบน,The word came into English from Italian theatre design.,คำนี้เข้าสู่ภาษาอังกฤษจากการออกแบบโรงละครของอิตาลี,We drank coffee on the balcony.,ระเบียง
basement,House & Home,Buildings & Structures,Rooms & Parts,2,8,No,,A room below ground level.,ห้องที่อยู่ต่ำกว่าระดับพื้นดิน,Basements are rare in tropical countries because of flooding.,ห้องใต้ดินพบได้น้อยในประเทศเขตร้อนเพราะปัญหาน้ำท่วม,The washing machine is in the basement.,ห้องใต้ดิน
bathroom,House & Home,,Rooms & Parts,2,8,No,,The room with a bath or toilet.,ห้องที่มีอ่างอาบน้ำหรือสุขา,Americans say bathroom even when there is no bath.,คนอเมริกันเรียกว่า bathroom แม้ในห้องนั้นจะไม่มีอ่างอาบน้ำเลยก็ตาม,The bathroom is on the left.,ห้องน้ำ
bedroom,House & Home,,Rooms & Parts,2,7,No,,The room for sleeping.,ห้องสำหรับนอนหลับ,Separate bedrooms for children are a fairly modern idea.,การให้เด็กมีห้องนอนแยกเป็นแนวคิดที่ค่อนข้างใหม่,The bedroom is upstairs.,ห้องนอน
ceiling,House & Home,,Rooms & Parts,2,7,No,,The upper surface of a room.,พื้นผิวด้านบนของห้อง,A 'glass ceiling' means an invisible limit on promotion.,'glass ceiling' หมายถึงเพดานที่มองไม่เห็นซึ่งขวางการเลื่อนตำแหน่ง,The ceiling is very high.,เพดาน
door,House & Home,,Rooms & Parts,2,4,No,,A moving panel that closes an entrance.,แผ่นบานที่ปิดทางเข้า,'Door' is among the oldest words shared across European languages.,คำว่า door เป็นหนึ่งในคำที่เก่าแก่ที่สุดที่ภาษายุโรปหลายภาษาใช้ร่วมกัน,Please close the door.,ประตู
fence,House & Home,Buildings & Structures,Rooms & Parts,2,5,No,,A barrier around land.,สิ่งกั้นรอบที่ดิน,'Fence' is a shortened form of 'defence'.,คำว่า fence เป็นรูปย่อของคำว่า defence (การป้องกัน),The fence needs painting.,รั้ว
floor,House & Home,,Rooms & Parts,2,5,No,,The surface you walk on indoors.,ส่วนล่างสุดของห้องที่เราเหยียบอยู่,'Floor' also means a whole level of a building.,คำว่า floor ยังหมายถึงชั้นทั้งชั้นของอาคารได้ด้วย,Wipe the floor after cooking.,พื้น
garage,House & Home,,Rooms & Parts,2,6,No,,A place to keep a car.,ที่สำหรับเก็บรถ,The word comes from a French verb meaning to shelter.,คำนี้มาจากกริยาภาษาฝรั่งเศสที่แปลว่าให้ที่กำบัง,The bikes are in the garage.,โรงรถ
garden,House & Home,Nature & Weather,Rooms & Parts,2,6,No,,Land beside a house for plants.,ที่ดินข้างบ้านสำหรับปลูกต้นไม้,Americans usually say 'yard' for the same space.,คนอเมริกันมักเรียกพื้นที่เดียวกันนี้ว่า yard,We eat outside in the garden.,สวน
gate,House & Home,Buildings & Structures,Rooms & Parts,2,4,No,,A door in a wall or fence.,ประตูในกำแพงหรือรั้ว,'Gate' is also used for airport departure points.,คำว่า gate ยังใช้เรียกประตูขึ้นเครื่องที่สนามบินด้วย,Lock the gate at night.,ประตูรั้ว
hall,House & Home,,Rooms & Parts,2,4,No,,A passage or large room inside.,ทางเดินหรือห้องใหญ่ภายในบ้าน,A hall was once the single main room of a house.,ครั้งหนึ่ง hall คือห้องหลักเพียงห้องเดียวของบ้าน,Leave your shoes in the hall.,โถงทางเดิน
home,House & Home,,Rooms & Parts,2,4,No,,The place where you live.,สถานที่ที่เราอยู่อาศัย,'Home' has no simple equivalent in many languages.,คำว่า home ไม่มีคำแปลตรงตัวง่ายๆ ในหลายภาษา,I'm going home now.,บ้าน (ที่อยู่)
house,House & Home,,Rooms & Parts,2,5,No,,A building where people live.,อาคารที่คนอยู่อาศัย,A house is a building; a home is a feeling.,house คือตัวอาคาร ส่วน home คือความรู้สึก,They bought a small house.,บ้าน
kitchen,House & Home,,Rooms & Parts,2,7,No,,The room for cooking.,ห้องสำหรับทำอาหาร,'Kitchen' shares a root with 'cook' through Latin.,คำว่า kitchen มีรากศัพท์ร่วมกับคำว่า cook ผ่านภาษาละติน,She was cooking in the kitchen.,ห้องครัว
living room,House & Home,,Rooms & Parts,2,10,No,,The main room for relaxing.,ห้องหลักสำหรับพักผ่อน,It was once called the parlour or sitting room.,ครั้งหนึ่งมันถูกเรียกว่า parlour หรือ sitting room,We watched a film in the living room.,ห้องนั่งเล่น
roof,House & Home,Buildings & Structures,Rooms & Parts,2,4,No,,The top covering of a building.,ส่วนที่คลุมด้านบนของอาคาร,'Hit the roof' means to become very angry.,สำนวน 'hit the roof' แปลว่าโกรธจัด,Rain drummed on the roof.,หลังคา
room,House & Home,,Rooms & Parts,2,4,No,,A separate space inside a building.,พื้นที่แยกส่วนภายในอาคาร,"'Room' also means space in general, as in 'room to grow'.",คำว่า room ยังหมายถึงพื้นที่โดยทั่วไปได้ เช่น 'room to grow' (พื้นที่ให้เติบโต),My room faces the garden.,ห้อง
stair,House & Home,,Rooms & Parts,2,5,No,,A step in a set going up.,ขั้นหนึ่งในบันไดที่ทอดขึ้นไป,Stairs are almost always used in the plural.,คำว่า stairs มักใช้ในรูปพหูพจน์เสมอ,She sat on the bottom stair.,ขั้นบันได
wall,House & Home,Buildings & Structures,Rooms & Parts,2,4,No,,A vertical side of a room or building.,ด้านตั้งของห้องหรืออาคาร,'Walls have ears' warns that someone may be listening.,สำนวน 'walls have ears' เตือนว่าอาจมีคนแอบฟังอยู่,Hang the picture on that wall.,กำแพง
window,House & Home,,Rooms & Parts,2,6,No,,An opening with glass in a wall.,ช่องเปิดที่มีกระจกบนผนัง,It comes from an Old Norse word meaning 'wind eye'.,คำนี้มาจากคำนอร์สโบราณที่แปลว่า 'ตาลม',Open the window for air.,หน้าต่าง
belt,Clothes & Fashion,,Accessories,3,4,No,,A strap worn around the waist.,สายรัดที่คาดรอบเอว,'Tighten your belt' means spend less money.,สำนวน 'tighten your belt' แปลว่ารัดเข็มขัดใช้จ่ายให้น้อยลง,This belt is real leather.,เข็มขัด
bracelet,Clothes & Fashion,,Accessories,3,8,No,,Jewellery worn on the wrist.,เครื่องประดับที่สวมที่ข้อมือ,'Bracelet' comes from the Latin word for arm.,คำว่า bracelet มาจากคำภาษาละตินที่แปลว่าแขน,A charm bracelet jingled on her wrist.,กำไลข้อมือ
button,Clothes & Fashion,,Accessories,3,6,No,,A small disc that fastens clothes.,แผ่นกลมเล็กที่ใช้ติดเสื้อผ้า,Buttons existed as decoration long before buttonholes were invented.,กระดุมมีอยู่ในฐานะเครื่องประดับมานานก่อนที่จะมีการคิดค้นรังดุมเสียอีก,A button fell off my shirt.,กระดุม
cap,Clothes & Fashion,Slang & GenZ,Accessories,3,3,No,,A soft hat with a brim.,หมวกนุ่มที่มีปีกด้านหน้า,The graduation cap is called a mortarboard.,หมวกในพิธีรับปริญญาเรียกว่า mortarboard,He wore his cap backwards.,หมวกแก๊ป
crown,Clothes & Fashion,,Accessories,3,5,No,,A royal head ornament.,เครื่องประดับศีรษะของกษัตริย์,"The crown symbolises the monarchy itself, not just the object.",มงกุฎเป็นสัญลักษณ์ของสถาบันกษัตริย์เอง ไม่ใช่แค่ตัววัตถุ,The queen's crown sparkled.,มงกุฎ
earring,Clothes & Fashion,,Accessories,3,7,No,,Jewellery worn on the ear.,เครื่องประดับที่สวมที่หู,Sailors once wore gold earrings to pay for their funerals.,กะลาสีเรือในอดีตสวมต่างหูทองไว้เป็นค่าจัดงานศพของตัวเอง,One earring went missing.,ต่างหู
glasses,Clothes & Fashion,,Accessories,3,7,No,,Lenses worn to see better.,เลนส์ที่สวมเพื่อช่วยการมองเห็น,"Glasses are always plural, like scissors.",คำว่า glasses ใช้ในรูปพหูพจน์เสมอ เหมือนคำว่า scissors,I can't read without my glasses.,แว่นตา
glove,Clothes & Fashion,,Accessories,3,5,No,,A covering for the hand.,สิ่งที่สวมหุ้มมือ,'Fits like a glove' means fits perfectly.,สำนวน 'fits like a glove' แปลว่าพอดิบพอดี,Wear gloves when it's cold.,ถุงมือ
handbag,Clothes & Fashion,,Accessories,3,7,No,,A bag carried by hand or shoulder.,กระเป๋าที่ถือหรือสะพายไหล่,Handbags became essential when dresses lost their pockets.,กระเป๋าถือกลายเป็นของจำเป็นเมื่อชุดเดรสไม่มีกระเป๋าอีกต่อไป,She keeps everything in her handbag.,กระเป๋าถือ
hat,Clothes & Fashion,,Accessories,3,3,No,,A covering for the head.,สิ่งที่สวมคลุมศีรษะ,'Wearing many hats' means having many roles.,สำนวน 'wearing many hats' หมายถึงการรับบทบาทหลายอย่างพร้อมกัน,Wear a hat in the sun.,หมวก
necklace,Clothes & Fashion,,Accessories,3,8,No,,Jewellery worn around the neck.,เครื่องประดับที่สวมรอบคอ,Necklaces are among the oldest ornaments humans made.,สร้อยคอเป็นเครื่องประดับที่เก่าแก่ที่สุดชนิดหนึ่งที่มนุษย์ทำขึ้น,She wore a gold necklace.,สร้อยคอ
pocket,Clothes & Fashion,,Accessories,3,6,No,,A small pouch sewn into clothes.,ถุงเล็กที่เย็บติดกับเสื้อผ้า,Women's clothing famously has smaller pockets than men's.,เป็นที่รู้กันว่ากระเป๋าเสื้อผ้าผู้หญิงเล็กกว่าของผู้ชายมาก,Keys go in my left pocket.,กระเป๋าเสื้อผ้า
ring,Clothes & Fashion,,Accessories,3,4,No,,Jewellery worn on a finger.,เครื่องประดับที่สวมที่นิ้ว,"Wedding rings go on the fourth finger, once believed linked to the heart.",แหวนแต่งงานสวมที่นิ้วนางเพราะเคยเชื่อกันว่านิ้วนี้เชื่อมต่อกับหัวใจ,The ring was her grandmother's.,แหวน
scarf,Clothes & Fashion,,Accessories,3,5,No,,Cloth worn around the neck.,ผ้าที่พันรอบคอ,The plural can be 'scarfs' or 'scarves' — both are correct.,รูปพหูพจน์เป็นได้ทั้ง scarfs และ scarves ถูกต้องทั้งคู่,A silk scarf completes the outfit.,ผ้าพันคอ
sunglasses,Clothes & Fashion,,Accessories,3,10,No,,Dark glasses that block sunlight.,แว่นสีเข้มที่กันแสงแดด,Ancient judges in China wore dark lenses to hide their expressions.,ผู้พิพากษาจีนโบราณสวมเลนส์สีเข้มเพื่อปิดบังสีหน้าของตน,"Sunglasses on, beach mode.",แว่นกันแดด
tie,Clothes & Fashion,Actions & Movement,Accessories,3,3,No,,A strip of cloth worn with a shirt.,แถบผ้าที่สวมคู่กับเสื้อเชิ้ต,The necktie evolved from Croatian soldiers' scarves.,เนคไทพัฒนามาจากผ้าพันคอของทหารโครเอเชีย,He straightened his tie.,เนคไท
umbrella,Clothes & Fashion,,Accessories,3,8,No,,A device that keeps rain off.,อุปกรณ์ที่ใช้กันฝน,'Umbrella' comes from the Latin for shade — it was for sun first.,คำว่า umbrella มาจากภาษาละตินที่แปลว่าร่มเงา เพราะเดิมทีมันใช้กันแดด,Take an umbrella today.,ร่ม
wallet,Clothes & Fashion,,Accessories,3,6,No,,A small case for money and cards.,ซองเล็กสำหรับใส่เงินและบัตร,'Wallet' once meant a traveller's food bag.,ครั้งหนึ่ง wallet หมายถึงถุงใส่อาหารของนักเดินทาง,My wallet is in my back pocket.,กระเป๋าสตางค์
watch,Clothes & Fashion,Technology,Accessories,3,5,No,,A small clock worn on the wrist.,นาฬิกาเรือนเล็กที่สวมที่ข้อมือ,Wristwatches became popular with soldiers in World War One.,นาฬิกาข้อมือได้รับความนิยมจากทหารในสงครามโลกครั้งที่หนึ่ง,My watch is five minutes slow.,นาฬิกาข้อมือ
zipper,Clothes & Fashion,,Accessories,3,6,No,,A sliding fastener for clothes.,ตัวรูดสำหรับปิดเสื้อผ้า,The name 'zipper' imitates the sound it makes.,ชื่อ zipper เลียนเสียงที่มันทำตอนรูด,The zipper is stuck again.,ซิป
boot,Clothes & Fashion,,Everyday Wear,3,4,No,,A shoe covering the ankle.,รองเท้าที่หุ้มข้อเท้า,"In Britain, the 'boot' is also the back of a car.",ในอังกฤษ คำว่า boot ยังหมายถึงกระโปรงหลังรถด้วย,Rain boots keep feet dry.,รองเท้าบูท
coat,Clothes & Fashion,,Everyday Wear,3,4,No,,A long warm outer garment.,เสื้อคลุมยาวที่ให้ความอบอุ่น,A 'coat of paint' borrows the clothing word.,สำนวน 'a coat of paint' (สีหนึ่งชั้น) ยืมคำที่ใช้เรียกเสื้อผ้ามาใช้,Hang your coat by the door.,เสื้อโค้ท
dress,Clothes & Fashion,,Everyday Wear,3,5,No,,A one-piece garment for women.,เสื้อผ้าชิ้นเดียวสำหรับผู้หญิง,'Dress' as a verb means to put on any clothes.,คำว่า dress เมื่อเป็นกริยาหมายถึงการสวมเสื้อผ้าใดก็ได้,She bought a summer dress.,ชุดเดรส
hoodie,Clothes & Fashion,,Everyday Wear,3,6,No,,A sweatshirt with a hood.,เสื้อสเวตเชิ้ตที่มีฮู้ด,The hoodie began as workwear for cold warehouses.,ฮู้ดดี้เริ่มต้นจากการเป็นชุดทำงานในโกดังที่หนาวเย็น,He lives in that gray hoodie.,ฮู้ดดี้
jacket,Clothes & Fashion,,Everyday Wear,3,6,No,,A short coat.,เสื้อคลุมตัวสั้น,"'Jacket' comes from a French nickname for peasants, Jacques.",คำว่า jacket มาจากชื่อเล่นภาษาฝรั่งเศสที่ใช้เรียกชาวนาว่า Jacques,Take a jacket; it's cold.,แจ็กเก็ต
jeans,Clothes & Fashion,,Everyday Wear,3,5,No,,Trousers made of denim.,กางเกงที่ทำจากผ้าเดนิม,"Jeans are named after Genoa, Italy, where the cloth was made.",ยีนส์ได้ชื่อจากเมืองเจนัวในอิตาลี ซึ่งเป็นแหล่งผลิตผ้าชนิดนี้,She wears jeans every day.,กางเกงยีนส์
pajamas,Clothes & Fashion,,Everyday Wear,3,7,No,,Soft clothes for sleeping.,เสื้อผ้าเนื้อนุ่มสำหรับนอน,"The word came from Hindi and Persian, meaning leg garment.",คำนี้มาจากภาษาฮินดีและเปอร์เซีย แปลว่าเครื่องนุ่งห่มขา,Change into your pajamas.,ชุดนอน
pants,Clothes & Fashion,,Everyday Wear,3,5,No,,A garment for the legs.,เสื้อผ้าสำหรับสวมขา,'Pants' means trousers in America but underwear in Britain.,คำว่า pants แปลว่ากางเกงในอเมริกา แต่แปลว่ากางเกงในในอังกฤษ,These pants are too long.,กางเกง
sandal,Clothes & Fashion,,Everyday Wear,3,6,No,,An open shoe with straps.,รองเท้าเปิดที่มีสายรัด,Sandals are the oldest known type of footwear.,รองเท้าแตะเป็นรองเท้าประเภทที่เก่าแก่ที่สุดเท่าที่รู้จัก,Sandals are perfect for the beach.,รองเท้าแตะรัดส้น
shirt,Clothes & Fashion,,Everyday Wear,3,5,No,,A garment for the upper body.,เสื้อสำหรับสวมท่อนบน,'Shirt' and 'skirt' were once the same word from different dialects.,คำว่า shirt กับ skirt ครั้งหนึ่งเคยเป็นคำเดียวกันจากคนละสำเนียง,He ironed his shirt.,เสื้อเชิ้ต
shoe,Clothes & Fashion,,Everyday Wear,3,4,No,,A covering for the foot.,สิ่งที่สวมหุ้มเท้า,'Put yourself in their shoes' means imagine their situation.,สำนวน 'put yourself in their shoes' แปลว่าลองคิดในมุมของเขาดู,These shoes need cleaning.,รองเท้า
shorts,Clothes & Fashion,,Everyday Wear,3,6,No,,Short trousers.,เสื้อผ้าสวมท่อนล่างที่ยาวไม่ถึงเข่า,Shorts were once considered clothing only for boys.,ครั้งหนึ่งกางเกงขาสั้นถูกมองว่าเป็นเสื้อผ้าสำหรับเด็กผู้ชายเท่านั้น,Wear shorts in this heat.,กางเกงขาสั้น
skirt,Clothes & Fashion,,Everyday Wear,3,5,No,,A garment hanging from the waist.,เสื้อผ้าที่ห้อยลงจากเอว,'Skirt' arrived with the Vikings.,คำว่า skirt เข้ามาในภาษาอังกฤษพร้อมกับชาวไวกิ้ง,Her skirt has deep pockets.,กระโปรง
sneaker,Clothes & Fashion,,Everyday Wear,3,7,No,,A soft sports shoe.,รองเท้ากีฬาเนื้อนุ่ม,They were named 'sneakers' because rubber soles made them silent.,ที่เรียกว่า sneakers เพราะพื้นยางทำให้เดินได้เงียบกริบ,New sneakers for running.,รองเท้าผ้าใบ
sock,Clothes & Fashion,,Everyday Wear,3,4,No,,A soft covering for the foot.,สิ่งที่สวมหุ้มเท้าเนื้อนุ่ม,Washing machines really do seem to eat single socks.,เครื่องซักผ้าดูจะกินถุงเท้าข้างเดียวหายไปจริงๆ,One sock is missing again.,ถุงเท้า
sweater,Clothes & Fashion,,Everyday Wear,3,7,No,,A warm knitted top.,เสื้อไหมพรมที่ให้ความอบอุ่น,It was named for making athletes sweat during training.,ชื่อของมันมาจากการที่มันทำให้นักกีฬาเหงื่อออกระหว่างฝึกซ้อม,This sweater is so soft.,สเวตเตอร์
swimsuit,Clothes & Fashion,,Everyday Wear,3,8,No,,Clothing for swimming.,เสื้อผ้าสำหรับว่ายน้ำ,Early swimsuits were heavy wool from neck to knee.,ชุดว่ายน้ำยุคแรกทำจากขนสัตว์หนาๆ คลุมตั้งแต่คอถึงเข่า,Don't forget your swimsuit.,ชุดว่ายน้ำ
t-shirt,Clothes & Fashion,,Everyday Wear,3,6,No,,A casual shirt shaped like a T.,เสื้อลำลองที่มีรูปทรงเหมือนตัว T,T-shirts were underwear until the 1950s made them fashion.,เสื้อยืดเคยเป็นชุดชั้นในจนกระทั่งทศวรรษ 1950 ทำให้มันกลายเป็นแฟชั่น,A plain white t-shirt goes with everything.,เสื้อยืด
underwear,Clothes & Fashion,,Everyday Wear,3,9,No,,Clothes worn under other clothes.,เสื้อผ้าที่สวมไว้ข้างในเสื้อผ้าอื่น,The word is politely vague — simply 'wear underneath'.,คำนี้เลี่ยงพูดตรงๆ อย่างสุภาพ แปลง่ายๆ ว่า 'สิ่งที่สวมข้างใต้',Pack enough underwear for the trip.,ชุดชั้นใน
uniform,Clothes & Fashion,Education,Everyday Wear,3,7,No,,Identical clothes worn by a group.,เสื้อผ้าที่คนกลุ่มหนึ่งสวมเหมือนกัน,'Uniform' literally means one form.,คำว่า uniform แปลตรงตัวว่ารูปแบบเดียว,Students wear a uniform here.,เครื่องแบบ
answer,Education,,Learning Actions,3,6,No,,A reply to a question.,การตอบคำถาม,'Answer' originally meant a sworn legal reply.,เดิมที answer หมายถึงคำให้การที่สาบานต่อศาล,Raise your hand to answer.,คำตอบ
essay,Education,,Learning Actions,3,5,No,,A short piece of writing on a topic.,งานเขียนสั้นเกี่ยวกับหัวข้อหนึ่ง,'Essay' comes from French meaning an attempt.,คำว่า essay มาจากภาษาฝรั่งเศสที่แปลว่าความพยายาม,Write a one-page essay.,เรียงความ
fail,Education,Slang & GenZ,Learning Actions,3,4,No,,Not succeed.,ทำไม่สำเร็จ หรือสอบไม่ผ่าน,'Fail' softened over centuries from meaning to deceive.,ตลอดหลายศตวรรษ ความหมายของ fail อ่อนลงจากเดิมที่แปลว่าหลอกลวง,It's okay to fail and try again.,สอบตก
graduate,Education,,Learning Actions,3,8,No,,Complete a course of study.,สำเร็จการศึกษา,'Graduate' comes from the Latin for step or degree.,คำว่า graduate มาจากภาษาละตินที่แปลว่าขั้นหรือระดับ,She graduates next year.,เรียนจบ
memorize,Education,,Learning Actions,3,8,No,,Learn something by heart.,จำให้ขึ้นใจ,'By heart' exists because people believed memory lived in the heart.,สำนวน 'by heart' เกิดขึ้นเพราะคนเคยเชื่อว่าความทรงจำอยู่ในหัวใจ,Memorize ten words a day.,ท่องจำ
pass,Education,,Learning Actions,3,4,No,,Succeed in a test.,ทำได้สำเร็จในการทดสอบ,'Pass' has over twenty distinct meanings in English.,คำว่า pass มีความหมายแตกต่างกันกว่ายี่สิบความหมายในภาษาอังกฤษ,I passed the driving test!,สอบผ่าน
practice,Education,,Learning Actions,3,8,No,,Repeat a skill to improve.,ทำซ้ำเพื่อให้เก่งขึ้น,In British English the verb is spelled 'practise'.,ในภาษาอังกฤษแบบอังกฤษ กริยานี้สะกดว่า practise,Practice the piano daily.,ฝึกฝน
presentation,Education,,Learning Actions,3,12,No,,Speaking to a group about a topic.,การพูดต่อกลุ่มคนเกี่ยวกับหัวข้อหนึ่ง,Slide software changed classrooms in the 1990s.,โปรแกรมทำสไลด์เปลี่ยนโฉมห้องเรียนไปในทศวรรษ 1990,My presentation is on Friday.,การนำเสนอ
pronounce,Education,,Learning Actions,3,9,No,,Say a word correctly.,พูดคำให้ถูกต้อง,English spelling makes pronunciation famously unpredictable.,การสะกดคำในภาษาอังกฤษทำให้การออกเสียงคาดเดาไม่ได้จนขึ้นชื่อ,How do you pronounce this word?,ออกเสียง
question,Education,,Learning Actions,3,8,No,,A sentence that asks something.,ประโยคที่ใช้ถาม,The question mark evolved from the Latin word 'quaestio'.,เครื่องหมายคำถามพัฒนามาจากคำละติน quaestio,That's a good question.,คำถาม
quiz,Education,,Learning Actions,3,4,No,,A short informal test.,การทดสอบสั้นแบบไม่เป็นทางการ,"Legend claims 'quiz' was invented for a bet, though it is unproven.",มีตำนานว่าคำว่า quiz ถูกคิดขึ้นเพราะการพนัน แม้จะยังพิสูจน์ไม่ได้ก็ตาม,Pop quiz on chapter three!,ควิซ
repeat,Education,,Learning Actions,3,6,No,,Say or do again.,ทำหรือพูดอีกครั้ง,'Repeat after me' is a classic classroom phrase.,'Repeat after me' เป็นประโยคคลาสสิกในห้องเรียน,Repeat the word slowly.,พูดซ้ำ
review,Education,,Learning Actions,3,6,No,,Look at material again.,กลับไปดูเนื้อหาอีกครั้ง,'Review' literally means to see again.,คำว่า review แปลตรงตัวว่ามองอีกครั้ง,Review your notes before the exam.,ทบทวน
solve,Education,,Learning Actions,3,5,No,,Find the answer to a problem.,หาคำตอบของปัญหา,'Solve' comes from Latin meaning to loosen.,คำว่า solve มาจากภาษาละตินที่แปลว่าคลายออก,Solve the puzzle together.,แก้โจทย์
spell,Education,,Learning Actions,3,5,No,,Say the letters of a word.,บอกตัวอักษรของคำ,"'Spell' also means a magic charm — same word, old meaning.",คำว่า spell ยังแปลว่าคาถาเวทมนตร์ได้ด้วย เป็นคำเดียวกันในความหมายเก่า,Can you spell your name?,สะกด
study,Education,,Learning Actions,3,5,No,,Spend time learning.,ใช้เวลาไปกับการเรียนรู้,'Study' comes from Latin meaning eagerness.,คำว่า study มาจากภาษาละตินที่แปลว่าความกระตือรือร้น,I study best in the morning.,เรียน
teach,Education,,Learning Actions,3,5,No,,Help someone learn.,ช่วยให้ใครบางคนเรียนรู้,'Teach' and 'token' share a root meaning to show.,คำว่า teach กับ token มีรากศัพท์เดียวกันที่แปลว่าแสดงให้เห็น,She teaches English online.,สอน
translate,Education,,Learning Actions,3,9,No,,Change words into another language.,เปลี่ยนคำเป็นอีกภาษาหนึ่ง,'Translate' literally means to carry across.,คำว่า translate แปลตรงตัวว่าขนข้ามไป,Translate this sentence into Thai.,แปล
art,Education,,School Supplies & Subjects,3,3,No,,The subject of drawing and creating.,วิชาการวาดและการสร้างสรรค์,"'Art' once meant any skill, including medicine.",ครั้งหนึ่ง art หมายถึงทักษะใดก็ได้ รวมถึงวิชาแพทย์ด้วย,We painted in art class.,ศิลปะ
backpack,Education,Clothes & Fashion,School Supplies & Subjects,3,8,No,,A bag carried on the back.,กระเป๋าที่สะพายหลัง,Backpacks replaced leather satchels in schools in the 1980s.,เป้เข้ามาแทนที่กระเป๋าหนังสะพายในโรงเรียนช่วงทศวรรษ 1980,His backpack is full of books.,เป้
calculator,Education,,School Supplies & Subjects,3,10,No,,A device for doing maths.,อุปกรณ์สำหรับคำนวณ,Pocket calculators arrived in the early 1970s.,เครื่องคิดเลขพกพาปรากฏขึ้นในช่วงต้นทศวรรษ 1970,No calculators in this exam.,เครื่องคิดเลข
classroom,Education,,School Supplies & Subjects,3,9,No,,A room where lessons happen.,ห้องที่ใช้สอนหนังสือ,Blackboards made modern classrooms possible in the 1800s.,กระดานดำทำให้ห้องเรียนสมัยใหม่เกิดขึ้นได้ในศตวรรษที่ 19,The classroom was quiet during the test.,ห้องเรียน
crayon,Education,,School Supplies & Subjects,3,6,No,,A coloured wax stick for drawing.,แท่งขี้ผึ้งสีสำหรับวาดรูป,'Crayon' is simply the French word for pencil.,คำว่า crayon คือคำภาษาฝรั่งเศสที่แปลว่าดินสอนั่นเอง,The child drew with a red crayon.,สีเทียน
dictionary,Education,,School Supplies & Subjects,3,10,No,,A book that explains words.,หนังสือที่อธิบายความหมายของคำ,"Early dictionaries listed only difficult words, not all words.",พจนานุกรมยุคแรกรวบรวมเฉพาะคำยากๆ ไม่ใช่ทุกคำ,Look it up in the dictionary.,พจนานุกรม
eraser,Education,,School Supplies & Subjects,3,6,No,,A tool that removes pencil marks.,อุปกรณ์ที่ใช้ลบรอยดินสอ,"Before rubber erasers, people used bread crumbs.",ก่อนจะมียางลบ คนใช้เศษขนมปังลบแทน,"Pass me the eraser, please.",ยางลบ
exam,Education,,School Supplies & Subjects,3,4,No,,A formal test of knowledge.,การทดสอบความรู้อย่างเป็นทางการ,"'Exam' is short for examination, meaning a careful look.",คำว่า exam ย่อมาจาก examination ซึ่งแปลว่าการตรวจสอบอย่างละเอียด,The exam lasts two hours.,การสอบ
folder,Education,,School Supplies & Subjects,3,6,No,,A cover for holding papers.,ปกสำหรับเก็บเอกสาร,Computer folders copied the paper folder's look.,โฟลเดอร์ในคอมพิวเตอร์ลอกหน้าตามาจากแฟ้มกระดาษ,Keep the worksheets in a folder.,แฟ้ม
geography,Education,,School Supplies & Subjects,3,9,No,,The study of places and the Earth.,วิชาที่ศึกษาสถานที่และโลก,It literally means 'writing about the Earth' in Greek.,ในภาษากรีกคำนี้แปลตรงตัวว่า 'การเขียนเกี่ยวกับโลก',Geography teaches map reading.,ภูมิศาสตร์
glue,Education,,School Supplies & Subjects,3,4,No,,A sticky substance that joins things.,สารเหนียวที่ใช้ติดสิ่งของ,Ancient glue was boiled from animal bones.,กาวโบราณทำจากการต้มกระดูกสัตว์,Stick it down with glue.,กาว
grade,Education,,School Supplies & Subjects,3,5,No,,A mark showing how well you did.,คะแนนที่บอกว่าเราทำได้ดีแค่ไหน,Letter grades A to F only became common in the 1900s.,การให้เกรดเป็นตัวอักษร A ถึง F เพิ่งแพร่หลายในศตวรรษที่ 20,She got a good grade in maths.,เกรด
history,Education,,School Supplies & Subjects,3,7,No,,The study of the past.,วิชาที่ศึกษาอดีต,'History' and 'story' were once the same word.,คำว่า history กับ story ครั้งหนึ่งเคยเป็นคำเดียวกัน,History class covered ancient Siam.,ประวัติศาสตร์
homework,Education,,School Supplies & Subjects,3,8,No,,School tasks done at home.,งานโรงเรียนที่ทำที่บ้าน,Homework has been argued about since it was invented.,คนถกเถียงกันเรื่องการบ้านมาตั้งแต่วันที่มันถูกคิดค้นขึ้น,Finish your homework first.,การบ้าน
lesson,Education,,School Supplies & Subjects,3,6,No,,A period of teaching.,ช่วงเวลาของการสอน,'Lesson' originally meant a reading from a holy text.,เดิมที lesson หมายถึงบทอ่านจากคัมภีร์ศาสนา,Today's lesson is about verbs.,บทเรียน
library,Education,Travel & Places,School Supplies & Subjects,3,7,No,,A place full of books to borrow.,สถานที่ที่เต็มไปด้วยหนังสือให้ยืม,The Library of Alexandria was the ancient world's most famous.,หอสมุดแห่งอเล็กซานเดรียคือห้องสมุดที่โด่งดังที่สุดของโลกยุคโบราณ,Study quietly in the library.,ห้องสมุด
marker,Education,,School Supplies & Subjects,3,6,No,,A thick pen with bright ink.,ปากกาหัวใหญ่ที่มีหมึกสีสด,Permanent markers famously end up on whiteboards by mistake.,ปากกาถาวรมักไปจบลงบนไวท์บอร์ดด้วยความเข้าใจผิดจนขึ้นชื่อ,Use a blue marker for headings.,ปากกาเมจิก
math,Education,,School Supplies & Subjects,3,4,No,,The study of numbers.,วิชาที่ศึกษาเรื่องตัวเลข,"Britain says 'maths', America says 'math'.",อังกฤษเรียกว่า maths ส่วนอเมริกาเรียกว่า math,Math is my favourite subject.,คณิตศาสตร์
music,Education,,School Supplies & Subjects,3,5,No,,The subject of sound and song.,วิชาว่าด้วยเสียงและบทเพลง,'Music' honours the Muses of Greek myth.,คำว่า music เป็นการให้เกียรติเหล่ามิวส์ในตำนานกรีก,Music class is on Fridays.,ดนตรี
notebook,Education,,School Supplies & Subjects,3,8,No,,A book of blank pages for writing.,หนังสือหน้าว่างสำหรับเขียน,Laptops borrowed the name 'notebook' from paper ones.,แล็ปท็อปยืมชื่อ notebook มาจากสมุดกระดาษ,Write it in your notebook.,สมุด
pen,Education,,School Supplies & Subjects,3,3,No,,A writing tool with ink.,อุปกรณ์เขียนที่ใช้หมึก,"'Pen' comes from the Latin for feather, since quills came first.",คำว่า pen มาจากภาษาละตินที่แปลว่าขนนก เพราะปากกาขนนกมาก่อน,Sign with a blue pen.,ปากกา
pencil,Education,,School Supplies & Subjects,3,6,No,,A writing tool with a graphite core.,อุปกรณ์เขียนที่มีไส้แกรไฟต์,Pencil 'lead' has never actually contained lead.,ไส้ดินสอที่เรียกว่า 'lead' ไม่เคยมีตะกั่วอยู่ในนั้นเลย,Sharpen your pencil before class.,ดินสอ
ruler,Education,,School Supplies & Subjects,3,5,No,,A straight tool for measuring.,อุปกรณ์ตรงสำหรับวัดความยาว,The same word means a king or leader.,คำเดียวกันนี้ยังแปลว่ากษัตริย์หรือผู้ปกครองด้วย,Draw the line with a ruler.,ไม้บรรทัด
school,Education,Travel & Places,School Supplies & Subjects,3,6,No,,A place where children learn.,สถานที่ที่เด็กๆ มาเรียน,'School' comes from a Greek word meaning leisure — learning was free time.,คำว่า school มาจากคำกรีกที่แปลว่าเวลาว่าง เพราะการเรียนเคยเป็นกิจกรรมยามว่าง,School starts at eight.,โรงเรียน
science,Education,,School Supplies & Subjects,3,7,No,,The study of the natural world.,วิชาที่ศึกษาธรรมชาติ,'Science' simply meant knowledge until the 1800s.,คำว่า science หมายถึงความรู้เฉยๆ จนกระทั่งศตวรรษที่ 19,We did an experiment in science.,วิทยาศาสตร์
scissors,Education,,School Supplies & Subjects,3,8,No,,A tool with two blades for cutting.,อุปกรณ์สองใบมีดสำหรับตัด,"Scissors are always plural in English, like trousers.",คำว่า scissors ใช้รูปพหูพจน์เสมอในภาษาอังกฤษ เหมือนคำว่า trousers,Cut along the line with scissors.,กรรไกร
semester,Education,,School Supplies & Subjects,3,8,No,,Half of a school year.,ครึ่งหนึ่งของปีการศึกษา,'Semester' comes from Latin meaning six months.,คำว่า semester มาจากภาษาละตินที่แปลว่าหกเดือน,The semester ends in March.,ภาคเรียน
stapler,Education,,School Supplies & Subjects,3,7,No,,A tool that pins papers together.,อุปกรณ์ที่ใช้เย็บกระดาษเข้าด้วยกัน,Office comedy has made the red stapler famous.,หนังตลกเกี่ยวกับออฟฟิศทำให้แม็กสีแดงโด่งดัง,The stapler is out of staples.,แม็กเย็บกระดาษ
student,Education,Jobs & Work,School Supplies & Subjects,3,7,No,,A person who is learning.,คนที่กำลังเรียนรู้,'Student' comes from Latin meaning to be eager.,คำว่า student มาจากภาษาละตินที่แปลว่ากระตือรือร้น,Every student needs a notebook.,นักเรียน
teacher,Education,Jobs & Work,School Supplies & Subjects,3,7,No,,A person who helps others learn.,คนที่ช่วยให้ผู้อื่นเรียนรู้,"In Thailand, Teachers' Day honours teachers every January.",ในประเทศไทยมีวันครูเพื่อยกย่องครูทุกเดือนมกราคม,Our teacher explains things clearly.,ครู
textbook,Education,,School Supplies & Subjects,3,8,No,,A book used for studying a subject.,หนังสือที่ใช้ศึกษาวิชาหนึ่ง,'Textbook' as an adjective means perfectly typical.,คำว่า textbook เมื่อเป็นคำคุณศัพท์แปลว่าเป็นแบบฉบับอย่างสมบูรณ์,Open your textbook to page ten.,หนังสือเรียน
whiteboard,Education,,School Supplies & Subjects,3,10,No,,A white surface for writing with markers.,กระดานสีขาวสำหรับเขียนด้วยปากกาเมจิก,Whiteboards replaced chalkboards to escape chalk dust.,ไวท์บอร์ดเข้ามาแทนกระดานดำเพื่อหนีปัญหาฝุ่นชอล์ก,The teacher filled the whiteboard.,ไวท์บอร์ด
allergy,Health & Body,,Illness & Fitness,3,7,No,,A bad reaction to a normal thing.,ปฏิกิริยาผิดปกติต่อสิ่งที่ปกติไม่เป็นอันตราย,The word was invented by a doctor in 1906.,คำนี้ถูกคิดขึ้นโดยแพทย์คนหนึ่งในปี 1906,She has a peanut allergy.,ภูมิแพ้
bandage,Health & Body,,Illness & Fitness,3,7,No,,Cloth wrapped around a wound.,ผ้าที่พันรอบบาดแผล,"'Band', 'bond', and 'bandage' all share a root meaning to tie.","คำว่า band, bond และ bandage ล้วนมีรากศัพท์เดียวกันที่แปลว่าผูก",Wrap a bandage around it.,ผ้าพันแผล
breath,Health & Body,,Illness & Fitness,3,6,No,,Air taken into the lungs.,อากาศที่สูดเข้าปอด,'Breath' is the noun; 'breathe' is the verb.,breath เป็นคำนาม ส่วน breathe เป็นคำกริยา,Take a deep breath.,ลมหายใจ
checkup,Health & Body,,Illness & Fitness,3,7,No,,A routine medical examination.,การตรวจร่างกายตามปกติ,Annual checkups became common only in the last century.,การตรวจสุขภาพประจำปีเพิ่งกลายเป็นเรื่องปกติในศตวรรษที่ผ่านมานี้เอง,Book a yearly checkup.,ตรวจสุขภาพ
cough,Health & Body,,Illness & Fitness,3,5,No,,Push air noisily from the lungs.,ดันลมออกจากปอดพร้อมเสียง,The spelling of 'cough' obeys no rules at all.,การสะกดคำว่า cough ไม่เป็นไปตามกฎใดๆ เลย,Cover your mouth when you cough.,ไอ
diet,Health & Body,Food & Drink,Illness & Fitness,3,4,No,,The food you regularly eat.,อาหารที่เรากินเป็นประจำ,"'Diet' originally meant a way of living, not weight loss.",เดิมที diet หมายถึงวิถีการดำเนินชีวิต ไม่ใช่การลดน้ำหนัก,A balanced diet matters most.,อาหารการกิน
energy,Health & Body,,Illness & Fitness,3,6,No,,The strength to be active.,กำลังที่ทำให้เราเคลื่อนไหวได้,'Energy' comes from Greek meaning 'at work'.,คำว่า energy มาจากภาษากรีกที่แปลว่า 'กำลังทำงาน',Breakfast gives you energy.,พลังงาน
exercise,Health & Body,Sports & Games,Illness & Fitness,3,8,No,,Physical activity for health.,กิจกรรมทางกายเพื่อสุขภาพ,'Exercise' once meant driving farm animals to work.,ครั้งหนึ่ง exercise หมายถึงการต้อนสัตว์ในฟาร์มให้ทำงาน,Exercise three times a week.,ออกกำลังกาย
fever,Health & Body,,Illness & Fitness,3,5,No,,A body temperature that is too high.,อุณหภูมิร่างกายที่สูงเกินปกติ,Fever is the body's way of fighting infection.,ไข้คือวิธีที่ร่างกายใช้ต่อสู้กับการติดเชื้อ,He has a slight fever.,ไข้
gym,Health & Body,Sports & Games,Illness & Fitness,3,3,No,,A place for physical training.,สถานที่สำหรับฝึกร่างกาย,"'Gym' is short for gymnasium, Greek for training place.",คำว่า gym ย่อมาจาก gymnasium ซึ่งเป็นภาษากรีกแปลว่าสถานที่ฝึกซ้อม,He goes to the gym at dawn.,ยิม
headache,Health & Body,,Illness & Fitness,3,8,No,,Pain in the head.,อาการเจ็บที่ศีรษะ,'A headache' also means any annoying problem.,คำว่า 'a headache' ยังหมายถึงปัญหาน่ารำคาญใดก็ได้,This noise gives me a headache.,ปวดหัว
healthy,Health & Body,,Illness & Fitness,3,7,No,,In good physical condition.,มีร่างกายแข็งแรง,'Health' and 'whole' share the same root.,คำว่า health กับ whole มีรากศัพท์เดียวกัน,Eat healthy food daily.,สุขภาพดี
hospital,Health & Body,Travel & Places,Illness & Fitness,3,8,No,,A place that treats the sick.,สถานที่รักษาผู้ป่วย,"'Hospital', 'hotel', and 'hospitality' are all cousins.","คำว่า hospital, hotel และ hospitality ล้วนเป็นญาติกัน",The hospital is five minutes away.,โรงพยาบาล
injury,Health & Body,,Illness & Fitness,3,6,No,,Physical harm to the body.,ความเสียหายทางร่างกาย,"'Injury' originally meant injustice, not a wound.",เดิมที injury หมายถึงความอยุติธรรม ไม่ใช่บาดแผล,The injury healed in a month.,อาการบาดเจ็บ
medicine,Health & Body,,Illness & Fitness,3,8,No,,Something taken to treat illness.,สิ่งที่กินเพื่อรักษาอาการเจ็บป่วย,Aspirin began as willow tree bark.,แอสไพรินเริ่มต้นจากเปลือกต้นหลิว,Take the medicine after meals.,ยา
nap,Health & Body,,Illness & Fitness,3,3,No,,A short sleep in the day.,การนอนสั้นๆ ในตอนกลางวัน,Famous nappers include Einstein and Churchill.,คนดังที่ชอบงีบหลับมีทั้งไอน์สไตน์และเชอร์ชิล,A short nap restores focus.,งีบหลับ
pain,Health & Body,,Illness & Fitness,3,4,No,,An unpleasant physical feeling.,ความรู้สึกไม่สบายทางกาย,'Pain' comes from the Latin for punishment.,คำว่า pain มาจากภาษาละตินที่แปลว่าการลงโทษ,The pain faded by morning.,ความเจ็บปวด
pharmacy,Health & Body,Travel & Places,Illness & Fitness,3,8,No,,A shop that sells medicine.,ร้านที่จำหน่ายยา,The green cross marks pharmacies across much of the world.,เครื่องหมายกากบาทสีเขียวใช้บอกตำแหน่งร้านขายยาในหลายประเทศทั่วโลก,The pharmacy is open late.,ร้านขายยา
rest,Health & Body,,Illness & Fitness,3,4,No,,Time spent relaxing to recover.,เวลาที่ใช้ผ่อนคลายเพื่อฟื้นตัว,'Rest' is both the cure and what remains.,คำว่า rest เป็นทั้งการรักษาและสิ่งที่เหลืออยู่,Rest is the best medicine.,การพักผ่อน
sick,Health & Body,,Illness & Fitness,3,4,No,,Not healthy; ill.,มีอาการไม่สบาย ร่างกายผิดปกติ,"In slang, 'sick' can strangely mean excellent.",ในภาษาสแลง คำว่า sick กลับหมายถึงเยี่ยมมากได้อย่างน่าแปลก,She stayed home sick.,ป่วย
stress,Health & Body,,Illness & Fitness,3,6,No,,Mental pressure or tension.,แรงกดดันทางจิตใจ,'Stress' was an engineering term before a human one.,คำว่า stress เป็นศัพท์ทางวิศวกรรมมาก่อนที่จะใช้กับคน,Deep breathing reduces stress.,ความเครียด
vaccine,Health & Body,,Illness & Fitness,3,7,No,,An injection that prevents disease.,การฉีดยาเพื่อป้องกันโรค,"'Vaccine' comes from the Latin for cow, thanks to cowpox.",คำว่า vaccine มาจากภาษาละตินที่แปลว่าวัว เพราะมาจากฝีดาษวัว,The vaccine takes seconds.,วัคซีน
vitamin,Health & Body,Food & Drink,Illness & Fitness,3,7,No,,A substance the body needs in small amounts.,สารที่ร่างกายต้องการในปริมาณน้อย,"The word combines 'vital' with 'amine', a chemical guess that stuck.",คำนี้รวมคำว่า vital กับ amine ซึ่งเป็นการเดาทางเคมีที่ผิดแต่ติดใช้มาจนทุกวันนี้,Oranges are rich in vitamin C.,วิตามิน
wound,Health & Body,,Illness & Fitness,3,5,No,,An injury that breaks the skin.,การบาดเจ็บที่ทำให้ผิวหนังฉีกขาด,'Wound' the injury and 'wound' the past of wind look identical.,คำว่า wound ที่แปลว่าแผล กับ wound ที่เป็นอดีตของ wind สะกดเหมือนกันเป๊ะ,Clean the wound gently.,บาดแผล
yoga,Health & Body,Sports & Games,Illness & Fitness,3,4,No,,Exercise of stretching and breathing.,การออกกำลังกายด้วยการยืดเหยียดและหายใจ,'Yoga' means union in Sanskrit.,คำว่า yoga แปลว่าการรวมเป็นหนึ่งในภาษาสันสกฤต,Morning yoga clears my head.,โยคะ
artist,Jobs & Work,Education,Professions & Office,3,6,No,,A person who creates art.,คนที่สร้างสรรค์งานศิลปะ,"'Starving artist' reflects art's uncertain pay, not talent.",คำว่า 'starving artist' สะท้อนรายได้ที่ไม่แน่นอนของงานศิลปะ ไม่ใช่เรื่องความสามารถ,The artist painted the mural.,ศิลปิน
boss,Jobs & Work,,Professions & Office,3,4,No,,The person in charge.,คนที่เป็นผู้บังคับบัญชา,'Boss' came from a Dutch word meaning master.,คำว่า boss มาจากคำภาษาดัตช์ที่แปลว่านาย,My boss approved my leave.,เจ้านาย
career,Jobs & Work,,Professions & Office,3,6,No,,A long-term work path.,เส้นทางการทำงานระยะยาว,'Career' comes from a word for a racetrack.,คำว่า career มาจากคำที่แปลว่าลู่แข่งรถ,She built her career in design.,อาชีพ
cashier,Jobs & Work,,Professions & Office,3,7,No,,A person who handles payments.,คนที่รับชำระเงิน,'Cashier' and 'cash' both trace back to a word for money box.,คำว่า cashier กับ cash ล้วนย้อนกลับไปถึงคำที่แปลว่ากล่องใส่เงิน,The cashier gave me change.,แคชเชียร์
chef,Jobs & Work,Food & Drink,Professions & Office,3,4,No,,A professional cook.,พ่อครัวมืออาชีพ,'Chef' is French for chief — the kitchen's leader.,คำว่า chef เป็นภาษาฝรั่งเศสแปลว่าหัวหน้า คือผู้นำของครัวนั่นเอง,The chef came out to greet us.,เชฟ
colleague,Jobs & Work,,Professions & Office,3,9,No,,A person you work with.,คนที่เราทำงานด้วย,'Colleague' means chosen together in Latin.,คำว่า colleague ในภาษาละตินแปลว่าถูกเลือกมาด้วยกัน,My colleagues brought cake.,เพื่อนร่วมงาน
dentist,Jobs & Work,Health & Body,Professions & Office,3,7,No,,A doctor for teeth.,แพทย์ที่รักษาฟัน,'Dentist' comes straight from the French word for tooth.,คำว่า dentist มาจากคำภาษาฝรั่งเศสที่แปลว่าฟันโดยตรง,The dentist found no problems.,หมอฟัน
doctor,Jobs & Work,Health & Body,Professions & Office,3,6,No,,A person who treats sick people.,คนที่รักษาผู้ป่วย,"'Doctor' originally meant teacher, from Latin 'docere'.",เดิมที doctor หมายถึงครู มาจากคำละติน docere,See a doctor about that cough.,หมอ
engineer,Jobs & Work,,Professions & Office,3,8,No,,A person who designs and builds things.,คนที่ออกแบบและสร้างสิ่งต่างๆ,'Engineer' comes from the same root as 'ingenious'.,คำว่า engineer มีรากศัพท์เดียวกับคำว่า ingenious (ช่างคิด),The engineer inspected the bridge.,วิศวกร
farmer,Jobs & Work,,Professions & Office,3,6,No,,A person who grows food.,คนที่ปลูกพืชผลเป็นอาหาร,Farming began the entire history of settled civilisation.,การทำเกษตรกรรมคือจุดเริ่มต้นของประวัติศาสตร์อารยธรรมที่ตั้งถิ่นฐาน,The farmer wakes before dawn.,ชาวนา
firefighter,Jobs & Work,,Professions & Office,3,11,No,,A person who puts out fires.,คนที่ดับไฟ,Ancient Rome had firefighting teams two thousand years ago.,กรุงโรมโบราณมีหน่วยดับเพลิงมาตั้งแต่สองพันปีก่อน,Firefighters arrived in minutes.,นักดับเพลิง
interview,Jobs & Work,,Professions & Office,3,9,No,,A formal meeting for a job.,การพบกันอย่างเป็นทางการเพื่อสมัครงาน,'Interview' literally means seeing each other.,คำว่า interview แปลตรงตัวว่าการมองเห็นซึ่งกันและกัน,The interview went really well.,สัมภาษณ์
lawyer,Jobs & Work,,Professions & Office,3,6,No,,A person trained in law.,คนที่เรียนมาทางกฎหมาย,Lawyer jokes are a whole genre of humour.,มุกตลกเกี่ยวกับทนายความเป็นแนวตลกทั้งแนวเลยทีเดียว,Ask a lawyer before signing.,ทนายความ
manager,Jobs & Work,,Professions & Office,3,7,No,,A person who leads a team.,คนที่นำทีม,'Manage' originally meant to handle a horse.,เดิมที manage หมายถึงการบังคับม้า,Ask the manager for approval.,ผู้จัดการ
meeting,Jobs & Work,,Professions & Office,3,7,No,,A gathering to discuss work.,การรวมตัวเพื่อหารืองาน,'This meeting could have been an email' is a modern office joke.,'ประชุมนี้ส่งเป็นอีเมลก็ได้' เป็นมุกตลกยอดฮิตของออฟฟิศยุคใหม่,The meeting ran overtime.,การประชุม
musician,Jobs & Work,Education,Professions & Office,3,8,No,,A person who plays music.,คนที่เล่นดนตรี,Street musicians are called buskers.,นักดนตรีเปิดหมวกตามท้องถนนเรียกว่า buskers,The musician tuned her guitar.,นักดนตรี
nurse,Jobs & Work,Health & Body,Professions & Office,3,5,No,,A person who cares for patients.,คนที่ดูแลผู้ป่วย,Modern nursing was shaped by Florence Nightingale.,การพยาบาลสมัยใหม่ถูกวางรากฐานโดยฟลอเรนซ์ ไนติงเกล,The nurse checked my temperature.,พยาบาล
office,Jobs & Work,Buildings & Structures,Professions & Office,3,6,No,,A place where people work at desks.,สถานที่ที่คนทำงานที่โต๊ะ,"'Office' first meant a duty, then the place you do it.",เดิมที office หมายถึงหน้าที่ ก่อนจะกลายเป็นสถานที่ที่ทำหน้าที่นั้น,The office is quiet on Fridays.,ออฟฟิศ
pilot,Jobs & Work,,Professions & Office,3,5,No,,A person who flies aircraft.,คนที่ขับเครื่องบิน,'Pilot' originally meant a ship's steersman.,เดิมที pilot หมายถึงคนถือหางเสือเรือ,The pilot announced the delay.,นักบิน
police officer,Jobs & Work,,Professions & Office,3,13,No,,A person who enforces the law.,คนที่บังคับใช้กฎหมาย,"'Police' comes from the Greek word for city, 'polis'.",คำว่า police มาจากคำภาษากรีก polis ที่แปลว่าเมือง,A police officer directed traffic.,ตำรวจ
retire,Jobs & Work,,Professions & Office,3,6,No,,Stop working after many years.,หยุดทำงานหลังทำมานานหลายปี,'Retire' literally means to withdraw.,คำว่า retire แปลตรงตัวว่าถอนตัวออกมา,He plans to retire at sixty.,เกษียณ
salary,Jobs & Work,,Professions & Office,3,6,No,,Money paid for work.,เงินที่ได้รับจากการทำงาน,'Salary' comes from Roman soldiers' salt allowance.,คำว่า salary มาจากเบี้ยเลี้ยงเกลือของทหารโรมัน,Her salary rises every year.,เงินเดือน
scientist,Jobs & Work,,Professions & Office,3,9,No,,A person who studies how things work.,คนที่ศึกษาว่าสิ่งต่างๆ ทำงานอย่างไร,The word 'scientist' was only coined in 1833.,คำว่า scientist เพิ่งถูกบัญญัติขึ้นในปี 1833 นี้เอง,The scientist ran the test twice.,นักวิทยาศาสตร์
waiter,Jobs & Work,,Professions & Office,3,6,No,,A person who serves food.,คนที่เสิร์ฟอาหาร,'Waiter' literally means one who waits — on tables.,คำว่า waiter แปลตรงตัวว่าผู้รอคอย คือรอคอยรับใช้ที่โต๊ะ,The waiter recommended the fish.,พนักงานเสิร์ฟ
writer,Jobs & Work,Education,Professions & Office,3,6,No,,A person who writes for a living.,คนที่เขียนหนังสือเป็นอาชีพ,'Ghostwriters' write books published under other names.,คำว่า ghostwriter หมายถึงคนที่เขียนหนังสือให้ผู้อื่นตีพิมพ์ในชื่อตัวเอง,The writer finished her novel.,นักเขียน
bamboo,Nature & Weather,Vegetables,Plants & Landscape,3,6,No,,A tall fast-growing grass.,หญ้าต้นสูงที่โตเร็วมาก,Some bamboo grows nearly a metre in one day.,ไผ่บางชนิดสูงขึ้นเกือบหนึ่งเมตรภายในวันเดียว,Bamboo bends but rarely breaks.,ไผ่
beach,Nature & Weather,Travel & Places,Plants & Landscape,3,5,No,,Sandy land beside the sea.,ผืนทรายริมทะเล,'Beach' originally meant the pebbles themselves.,เดิมที beach หมายถึงตัวก้อนกรวดเอง,We spent the day at the beach.,ชายหาด
cave,Nature & Weather,Travel & Places,Plants & Landscape,3,4,No,,A hollow space in rock.,โพรงกลวงในหิน,The oldest human paintings survive deep in caves.,ภาพวาดของมนุษย์ที่เก่าแก่ที่สุดยังคงอยู่รอดในถ้ำลึก,Bats live in that cave.,ถ้ำ
desert,Nature & Weather,Travel & Places,Plants & Landscape,3,6,No,,A dry land with little rain.,ผืนดินแห้งแล้งที่ฝนตกน้อย,Antarctica is technically the world's largest desert.,ในทางเทคนิค แอนตาร์กติกาคือทะเลทรายที่ใหญ่ที่สุดในโลก,Nothing grows in the deep desert.,ทะเลทราย
flower,Nature & Weather,,Plants & Landscape,3,6,No,,The colourful part of a plant.,ส่วนที่มีสีสันของพืช,'Flower' and 'flour' were once the same word.,คำว่า flower กับ flour (แป้ง) ครั้งหนึ่งเคยเป็นคำเดียวกัน,The garden is full of flowers.,ดอกไม้
forest,Nature & Weather,Travel & Places,Plants & Landscape,3,6,No,,A large area of trees.,พื้นที่กว้างที่เต็มไปด้วยต้นไม้,"'Forest' originally meant land outside the walls, not trees.",เดิมที forest หมายถึงผืนดินนอกกำแพงเมือง ไม่ได้หมายถึงต้นไม้,We hiked through the forest.,ป่า
grass,Nature & Weather,,Plants & Landscape,3,5,No,,Green plants covering the ground.,พืชสีเขียวที่ปกคลุมพื้นดิน,'The grass is greener' warns against envy.,สำนวน 'the grass is greener' เตือนเรื่องความอิจฉาริษยา,Fresh grass smells sweet after rain.,หญ้า
hill,Nature & Weather,Travel & Places,Plants & Landscape,3,4,No,,A raised area smaller than a mountain.,พื้นที่สูงที่เล็กกว่าภูเขา,'Over the hill' jokingly means past your prime.,สำนวน 'over the hill' ใช้ล้อเล่นว่าเลยวัยรุ่งโรจน์ไปแล้ว,The temple sits on a hill.,เนินเขา
island,Nature & Weather,Travel & Places,Plants & Landscape,3,6,No,,Land surrounded by water.,ผืนดินที่มีน้ำล้อมรอบ,The 's' in island was added by mistake and never removed.,ตัว s ในคำว่า island ถูกเติมเข้ามาโดยผิดพลาดและไม่เคยถูกเอาออกอีกเลย,Thailand has hundreds of islands.,เกาะ
lake,Nature & Weather,Travel & Places,Plants & Landscape,3,4,No,,A large body of still water.,แหล่งน้ำนิ่งขนาดใหญ่,Lake Baikal holds a fifth of the world's fresh water.,ทะเลสาบไบคาลมีน้ำจืดถึงหนึ่งในห้าของน้ำจืดทั้งโลก,We swam in the lake.,ทะเลสาบ
leaf,Nature & Weather,,Plants & Landscape,3,4,No,,A flat green part of a plant.,ส่วนแบนสีเขียวของพืช,"'Turning over a new leaf' refers to book pages, not plants.",สำนวน 'turning over a new leaf' หมายถึงหน้าหนังสือ ไม่ใช่ใบไม้,A leaf fell on the table.,ใบไม้
lotus,Nature & Weather,,Plants & Landscape,3,5,No,,A water flower sacred in Asia.,ดอกไม้น้ำที่ศักดิ์สิทธิ์ในเอเชีย,"The lotus rises clean from muddy water, a Buddhist symbol.",ดอกบัวผุดขึ้นสะอาดจากโคลนตม จึงเป็นสัญลักษณ์ทางพุทธศาสนา,Lotus flowers open at dawn.,ดอกบัว
moss,Nature & Weather,,Plants & Landscape,3,4,No,,Soft green plants on damp surfaces.,พืชสีเขียวนุ่มที่ขึ้นบนพื้นผิวชื้น,'A rolling stone gathers no moss' is centuries old.,สุภาษิต 'a rolling stone gathers no moss' มีอายุหลายศตวรรษแล้ว,Moss covered the temple stones.,มอสส์
mountain,Nature & Weather,Travel & Places,Plants & Landscape,3,8,No,,A very high area of land.,พื้นที่สูงมากของแผ่นดิน,Everest grows about four millimetres taller each year.,ยอดเขาเอเวอเรสต์สูงขึ้นราวสี่มิลลิเมตรทุกปี,The mountain is snowy in winter.,ภูเขา
ocean,Nature & Weather,Travel & Places,Plants & Landscape,3,5,No,,The vast salt water covering Earth.,ผืนน้ำเค็มกว้างใหญ่ที่ปกคลุมโลก,We have mapped less of the ocean floor than the surface of Mars.,เราทำแผนที่พื้นมหาสมุทรได้น้อยกว่าพื้นผิวดาวอังคารเสียอีก,The ocean looks endless.,มหาสมุทร
orchid,Nature & Weather,,Plants & Landscape,3,6,No,,An elegant tropical flower.,ดอกไม้เขตร้อนที่งดงาม,Thailand is one of the world's top orchid exporters.,ไทยเป็นหนึ่งในผู้ส่งออกกล้วยไม้รายใหญ่ที่สุดของโลก,Orchids hang by the doorway.,กล้วยไม้
palm,Nature & Weather,,Plants & Landscape,3,4,No,,A tropical tree with fan leaves.,ต้นไม้เขตร้อนที่มีใบแผ่คล้ายพัด,The palm and the hand's palm share one Latin word.,คำว่า palm ที่แปลว่าต้นปาล์มกับฝ่ามือมาจากคำละตินคำเดียวกัน,Palms line the whole beach.,ต้นปาล์ม
river,Nature & Weather,Travel & Places,Plants & Landscape,3,5,No,,A large stream of water.,สายน้ำขนาดใหญ่,Many cities exist because a river runs through them.,หลายเมืองเกิดขึ้นได้เพราะมีแม่น้ำไหลผ่าน,The river floods every year.,แม่น้ำ
rock,Nature & Weather,,Plants & Landscape,3,4,No,,A large hard piece of stone.,ก้อนหินแข็งขนาดใหญ่,'Rock' the music genre borrowed its name from 'rocking' motion.,ดนตรีร็อกยืมชื่อมาจากการโยกตัว (rocking),The path was blocked by rocks.,หิน
root,Nature & Weather,,Plants & Landscape,3,4,No,,The underground part of a plant.,ส่วนของพืชที่อยู่ใต้ดิน,'Roots' also means where your family comes from.,คำว่า roots ยังหมายถึงรากเหง้าของครอบครัวเราด้วย,The roots crack the pavement.,ราก
seed,Nature & Weather,,Plants & Landscape,3,4,No,,The small part a plant grows from.,ส่วนเล็กๆ ที่พืชงอกออกมา,Some seeds can sleep for centuries and still grow.,เมล็ดบางชนิดหลับใหลได้นานหลายศตวรรษแล้วยังงอกได้,Plant the seeds in spring.,เมล็ด
soil,Nature & Weather,,Plants & Landscape,3,4,No,,The top layer of earth plants grow in.,ชั้นบนสุดของแผ่นดินที่พืชเติบโต,One spoon of soil holds more organisms than there are people on Earth.,ดินหนึ่งช้อนมีสิ่งมีชีวิตมากกว่าจำนวนคนทั้งโลก,Rich soil grows strong plants.,ดิน
tree,Nature & Weather,,Plants & Landscape,3,4,No,,A tall plant with a trunk.,พืชต้นสูงที่มีลำต้น,The oldest living tree is nearly five thousand years old.,ต้นไม้ที่มีชีวิตเก่าแก่ที่สุดมีอายุเกือบห้าพันปี,We sat under a shady tree.,ต้นไม้
valley,Nature & Weather,Travel & Places,Plants & Landscape,3,6,No,,Low land between hills.,พื้นที่ต่ำระหว่างเนินเขา,Silicon Valley named a whole industry after a landform.,ซิลิคอนแวลลีย์ตั้งชื่ออุตสาหกรรมทั้งวงการตามลักษณะภูมิประเทศ,Fog filled the valley at dawn.,หุบเขา
waterfall,Nature & Weather,Travel & Places,Plants & Landscape,3,9,No,,Water falling from a height.,น้ำที่ตกลงมาจากที่สูง,Angel Falls drops nearly a kilometre without stopping.,น้ำตกแองเจิลตกลงมาเกือบหนึ่งกิโลเมตรโดยไม่หยุดพัก,The waterfall roars after rain.,น้ำตก
breeze,Nature & Weather,,Weather Phenomena,3,6,No,,A light gentle wind.,ลมอ่อนๆ ที่พัดเบา,'A breeze' also means something very easy.,คำว่า 'a breeze' ยังหมายถึงเรื่องที่ง่ายมากด้วย,A cool breeze came off the sea.,ลมเอื่อย
cloud,Nature & Weather,Technology,Weather Phenomena,3,5,No,,White or gray shapes in the sky.,รูปร่างสีขาวหรือเทาบนท้องฟ้า,A single cloud can weigh as much as a hundred elephants.,เมฆก้อนเดียวหนักได้เท่ากับช้างร้อยตัว,Dark clouds mean rain soon.,เมฆ
drought,Nature & Weather,,Weather Phenomena,3,7,No,,A long period without rain.,ช่วงเวลายาวนานที่ฝนไม่ตก,'Drought' and 'dry' grew from the same root.,คำว่า drought กับ dry เติบโตมาจากรากศัพท์เดียวกัน,The drought lasted two years.,ภัยแล้ง
flood,Nature & Weather,,Weather Phenomena,3,5,No,,Water covering normally dry land.,น้ำที่ท่วมพื้นที่ซึ่งปกติแห้ง,Flood myths appear in cultures all over the world.,ตำนานน้ำท่วมโลกปรากฏในวัฒนธรรมทั่วทุกมุมโลก,The flood closed the school.,น้ำท่วม
fog,Nature & Weather,,Weather Phenomena,3,3,No,,A thick cloud near the ground.,เมฆหนาที่อยู่ใกล้พื้นดิน,Fog is simply a cloud that touches the ground.,หมอกก็คือเมฆที่ลงมาแตะพื้นดินนั่นเอง,Fog delayed the flights.,หมอก
hail,Nature & Weather,,Weather Phenomena,3,4,No,,Balls of ice falling like rain.,ก้อนน้ำแข็งที่ตกลงมาเหมือนฝน,The largest recorded hailstone was bigger than a grapefruit.,ลูกเห็บที่ใหญ่ที่สุดเท่าที่บันทึกไว้ใหญ่กว่าเกรปฟรุตเสียอีก,Hail dented the car roof.,ลูกเห็บ
humidity,Nature & Weather,,Weather Phenomena,3,8,No,,Moisture in the air.,ไอน้ำในอากาศ,High humidity makes heat feel far worse.,ความชื้นสูงทำให้อากาศร้อนรู้สึกทรมานยิ่งขึ้นมาก,Bangkok's humidity is intense.,ความชื้น
ice,Nature & Weather,,Weather Phenomena,3,3,No,,Frozen water.,น้ำที่แข็งตัว,'Breaking the ice' means starting a conversation.,สำนวน 'breaking the ice' หมายถึงการเริ่มบทสนทนา,The road was covered in ice.,น้ำแข็ง
lightning,Nature & Weather,,Weather Phenomena,3,9,No,,A flash of electricity in the sky.,ประกายไฟฟ้าบนท้องฟ้า,Lightning is five times hotter than the sun's surface.,ฟ้าผ่าร้อนกว่าพื้นผิวดวงอาทิตย์ถึงห้าเท่า,Lightning lit up the whole sky.,ฟ้าแลบ
monsoon,Nature & Weather,,Weather Phenomena,3,7,No,,A seasonal wind bringing heavy rain.,ลมประจำฤดูที่นำฝนหนักมา,"The word comes from Arabic 'mawsim', meaning season.",คำนี้มาจากภาษาอาหรับ mawsim ที่แปลว่าฤดูกาล,The monsoon arrives in June.,มรสุม
rain,Nature & Weather,,Weather Phenomena,3,4,No,,Water falling from clouds.,น้ำที่ตกลงมาจากเมฆ,Petrichor is the name for the smell of rain on dry ground.,กลิ่นฝนที่ตกบนดินแห้งมีชื่อเรียกว่า petrichor,Heavy rain flooded the street.,ฝน
rainbow,Nature & Weather,,Weather Phenomena,3,7,No,,An arc of colours after rain.,โค้งสีสันที่ปรากฏหลังฝนตก,"A full rainbow is actually a complete circle, cut off by the ground.",จริงๆ แล้วรุ้งเต็มดวงเป็นวงกลมสมบูรณ์ เพียงแต่ถูกพื้นดินบังไว้,A rainbow appeared after the storm.,รุ้ง
season,Nature & Weather,Time & Calendar,Weather Phenomena,3,6,No,,One of the periods of the year.,ช่วงเวลาหนึ่งของปี,"Thailand's three seasons are hot, rainy, and cool.",ประเทศไทยมีสามฤดู คือ ร้อน ฝน และหนาว,Mango season is the best season.,ฤดู
snow,Nature & Weather,,Weather Phenomena,3,4,No,,Frozen white flakes that fall.,เกล็ดน้ำแข็งสีขาวที่ตกลงมา,No two snowflakes are believed to be identical.,เชื่อกันว่าไม่มีเกล็ดหิมะสองเกล็ดใดที่เหมือนกันเลย,Children love the first snow.,หิมะ
storm,Nature & Weather,,Weather Phenomena,3,5,No,,Violent weather with wind and rain.,สภาพอากาศรุนแรงที่มีลมและฝน,'A storm in a teacup' means fuss over nothing.,สำนวน 'a storm in a teacup' หมายถึงเรื่องเล็กที่ทำให้เป็นเรื่องใหญ่,The storm passed by midnight.,พายุ
sun,Nature & Weather,,Weather Phenomena,3,3,No,,The star that lights our sky.,ดาวฤกษ์ที่ให้แสงและความร้อนแก่โลก,Sunlight takes about eight minutes to reach Earth.,แสงอาทิตย์ใช้เวลาราวแปดนาทีกว่าจะเดินทางมาถึงโลก,The sun is strong today.,ดวงอาทิตย์
sunrise,Nature & Weather,,Weather Phenomena,3,7,No,,When the sun appears in the morning.,ตอนที่ดวงอาทิตย์โผล่ขึ้นในยามเช้า,The sun does not actually rise — the Earth turns.,จริงๆ แล้วดวงอาทิตย์ไม่ได้ขึ้น แต่เป็นโลกที่หมุน,We watched the sunrise from the hill.,พระอาทิตย์ขึ้น
sunset,Nature & Weather,,Weather Phenomena,3,6,No,,When the sun goes down.,ตอนที่ดวงอาทิตย์ลับขอบฟ้า,Sunsets look red because of how air scatters light.,พระอาทิตย์ตกดูเป็นสีแดงเพราะวิธีที่อากาศกระเจิงแสง,The sunset turned the sky pink.,พระอาทิตย์ตก
thunder,Nature & Weather,,Weather Phenomena,3,7,No,,The loud sound after lightning.,เสียงดังที่ตามมาหลังฟ้าแลบ,'Stealing someone's thunder' comes from a real theatre dispute.,สำนวน 'stealing someone's thunder' มาจากข้อพิพาทในโรงละครที่เกิดขึ้นจริง,Thunder rattled the windows.,ฟ้าร้อง
wind,Nature & Weather,,Weather Phenomena,3,4,No,,Moving air.,อากาศที่เคลื่อนที่,"Winds have names around the world, like the monsoon.",ลมมีชื่อเรียกเฉพาะในแต่ละภูมิภาคทั่วโลก เช่น ลมมรสุม,The wind knocked over the chairs.,ลม
airplane,Transportation,,Vehicles & Travel Words,3,8,No,,A flying vehicle with wings.,ยานพาหนะบินได้ที่มีปีก,The first flight lasted just twelve seconds.,เที่ยวบินแรกของโลกกินเวลาเพียงสิบสองวินาที,The airplane landed on time.,เครื่องบิน
airport,Transportation,Travel & Places,Vehicles & Travel Words,3,7,No,,A place where airplanes land.,สถานที่ที่เครื่องบินขึ้นลง,The world's busiest airports handle over a hundred million passengers a year.,สนามบินที่พลุกพล่านที่สุดในโลกรองรับผู้โดยสารกว่าร้อยล้านคนต่อปี,We reached the airport early.,สนามบิน
bicycle,Transportation,,Vehicles & Travel Words,3,7,No,,A two-wheeled vehicle you pedal.,ยานพาหนะสองล้อที่ใช้เท้าถีบ,'Bicycle' simply means two circles.,คำว่า bicycle แปลง่ายๆ ว่าวงกลมสองวง,She rides a bicycle to school.,จักรยาน
boat,Transportation,,Vehicles & Travel Words,3,4,No,,A small vessel on water.,ยานพาหนะขนาดเล็กในน้ำ,'In the same boat' means sharing a situation.,สำนวน 'in the same boat' หมายถึงตกอยู่ในสถานการณ์เดียวกัน,The boat crossed the river.,เรือ
bus,Transportation,,Vehicles & Travel Words,3,3,No,,A large vehicle carrying many people.,ยานพาหนะขนาดใหญ่ที่บรรทุกคนจำนวนมาก,"'Bus' is short for 'omnibus', Latin for 'for everyone'.",คำว่า bus ย่อมาจาก omnibus ซึ่งเป็นภาษาละตินแปลว่า 'สำหรับทุกคน',I take the bus to work.,รถเมล์
car,Transportation,,Vehicles & Travel Words,3,3,No,,A road vehicle with four wheels.,ยานพาหนะสี่ล้อบนถนน,"'Car' once meant any wheeled cart, even in ancient Rome.",ครั้งหนึ่ง car หมายถึงเกวียนล้อชนิดใดก็ได้ แม้แต่ในกรุงโรมโบราณ,The car won't start.,รถยนต์
driver,Transportation,,Vehicles & Travel Words,3,6,No,,A person who operates a vehicle.,คนที่ขับยานพาหนะ,'Backseat driver' means someone giving unwanted advice.,คำว่า 'backseat driver' หมายถึงคนที่ชอบออกความเห็นทั้งที่ไม่มีใครขอ,The driver knew a shortcut.,คนขับ
ferry,Transportation,,Vehicles & Travel Words,3,5,No,,A boat carrying people across water.,เรือที่รับส่งคนข้ามน้ำ,"'Ferry' shares its root with 'fare', the price of travel.",คำว่า ferry มีรากศัพท์ร่วมกับ fare ซึ่งแปลว่าค่าโดยสาร,The ferry runs every hour.,เรือข้ามฟาก
fuel,Transportation,,Vehicles & Travel Words,3,4,No,,Material burned for power.,วัสดุที่เผาไหม้เพื่อให้พลังงาน,'Adding fuel to the fire' means making things worse.,สำนวน 'adding fuel to the fire' หมายถึงการทำให้เรื่องแย่ลงไปอีก,The car is low on fuel.,เชื้อเพลิง
helicopter,Transportation,,Vehicles & Travel Words,3,10,No,,A flying vehicle with rotating blades.,ยานพาหนะบินได้ที่มีใบพัดหมุน,It combines Greek words for spiral and wing.,คำนี้รวมคำกรีกที่แปลว่าเกลียวกับปีกเข้าด้วยกัน,A helicopter circled the stadium.,เฮลิคอปเตอร์
journey,Transportation,Travel & Places,Vehicles & Travel Words,3,7,No,,An act of travelling somewhere.,การออกเดินทางไกลจากที่หนึ่งไปอีกที่หนึ่ง,A 'journey' originally meant one day's travel.,เดิมที journey หมายถึงระยะทางที่เดินทางได้ในหนึ่งวัน,The journey took six hours.,การเดินทาง
motorcycle,Transportation,,Vehicles & Travel Words,3,10,No,,A two-wheeled motor vehicle.,ยานพาหนะสองล้อที่มีเครื่องยนต์,Motorcycle taxis are a lifeline in Bangkok traffic.,วินมอเตอร์ไซค์เป็นเส้นเลือดใหญ่ของการเดินทางท่ามกลางรถติดในกรุงเทพฯ,The motorcycle weaved through traffic.,มอเตอร์ไซค์
passenger,Transportation,,Vehicles & Travel Words,3,9,No,,A person riding but not driving.,คนที่นั่งไปด้วยแต่ไม่ได้ขับ,'Passenger' once meant a passer-by.,ครั้งหนึ่ง passenger หมายถึงคนที่เดินผ่านไปมา,Every passenger must wear a seatbelt.,ผู้โดยสาร
scooter,Transportation,,Vehicles & Travel Words,3,7,No,,A small motorbike or push vehicle.,มอเตอร์ไซค์คันเล็กหรือยานพาหนะที่ใช้เท้าถีบ,Electric scooters have changed city travel worldwide.,สกูตเตอร์ไฟฟ้าเปลี่ยนโฉมการเดินทางในเมืองไปทั่วโลก,She rents a scooter on holiday.,สกูตเตอร์
ship,Transportation,,Vehicles & Travel Words,3,4,No,,A large vessel on the sea.,ยานพาหนะขนาดใหญ่ในทะเล,Ships are traditionally called 'she' in English.,ตามธรรมเนียมภาษาอังกฤษ เรือถูกเรียกแทนด้วยคำว่า 'she',The ship sailed at dawn.,เรือใหญ่
station,Transportation,Travel & Places,Vehicles & Travel Words,3,7,No,,A place where transport stops.,สถานที่ที่ยานพาหนะจอด,'Station' originally just meant a standing place.,เดิมที station หมายถึงจุดที่ยืนอยู่เฉยๆ,Meet me at the station.,สถานี
subway,Transportation,,Vehicles & Travel Words,3,6,No,,An underground railway.,ทางรถไฟที่อยู่ใต้พื้นดิน,"In Britain, 'subway' means a walking tunnel instead.",ในอังกฤษ คำว่า subway กลับหมายถึงอุโมงค์สำหรับคนเดิน,The subway avoids all traffic.,รถไฟใต้ดิน
taxi,Transportation,,Vehicles & Travel Words,3,4,No,,A car you pay to ride.,รถที่เราจ่ายเงินเพื่อโดยสาร,'Taxi' comes from the taximeter that measures the fare.,คำว่า taxi มาจากมิเตอร์วัดค่าโดยสารที่เรียกว่า taximeter,Let's take a taxi home.,แท็กซี่
ticket,Transportation,Travel & Places,Vehicles & Travel Words,3,6,No,,Paper or code allowing you to travel.,กระดาษหรือรหัสที่อนุญาตให้เราเดินทาง,'Ticket' comes from a French word meaning a small note.,คำว่า ticket มาจากคำภาษาฝรั่งเศสที่แปลว่าโน้ตแผ่นเล็ก,Buy your ticket in advance.,ตั๋ว
traffic,Transportation,,Vehicles & Travel Words,3,7,No,,Vehicles moving on roads.,ยานพาหนะที่เคลื่อนที่บนถนน,"'Traffic' originally meant trade, not cars.",เดิมที traffic หมายถึงการค้าขาย ไม่ใช่รถรา,Traffic is terrible at five.,การจราจร
train,Transportation,,Vehicles & Travel Words,3,5,No,,Connected vehicles running on rails.,ขบวนยานพาหนะที่วิ่งบนราง,Standard time zones were invented for train schedules.,เขตเวลามาตรฐานถูกคิดค้นขึ้นเพื่อจัดตารางเดินรถไฟ,The train leaves at nine.,รถไฟ
tram,Transportation,,Vehicles & Travel Words,3,4,No,,A rail vehicle running on streets.,ยานพาหนะรางที่วิ่งบนถนน,'Tram' came from a word for a wooden mine track.,คำว่า tram มาจากคำที่แปลว่ารางไม้ในเหมือง,The tram stops right outside.,รถราง
truck,Transportation,,Vehicles & Travel Words,3,5,No,,A large vehicle for carrying goods.,ยานพาหนะขนาดใหญ่สำหรับขนสินค้า,In Britain a truck is called a lorry.,ในอังกฤษเรียกรถบรรทุกว่า lorry,The truck delivered the furniture.,รถบรรทุก
van,Transportation,,Vehicles & Travel Words,3,3,No,,A medium covered vehicle.,ยานพาหนะขนาดกลางที่มีหลังคาปิด,'Van' is simply short for 'caravan'.,คำว่า van ย่อมาจาก caravan นั่นเอง,The band travels in a van.,รถตู้
wheel,Transportation,,Vehicles & Travel Words,3,5,No,,A round part that rolls.,ส่วนกลมที่หมุนได้,The wheel may be humanity's most important invention.,ล้ออาจเป็นสิ่งประดิษฐ์ที่สำคัญที่สุดของมนุษยชาติ,The front wheel needs air.,ล้อ
awesome,Slang & GenZ,,Classic Informal,4,7,No,,Extremely good.,ดีมากจนน่าทึ่ง,It originally meant causing fear and wonder.,เดิมทีคำนี้หมายถึงสิ่งที่ทำให้เกิดความกลัวและความเกรงขาม,The concert was awesome.,สุดยอด
awkward,Slang & GenZ,,Classic Informal,4,7,No,,Uncomfortable and embarrassing.,รู้สึกกระอักกระอ่วน,'Awkward' once meant turned the wrong way.,ครั้งหนึ่ง awkward หมายถึงหันผิดทาง,That silence was awkward.,เขินๆ อึดอัด
buddy,Slang & GenZ,Family & People,Classic Informal,4,5,No,,A friend.,เพื่อนสนิท,'Buddy' may come from 'brother' said quickly.,คำว่า buddy อาจมาจากการพูดคำว่า brother เร็วๆ,"Thanks, buddy.",เพื่อนซี้
chill,Slang & GenZ,Emotions & Feelings,Classic Informal,4,5,No,,Relax; or relaxed and easygoing.,ผ่อนคลาย หรือสบายๆ ไม่เครียด,'Chill' went from temperature to personality.,คำว่า chill เปลี่ยนจากอุณหภูมิมาเป็นบุคลิกของคน,Let's just chill at home.,ชิลๆ
cool,Slang & GenZ,,Classic Informal,4,4,No,,Impressive or fashionable.,น่าประทับใจหรือทันสมัย,'Cool' has stayed cool since 1930s jazz culture — a slang miracle.,คำว่า cool ยังคง 'เจ๋ง' มาตั้งแต่วัฒนธรรมแจ๊สยุค 1930 ถือเป็นปาฏิหาริย์ของคำสแลง,That jacket is so cool.,เจ๋ง
dude,Slang & GenZ,Family & People,Classic Informal,4,4,No,,A casual word for a person.,คำเรียกคนแบบลำลอง,'Dude' originally mocked overdressed city men.,เดิมที dude ใช้ล้อผู้ชายในเมืองที่แต่งตัวเวอร์เกินไป,"Dude, look at this!",เพื่อน (เรียกกันเอง)
epic,Slang & GenZ,,Classic Informal,4,4,No,,Grand and impressive.,ยิ่งใหญ่น่าประทับใจ,From hero poems to skateboard tricks in one century.,จากมหากาพย์วีรบุรุษกลายมาเป็นท่าสเก็ตบอร์ดได้ภายในศตวรรษเดียว,That trip was epic.,อลังการ
gonna,Slang & GenZ,,Classic Informal,4,5,No,,"Going to, said quickly.",รูปพูดเร็วของ going to,Casual speech compresses 'going to' into 'gonna' naturally.,ภาษาพูดแบบลำลองบีบคำว่า going to ให้กลายเป็น gonna โดยธรรมชาติ,I'm gonna sleep early.,จะ (พูดเร็ว)
gossip,Slang & GenZ,Family & People,Classic Informal,4,6,No,,Casual talk about other people.,การนินทาเรื่องคนอื่นแบบสบายๆ,"'Gossip' originally meant a godparent, a close confidant.",เดิมที gossip หมายถึงพ่อแม่ทูนหัว ซึ่งเป็นคนสนิทที่ไว้ใจได้,Office gossip travels fast.,เมาท์มอย
guy,Slang & GenZ,Family & People,Classic Informal,4,3,No,,A man; 'guys' can mean anyone.,ส่วน guys ใช้เรียกใครก็ได้,"'Guy' comes from Guy Fawkes, the English plotter.",คำว่า guy มาจากกาย ฟอกส์ ผู้ก่อการกบฏชาวอังกฤษ,That guy is my neighbor.,ผู้ชายคนนั้น
hang out,Slang & GenZ,,Classic Informal,4,7,No,,Spend relaxed time together.,ใช้เวลาอยู่ด้วยกันแบบสบายๆ,It once described laundry hanging outside.,ครั้งหนึ่งคำนี้ใช้บรรยายผ้าที่ตากอยู่ข้างนอก,Want to hang out later?,แฮงเอาต์
hangry,Slang & GenZ,,Classic Informal,4,6,No,,Angry because you are hungry.,โมโหเพราะความหิว,'Hangry' entered major dictionaries in 2018.,คำว่า hangry ถูกบรรจุในพจนานุกรมใหญ่ๆ เมื่อปี 2018,Feed me before I get hangry.,หิวจนหงุดหงิด
kinda,Slang & GenZ,,Classic Informal,4,5,No,,Kind of; somewhat.,ค่อนข้างจะ,English casually melts phrases into single words.,ภาษาอังกฤษหลอมวลีให้กลายเป็นคำเดียวอยู่เสมอในภาษาพูด,I'm kinda tired today.,ประมาณว่า
nope,Slang & GenZ,,Classic Informal,4,4,No,,A casual no.,การปฏิเสธแบบลำลอง,The 'p' adds a little finality to 'no'.,เสียง p ท้ายคำเพิ่มความเด็ดขาดให้กับคำว่า no,"Nope, not today.",ไม่ล่ะ
okay,Slang & GenZ,,Classic Informal,4,4,No,,Fine; acceptable.,ใช้ได้ ไม่มีปัญหา ยอมรับได้,'OK' may be the most recognised word on Earth.,คำว่า OK อาจเป็นคำที่คนทั่วโลกรู้จักมากที่สุด,"Okay, let's start.",โอเค
stuff,Slang & GenZ,,Classic Informal,4,5,No,,Things in general.,สิ่งของทั่วๆ ไป,'Stuff' lets English speakers avoid naming anything.,คำว่า stuff ช่วยให้คนพูดภาษาอังกฤษเลี่ยงการเรียกชื่อสิ่งของได้เลย,Grab your stuff and go.,ข้าวของ
wanna,Slang & GenZ,,Classic Informal,4,5,No,,"Want to, said quickly.",รูปพูดเร็วของ want to,Songs made 'wanna' globally understood.,บทเพลงทำให้คำว่า wanna เป็นที่เข้าใจกันทั่วโลก,Do you wanna come?,อยาก (พูดเร็ว)
weird,Slang & GenZ,,Classic Informal,4,5,No,,Strange or unusual.,ผิดไปจากปกติจนรู้สึกแปลก,"'Weird' once meant controlling fate, as in the weird sisters.",ครั้งหนึ่ง weird หมายถึงการกำหนดโชคชะตา อย่างในคำว่า weird sisters,This soup tastes weird.,แปลกๆ
yeah,Slang & GenZ,,Classic Informal,4,4,No,,A casual yes.,การตอบรับแบบลำลอง,'Yeah' is used far more often than 'yes' in speech.,คนใช้คำว่า yeah บ่อยกว่า yes มากในภาษาพูด,"Yeah, that works.",ใช่เลย
based,Slang & GenZ,,Internet Era,4,5,No,,"Confidently yourself, ignoring criticism.",ไม่แคร์คำวิจารณ์,It flipped from an insult to a compliment online.,คำนี้พลิกจากคำด่ากลายเป็นคำชมในโลกออนไลน์,That's a based opinion.,มั่นใจในแบบตัวเอง
bet,Slang & GenZ,,Internet Era,4,3,No,,Okay; agreed.,คำตอบรับแบบลำลองว่าตกลงหรือได้เลย,'Bet' shrank from 'you bet' into a one-word yes.,คำว่า bet หดมาจาก you bet จนกลายเป็นคำตอบรับคำเดียว,See you at eight? Bet.,ตกลง ได้เลย
bruh,Slang & GenZ,,Internet Era,4,4,No,,An exclamation of disbelief.,เฮ้ย คำอุทานแสดงความไม่อยากเชื่อ,'Bruh' stretched from 'brother' into a whole reaction.,คำว่า bruh ยืดมาจาก brother จนกลายเป็นปฏิกิริยาทั้งอารมณ์,"Bruh, you forgot again?",อุทานว่า เฮ้ย
bussin,Slang & GenZ,,Internet Era,4,6,No,,Extremely delicious.,สแลงที่ใช้ชมว่าอาหารอร่อยมาก,It spread from African American slang through food videos.,คำนี้แพร่จากสแลงคนอเมริกันเชื้อสายแอฟริกันผ่านคลิปรีวิวอาหาร,This pad thai is bussin.,อร่อยมาก
cringe,Slang & GenZ,Emotions & Feelings,Internet Era,4,6,No,,Embarrassing to watch.,รู้สึกกระดากจนแทบดูไม่ลง,'Cringe' turned from a verb into a whole judgement.,คำว่า cringe เปลี่ยนจากคำกริยากลายเป็นคำตัดสินทั้งคำ,That ad is pure cringe.,น่าเขิน น่าอาย
doomscroll,Slang & GenZ,,Internet Era,4,10,No,,Endlessly reading bad news online.,อ่านข่าวแย่ๆ ออนไลน์ไม่หยุด,The word exploded during the 2020 pandemic.,คำนี้ระเบิดความนิยมช่วงการระบาดใหญ่ปี 2020,I doomscrolled until 2 a.m.,ไถฟีดข่าวร้าย
drip,Slang & GenZ,,Internet Era,4,4,No,,A stylish outfit.,ชุดที่ดูมีสไตล์,'Drip' flows from hip-hop fashion culture.,คำว่า drip ไหลมาจากวัฒนธรรมแฟชั่นฮิปฮอป,Check out his drip today.,แต่งตัวเท่
flex,Slang & GenZ,,Internet Era,4,4,No,,Show off.,โอ้อวดสิ่งที่ตัวเองมีให้คนอื่นเห็น,From flexing muscles to flexing anything at all.,จากการเบ่งกล้ามกลายเป็นการอวดอะไรก็ได้,Nice car — big flex.,อวด
fomo,Slang & GenZ,,Internet Era,4,4,No,,Fear of missing out.,กลัวพลาดเรื่องสนุก,FOMO was named in a 2004 business school article.,คำว่า FOMO ถูกตั้งชื่อในบทความของโรงเรียนธุรกิจเมื่อปี 2004,FOMO made me join the trip.,กลัวตกกระแส
ghost,Slang & GenZ,,Internet Era,4,5,No,,Suddenly stop replying to someone.,จู่ๆ ก็เลิกตอบแชท,Dating apps gave the old spooky word a new life.,แอปหาคู่ทำให้คำเก่าที่แปลว่าผีกลับมามีชีวิตใหม่,He ghosted her after two dates.,หายเงียบ
glow up,Slang & GenZ,,Internet Era,4,6,No,,A dramatic improvement in looks or life.,การเปลี่ยนแปลงหน้าตาหรือชีวิตให้ดีขึ้นอย่างชัดเจน,Before-and-after posts made 'glow up' a genre.,โพสต์ภาพก่อน-หลังทำให้ glow up กลายเป็นแนวคอนเทนต์ทั้งแนว,Her glow up is unreal.,เปลี่ยนไปปังขึ้น
goated,Slang & GenZ,,Internet Era,4,6,No,,Officially the greatest.,เก่งที่สุดอย่างเป็นทางการ,From GOAT — greatest of all time — turned into an adjective.,มาจาก GOAT ที่ย่อมาจาก greatest of all time แล้วกลายเป็นคำคุณศัพท์,That song is goated.,สุดยอดตลอดกาล
highkey,Slang & GenZ,,Internet Era,4,7,No,,Openly; very much.,แบบเปิดเผยไม่ปิดบัง ตรงข้ามกับคำว่า lowkey,'Highkey' is lowkey's louder sibling.,คำว่า highkey คือน้องคนเสียงดังของ lowkey,I highkey need a holiday.,อย่างเปิดเผย
irl,Slang & GenZ,,Internet Era,4,3,No,,In real life.,คำย่อที่หมายถึงชีวิตนอกโลกออนไลน์,'IRL' separates online life from offline life.,คำว่า IRL ใช้แยกชีวิตออนไลน์ออกจากชีวิตจริง,We finally met irl.,ในชีวิตจริง
lit,Slang & GenZ,,Internet Era,4,3,No,,Exciting and fun.,สนุกสุดเหวี่ยง,'Lit' meant drunk a century before it meant amazing.,คำว่า lit แปลว่าเมาเหล้ามาก่อนที่จะแปลว่าสุดยอดถึงหนึ่งศตวรรษ,The party was lit.,มันส์มาก
lowkey,Slang & GenZ,,Internet Era,4,6,No,,Slightly; secretly.,อย่างเงียบๆ นิดหน่อย ไม่ประกาศให้ใครรู้,'Lowkey' softens any confession.,คำว่า lowkey ช่วยให้การสารภาพอะไรก็ตามฟังดูเบาลง,I lowkey love this song.,แอบๆ นิดๆ
mid,Slang & GenZ,,Internet Era,4,3,No,,Mediocre; disappointing.,กลางๆ ไม่ประทับใจ,Calling something 'mid' is a soft but firm dismissal.,การเรียกอะไรว่า mid คือการปฏิเสธแบบนุ่มนวลแต่หนักแน่น,The movie was honestly mid.,งั้นๆ
no cap,Slang & GenZ,,Internet Era,4,5,No,,No lie; honestly.,สแลงที่ใช้ยืนยันว่าพูดความจริง ไม่ได้โกหก,"'Cap' means lie, so 'no cap' swears you are truthful.",คำว่า cap แปลว่าโกหก ดังนั้น no cap จึงเป็นการสาบานว่าพูดความจริง,"That was the best meal ever, no cap.",ไม่โกหก
npc,Slang & GenZ,,Internet Era,4,3,No,,A person acting without original thought.,คนที่ทำตามคนอื่นโดยไม่คิดเอง,It comes from video games' non-player characters.,มาจากตัวละครที่ผู้เล่นควบคุมไม่ได้ในวิดีโอเกม,He just repeats trends like an npc.,ตัวประกอบไร้ความคิด
ratio,Slang & GenZ,,Internet Era,4,5,No,,When a reply gets more likes than the original.,เมื่อคอมเมนต์ตอบกลับได้ไลก์มากกว่าโพสต์ต้นทาง,Getting 'ratioed' is a public scoreboard of disagreement.,การโดน ratio คือกระดานคะแนนสาธารณะที่บอกว่าคนไม่เห็นด้วยกับคุณ,His post got ratioed instantly.,โดนคอมเมนต์กลบ
receipts,Slang & GenZ,,Internet Era,4,8,No,,Proof of what someone said or did.,สิ่งที่พิสูจน์ว่าใครพูดหรือทำอะไรไว้,Screenshots became the internet's favourite evidence.,ภาพหน้าจอกลายเป็นหลักฐานสุดโปรดของชาวอินเทอร์เน็ต,She has receipts for everything.,หลักฐาน
rizz,Slang & GenZ,,Internet Era,4,4,No,,"Charm, especially in flirting.",เสน่ห์โดยเฉพาะเวลาจีบ,"'Rizz' was word of the year in 2023, cut from 'charisma'.",คำว่า rizz เป็นคำแห่งปี 2023 ตัดมาจากคำว่า charisma,He's got serious rizz.,เสน่ห์จีบเก่ง
salty,Slang & GenZ,Emotions & Feelings,Internet Era,4,5,No,,Bitter or annoyed.,ขุ่นเคืองหรือหงุดหงิด,Sailors' 'salty' language inspired the modern meaning.,ภาษาหยาบคายของกะลาสีเรือที่เรียกว่า salty เป็นที่มาของความหมายสมัยใหม่,Don't be salty about losing.,หัวร้อนน้อยใจ
shade,Slang & GenZ,,Internet Era,4,5,No,,A subtle insult.,การเสียดสีแบบแนบเนียน,'Throwing shade' also came from the ballroom scene.,สำนวน throwing shade ก็มาจากวัฒนธรรมบอลรูมเช่นกัน,She threw shade at the meeting.,แขวะเนียนๆ
simp,Slang & GenZ,,Internet Era,4,4,No,,Someone doing too much for a crush.,คนที่ทำเพื่อคนที่แอบชอบมากเกินไป,An old word revived and reshaped by streaming culture.,คำเก่าที่ถูกปลุกขึ้นมาใหม่และเปลี่ยนความหมายโดยวัฒนธรรมสตรีมมิ่ง,He simps for her constantly.,ทุ่มเทเกินเบอร์
slay,Slang & GenZ,,Internet Era,4,4,No,,Do something impressively well.,ทำอะไรได้ดีจนน่าทึ่ง,From killing dragons to killing outfits.,จากการฆ่ามังกรกลายมาเป็นการ 'ฆ่า' ด้วยชุดที่ปัง,You slayed that presentation.,ปังมาก
squad,Slang & GenZ,Family & People,Internet Era,4,5,No,,Your close group of friends.,กลุ่มเพื่อนสนิทของเรา,A military word softened into friendship.,คำศัพท์ทหารที่อ่อนโยนลงกลายเป็นเรื่องมิตรภาพ,The squad is meeting tonight.,แก๊งเพื่อน
stan,Slang & GenZ,,Internet Era,4,4,No,,An extremely devoted fan.,แฟนที่คลั่งไคล้มาก,It comes from an Eminem song about an obsessive fan.,มาจากเพลงของเอมิเนมที่เล่าเรื่องแฟนคลับผู้หมกมุ่น,She stans that band hard.,แฟนคลับตัวยง
sus,Slang & GenZ,,Internet Era,4,3,No,,Suspicious.,ดูมีพิรุธ ชวนให้สงสัย,The game Among Us made 'sus' global in 2020.,เกม Among Us ทำให้คำว่า sus ดังไปทั่วโลกในปี 2020,That story sounds sus.,น่าสงสัย
vibe,Slang & GenZ,Emotions & Feelings,Internet Era,4,4,No,,The feeling of a place or person.,ความรู้สึกของสถานที่หรือคน,"'Vibe' is short for vibration, borrowed from 1960s slang.",คำว่า vibe ย่อมาจาก vibration ซึ่งยืมมาจากสแลงยุค 1960,This cafe has a good vibe.,ฟีลลิ่ง บรรยากาศ
yeet,Slang & GenZ,,Internet Era,4,4,No,,Throw with force; an excited shout.,คำอุทานตอนตื่นเต้น,'Yeet' began as a dance video sound effect.,คำว่า yeet เริ่มต้นจากเสียงประกอบในคลิปเต้น,He yeeted the bottle into the bin.,ขว้างสุดแรง
badass,Slang & GenZ,,Rude Words (handle with care),4,6,No,Mild,Impressively tough or skilled.,แกร่งหรือเก่งจนน่าทึ่ง,One of few rude-sounding words that is a pure compliment.,เป็นหนึ่งในไม่กี่คำที่ฟังดูหยาบแต่เป็นคำชมล้วนๆ,Her motorbike is badass.,เท่สุดๆ
bloody,Slang & GenZ,,Rude Words (handle with care),4,6,No,Mild,A British word adding angry emphasis.,คำเน้นแบบอังกฤษที่แสดงความหงุดหงิด,It was so shocking in 1914 that a play using it made headlines.,ในปี 1914 คำนี้แรงมากจนละครที่ใช้คำนี้ขึ้นพาดหัวข่าว,It's bloody hot today.,โคตร (แบบอังกฤษ)
crap,Slang & GenZ,,Rude Words (handle with care),4,4,No,Mild,"Nonsense, or an exclamation of dismay.",เรื่องไร้สาระ หรือคำอุทานแสดงความผิดหวัง,"Victorian plumber Thomas Crapper did not invent the word, despite the legend.",ช่างประปายุควิกตอเรียชื่อโทมัส แครปเปอร์ ไม่ได้เป็นคนคิดคำนี้ แม้จะมีตำนานเล่าขานกัน,"Oh crap, I forgot the meeting.",แย่แล้ว
damn,Slang & GenZ,,Rude Words (handle with care),4,4,No,Mild,An exclamation of anger or annoyance.,คำอุทานแสดงความโกรธหรือรำคาญ,"Once a serious religious curse, now barely raises an eyebrow.",ครั้งหนึ่งเคยเป็นคำสาปแช่งทางศาสนาที่ร้ายแรง แต่ตอนนี้แทบไม่มีใครสะดุ้ง,"Damn, I missed the bus.",ให้ตายสิ
dumbass,Slang & GenZ,,Rude Words (handle with care),4,7,No,Medium,"A foolish person, said bluntly.",คำเรียกคนโง่แบบตรงๆ,American English loves compound insults; this is the classic.,ภาษาอังกฤษแบบอเมริกันชอบคำด่าแบบผสมคำ และคำนี้คือคลาสสิก,I locked myself out like a dumbass.,คนโง่เง่า
freaking,Slang & GenZ,,Rude Words (handle with care),4,8,No,Mild,A polite substitute for a stronger word.,คำแทนคำหยาบที่สุภาพกว่า,English invents softened swears constantly; 'freaking' is a favourite.,ภาษาอังกฤษคิดคำด่าเวอร์ชันอ่อนขึ้นมาตลอด และ freaking คือตัวโปรด,This is freaking amazing.,โคตรจะ
hell,Slang & GenZ,,Rude Words (handle with care),4,4,No,Mild,An exclamation of frustration or emphasis.,คำอุทานแสดงความหงุดหงิดหรือเน้นย้ำ,'What the hell' softened over the 20th century into everyday speech.,วลี what the hell อ่อนลงเรื่อยๆ ตลอดศตวรรษที่ 20 จนกลายเป็นคำพูดทั่วไป,Where the hell are my keys?,บ้าจริง
idiot,Slang & GenZ,,Rude Words (handle with care),4,5,No,Mild,A very foolish person.,คนที่โง่มาก,In ancient Greece an 'idiotes' was just a private citizen who avoided politics.,ในกรีกโบราณ คำว่า idiotes หมายถึงพลเมืองธรรมดาที่ไม่ยุ่งการเมืองเท่านั้นเอง,Only an idiot skips breakfast twice.,คนโง่
jerk,Slang & GenZ,,Rude Words (handle with care),4,4,No,Mild,"An unkind, selfish person.",คนที่เห็นแก่ตัวและไม่มีน้ำใจ,"It came from 'jerkwater towns', small places trains barely stopped at.",คำนี้มาจาก jerkwater towns ซึ่งเป็นเมืองเล็กๆ ที่รถไฟแทบไม่จอด,Don't be a jerk to the staff.,คนนิสัยแย่
moron,Slang & GenZ,,Rude Words (handle with care),4,5,No,Medium,An insultingly unintelligent person.,คำด่าคนที่ไม่ฉลาด,It was coined by psychologists in 1910 and quickly escaped into insult.,คำนี้ถูกบัญญัติโดยนักจิตวิทยาในปี 1910 แล้วหลุดออกมาเป็นคำด่าอย่างรวดเร็ว,Some moron parked across two spaces.,คนปัญญาอ่อน
piss off,Slang & GenZ,,Rude Words (handle with care),4,7,No,Medium,"To annoy someone; or rudely, go away.",แบบหยาบคือ ไปให้พ้น,British English uses it for leaving; American for anger.,อังกฤษใช้ในความหมายว่าไปให้พ้น ส่วนอเมริกันใช้ในความหมายว่าโมโห,Slow wifi really pisses me off.,ทำให้หัวเสีย
screw up,Slang & GenZ,,Rude Words (handle with care),4,7,No,Mild,To make a serious mistake.,ทำผิดพลาดร้ายแรง,It moved from carpentry to mistakes in American slang.,คำนี้ย้ายจากงานช่างไม้มาเป็นเรื่องความผิดพลาดในสแลงอเมริกัน,I screwed up the booking.,ทำพัง
shut up,Slang & GenZ,,Rude Words (handle with care),4,6,No,Mild,A rude way to say stop talking.,การบอกให้หยุดพูดแบบหยาบคาย,It began as the polite 'shut up your mouth' before shortening.,เริ่มจากวลีสุภาพว่า shut up your mouth ก่อนจะถูกย่อลง,"Shut up, I'm trying to focus!",หุบปาก
stupid,Slang & GenZ,,Rude Words (handle with care),4,6,No,Mild,Lacking intelligence; foolish.,ขาดสติปัญญา,"It comes from Latin 'stupere', to be stunned.",คำนี้มาจากภาษาละติน stupere ที่แปลว่ามึนงง,That was a stupid mistake.,โง่
suck,Slang & GenZ,,Rude Words (handle with care),4,4,No,Mild,To be very bad or disappointing.,แย่หรือน่าผิดหวังมาก,'This sucks' spread through 1980s American teen culture.,วลี this sucks แพร่หลายผ่านวัฒนธรรมวัยรุ่นอเมริกันยุค 1980,Monday mornings suck.,ห่วย
ball,Sports & Games,,Equipment & Play,4,4,No,,A round object used in games.,วัตถุทรงกลมที่ใช้ในเกม,The ball may be the oldest toy in human history.,ลูกบอลอาจเป็นของเล่นที่เก่าแก่ที่สุดในประวัติศาสตร์มนุษย์,Pass the ball quickly.,ลูกบอล
card,Sports & Games,,Equipment & Play,4,4,No,,A piece of stiff paper used in games.,แผ่นกระดาษแข็งที่ใช้เล่นเกม,Playing cards reached Europe from Asia in the 1300s.,ไพ่เดินทางจากเอเชียถึงยุโรปในคริสต์ศตวรรษที่ 14,Draw a card from the deck.,ไพ่
champion,Sports & Games,,Equipment & Play,4,8,No,,The winner of a competition.,ผู้ชนะการแข่งขัน,A 'champion' once fought duels on another's behalf.,ครั้งหนึ่ง champion หมายถึงคนที่ดวลแทนผู้อื่น,She is the national champion.,แชมป์
coach,Sports & Games,Jobs & Work,Equipment & Play,4,5,No,,A person who trains athletes.,คนที่ฝึกสอนนักกีฬา,'Coach' came from carriages — a coach carries you forward.,คำว่า coach มาจากรถม้า เพราะโค้ชคือคนที่พาเราไปข้างหน้า,The coach called a timeout.,โค้ช
dice,Sports & Games,,Equipment & Play,4,4,No,,Small cubes with dots used in games.,ลูกบาศก์เล็กมีจุดที่ใช้เล่นเกม,Loaded dice have been found in ancient Roman ruins.,มีการค้นพบลูกเต๋าถ่วงน้ำหนักในซากปรักหักพังของโรมันโบราณ,Roll the dice to start.,ลูกเต๋า
goal,Sports & Games,,Equipment & Play,4,4,No,,The target you score into.,เป้าที่ยิงเพื่อทำคะแนน,'Goal' also means any aim in life.,คำว่า goal ยังหมายถึงเป้าหมายใดๆ ในชีวิตด้วย,He scored the winning goal.,ประตู (กีฬา)
medal,Sports & Games,,Equipment & Play,4,5,No,,A metal disc given for winning.,แผ่นโลหะที่มอบให้ผู้ชนะ,Olympic gold medals are mostly silver underneath.,เหรียญทองโอลิมปิกส่วนใหญ่ข้างในเป็นเงิน,She won a gold medal.,เหรียญรางวัล
net,Sports & Games,Technology,Equipment & Play,4,3,No,,Mesh dividing or catching in games.,ตาข่ายขึงกลางสนามหรือปากประตูในกีฬา,The same net gave the internet its name.,ตาข่ายคำเดียวกันนี้เป็นที่มาของชื่ออินเทอร์เน็ต,The ball clipped the net.,ตาข่าย
puzzle,Sports & Games,,Equipment & Play,4,6,No,,A game that tests thinking.,เกมที่ทดสอบความคิด,The jigsaw puzzle began as a geography teaching tool.,จิ๊กซอว์เริ่มต้นจากการเป็นสื่อการสอนวิชาภูมิศาสตร์,This puzzle has a thousand pieces.,ปริศนา
racket,Sports & Games,,Equipment & Play,4,6,No,,A bat with strings for hitting balls.,ไม้ตีที่ขึงเอ็นสำหรับตีลูก,'Racket' also means a loud noise or a scam.,คำว่า racket ยังหมายถึงเสียงดังหรือการหลอกลวงได้ด้วย,My racket needs restringing.,ไม้แร็กเกต
referee,Sports & Games,,Equipment & Play,4,7,No,,The person enforcing game rules.,คนที่บังคับใช้กติกาในเกม,'Ref' decisions have been argued about since sport began.,คำตัดสินของกรรมการถูกเถียงกันมาตั้งแต่วันที่กีฬาถือกำเนิด,The referee showed a yellow card.,กรรมการ
score,Sports & Games,,Equipment & Play,4,5,No,,The points in a game.,แต้มที่ทำได้ในเกมหรือการแข่งขัน,'Score' once meant a notch cut into wood for counting.,ครั้งหนึ่ง score หมายถึงรอยบากบนไม้ที่ใช้นับจำนวน,What's the score now?,คะแนน
stadium,Sports & Games,Buildings & Structures,Equipment & Play,4,7,No,,A large venue for sport.,สถานที่ขนาดใหญ่สำหรับกีฬา,'Stadium' was originally a Greek unit of distance.,เดิมที stadium เป็นหน่วยวัดระยะทางของกรีก,The stadium roared with fans.,สนามกีฬา
team,Sports & Games,,Equipment & Play,4,4,No,,A group playing together.,กลุ่มคนที่เล่นด้วยกัน,'Team' originally meant a set of animals pulling together.,เดิมที team หมายถึงชุดสัตว์ที่ลากของไปด้วยกัน,Our team won the cup.,ทีม
trophy,Sports & Games,,Equipment & Play,4,6,No,,A prize cup for winners.,ถ้วยที่มอบให้ผู้ชนะ,Ancient Greeks built trophies from captured enemy armour.,ชาวกรีกโบราณสร้างถ้วยรางวัลจากชุดเกราะที่ยึดมาจากศัตรู,The trophy shelf is full.,ถ้วยรางวัล
whistle,Sports & Games,,Equipment & Play,4,7,No,,A device that makes a sharp sound.,อุปกรณ์ที่ทำเสียงแหลม,'Blowing the whistle' also means exposing wrongdoing.,สำนวน blowing the whistle ยังหมายถึงการเปิดโปงการทุจริตด้วย,The whistle ended the match.,นกหวีด
archery,Sports & Games,,Sports,4,7,No,,Shooting arrows at a target.,การยิงลูกศรใส่เป้า,Archery was once required practice by English law.,ครั้งหนึ่งกฎหมายอังกฤษบังคับให้ประชาชนฝึกยิงธนู,Archery demands total stillness.,ยิงธนู
badminton,Sports & Games,,Sports,4,9,No,,A game hitting a shuttlecock over a net.,กีฬาตีลูกขนไก่ข้ามตาข่าย,It is named after an English duke's house.,ตั้งชื่อตามคฤหาสน์ของดยุกชาวอังกฤษ,Badminton is huge in Asia.,แบดมินตัน
basketball,Sports & Games,,Sports,4,10,No,,A game of shooting a ball through a hoop.,กีฬายิงลูกบอลลงห่วง,"It was invented with peach baskets, hence the name.",กีฬานี้ถูกคิดค้นโดยใช้ตะกร้าใส่ลูกพีช จึงเป็นที่มาของชื่อ,He plays basketball after school.,บาสเกตบอล
bowling,Sports & Games,,Sports,4,7,No,,Rolling a ball to knock down pins.,การกลิ้งลูกบอลให้ล้มพิน,Ancient Egyptians played a version five thousand years ago.,ชาวอียิปต์โบราณเล่นกีฬาแบบนี้เมื่อห้าพันปีก่อน,Bowling night is Thursday.,โบว์ลิ่ง
boxing,Sports & Games,,Sports,4,6,No,,Fighting with fists as sport.,กีฬาต่อสู้ด้วยหมัด,"Muay Thai, Thai boxing, allows elbows and knees too.",มวยไทยอนุญาตให้ใช้ศอกและเข่าได้ด้วย,The boxing match sold out.,มวยสากล
chess,Sports & Games,,Sports,4,5,No,,A board game of strategy.,เกมกระดานที่ใช้กลยุทธ์,'Checkmate' comes from Persian meaning 'the king is helpless'.,คำว่า checkmate มาจากภาษาเปอร์เซียที่แปลว่า 'กษัตริย์หมดทางสู้',Chess sharpens the mind.,หมากรุก
climbing,Sports & Games,,Sports,4,8,No,,Going up rocks or walls as sport.,กีฬาปีนหินหรือกำแพง,Climbing joined the Olympics in 2021.,กีฬาปีนผาเข้าสู่โอลิมปิกในปี 2021,Indoor climbing is booming.,ปีนผา
cycling,Sports & Games,,Sports,4,7,No,,Riding a bicycle as sport.,การขี่จักรยานเป็นกีฬา,The Tour de France began as a newspaper publicity stunt.,ตูร์ เดอ ฟรองซ์ เริ่มต้นจากการเป็นกลยุทธ์ประชาสัมพันธ์ของหนังสือพิมพ์,Cycling to work saves money.,ปั่นจักรยาน
darts,Sports & Games,,Sports,4,5,No,,Throwing small arrows at a board.,การขว้างลูกดอกใส่กระดาน,Darts grew out of archery practice in English pubs.,กีฬาปาลูกดอกเติบโตมาจากการฝึกยิงธนูในผับอังกฤษ,He hit the bullseye in darts.,ปาลูกดอก
esports,Sports & Games,Technology,Sports,4,7,No,,Competitive video gaming.,การแข่งขันวิดีโอเกม,Esports finals now fill entire stadiums.,รอบชิงชนะเลิศอีสปอร์ตทุกวันนี้เต็มสนามกีฬาทั้งสนาม,He watches esports every weekend.,อีสปอร์ต
football,Sports & Games,,Sports,4,8,No,,A game of kicking a ball into goals.,กีฬาเตะลูกบอลเข้าประตู,Most of the world says football; America says soccer.,คนส่วนใหญ่ทั่วโลกเรียกว่า football ส่วนอเมริกาเรียกว่า soccer,We watched the football final.,ฟุตบอล
golf,Sports & Games,,Sports,4,4,No,,Hitting a small ball into holes.,การตีลูกบอลเล็กลงหลุม,An astronaut once hit a golf ball on the moon.,นักบินอวกาศคนหนึ่งเคยตีลูกกอล์ฟบนดวงจันทร์,Golf requires great patience.,กอล์ฟ
gymnastics,Sports & Games,,Sports,4,10,No,,Sport of strength and flexibility.,กีฬาที่ใช้ความแข็งแรงและความยืดหยุ่น,Ancient Greek athletes trained without any clothes — 'gymnos' means naked.,นักกีฬากรีกโบราณฝึกซ้อมโดยไม่สวมเสื้อผ้าเลย คำว่า gymnos แปลว่าเปลือย,Gymnastics takes years of training.,ยิมนาสติก
marathon,Sports & Games,,Sports,4,8,No,,A running race of forty-two kilometres.,การวิ่งแข่งระยะสี่สิบสองกิโลเมตร,The odd distance was set for the British royal family's viewing.,ระยะทางที่ดูแปลกนี้ถูกกำหนดขึ้นเพื่อให้ราชวงศ์อังกฤษชมได้สะดวก,She finished her first marathon.,มาราธอน
muay thai,Sports & Games,,Sports,4,8,No,,"Thai boxing using fists, elbows, and knees.",กีฬาต่อสู้ที่ใช้หมัด ศอก และเข่า,It is called the art of eight limbs.,มวยไทยได้ชื่อว่าเป็นศิลปะแห่งอาวุธแปดชนิด,Muay thai training is intense.,มวยไทย
running,Sports & Games,,Sports,4,7,No,,Moving fast on foot as sport.,การเคลื่อนที่เร็วด้วยเท้าเป็นกีฬา,The marathon honours an ancient Greek messenger's run.,การวิ่งมาราธอนเป็นการรำลึกถึงการวิ่งของผู้ส่งสารชาวกรีกโบราณ,Morning running clears my head.,การวิ่ง
skating,Sports & Games,,Sports,4,7,No,,Gliding on wheels or blades.,การไถลไปบนล้อหรือใบมีด,Ice skates were once made of animal bone.,รองเท้าสเก็ตน้ำแข็งเคยทำจากกระดูกสัตว์,Skating in the park on Sundays.,สเก็ต
skiing,Sports & Games,,Sports,4,6,No,,Sliding on snow on long boards.,การไถลบนหิมะด้วยแผ่นยาว,"Skis began as transport, not sport, thousands of years ago.",สกีเริ่มต้นจากการเป็นพาหนะ ไม่ใช่กีฬา เมื่อหลายพันปีก่อน,They went skiing in Japan.,สกี
surfing,Sports & Games,,Sports,4,7,No,,Riding ocean waves on a board.,การขี่คลื่นทะเลบนกระดาน,Surfing was born in Hawaii and Polynesia.,กีฬาโต้คลื่นถือกำเนิดในฮาวายและโพลินีเซีย,Surfing lessons start at dawn.,โต้คลื่น
swimming,Sports & Games,,Sports,4,8,No,,Moving through water using your body.,การเคลื่อนที่ในน้ำด้วยร่างกาย,Swimming was one of the original modern Olympic sports.,ว่ายน้ำเป็นหนึ่งในกีฬาโอลิมปิกยุคใหม่ตั้งแต่ครั้งแรก,Swimming is great exercise.,ว่ายน้ำ
table tennis,Sports & Games,,Sports,4,11,No,,Tennis played on a table with paddles.,เทนนิสที่เล่นบนโต๊ะด้วยไม้ปิงปอง,It began as an after-dinner parlour game.,กีฬานี้เริ่มต้นจากการเป็นเกมเล่นในห้องรับแขกหลังอาหารเย็น,Table tennis is lightning fast.,ปิงปอง
takraw,Sports & Games,,Sports,4,6,No,,Kick volleyball played in Southeast Asia.,กีฬาเตะลูกข้ามตาข่ายในเอเชียตะวันออกเฉียงใต้,Sepak takraw players perform mid-air bicycle kicks.,นักเซปักตะกร้อเตะจักรยานอากาศกลางอากาศได้อย่างน่าทึ่ง,Takraw is thrilling to watch.,ตะกร้อ
tennis,Sports & Games,,Sports,4,6,No,,A game hitting a ball over a net.,กีฬาตีลูกข้ามตาข่าย,'Love' in tennis means zero.,คำว่า love ในเทนนิสแปลว่าศูนย์,Tennis practice is on Tuesday.,เทนนิส
volleyball,Sports & Games,,Sports,4,10,No,,A game hitting a ball over a high net.,กีฬาตีลูกข้ามตาข่ายสูง,It was invented as a gentler alternative to basketball.,กีฬานี้ถูกคิดค้นขึ้นเป็นทางเลือกที่เบากว่าบาสเกตบอล,Beach volleyball at sunset.,วอลเลย์บอล
battery,Technology,,Devices & Hardware,4,7,No,,A store of electrical power.,แหล่งเก็บพลังงานไฟฟ้า,Benjamin Franklin coined 'battery' from a military term.,เบนจามิน แฟรงคลิน เป็นคนบัญญัติคำว่า battery จากศัพท์ทางทหาร,The battery is at five percent.,แบตเตอรี่
cable,Technology,,Devices & Hardware,4,5,No,,A wire that carries power or data.,สายไฟที่ส่งพลังงานหรือข้อมูล,Undersea cables carry almost all international internet traffic.,สายเคเบิลใต้ทะเลรับส่งข้อมูลอินเทอร์เน็ตระหว่างประเทศแทบทั้งหมด,This cable is too short.,สายเคเบิล
camera,Technology,,Devices & Hardware,4,6,No,,A device that takes pictures.,อุปกรณ์ที่ใช้ถ่ายภาพ,"'Camera' means room in Latin, from the dark room that made images.",คำว่า camera ในภาษาละตินแปลว่าห้อง มาจากห้องมืดที่ใช้สร้างภาพ,The camera loves this light.,กล้อง
charger,Technology,,Devices & Hardware,4,7,No,,A device that refills a battery.,อุปกรณ์ที่เติมพลังให้แบตเตอรี่,'Charger' once meant a war horse.,ครั้งหนึ่ง charger หมายถึงม้าศึก,Who took my charger?,ที่ชาร์จ
chip,Technology,,Devices & Hardware,4,4,No,,A tiny piece of electronics.,ชิ้นส่วนอิเล็กทรอนิกส์ขนาดจิ๋ว,Modern chips hold billions of switches on a fingernail of silicon.,ชิปสมัยใหม่บรรจุสวิตช์นับพันล้านตัวบนซิลิคอนขนาดเท่าเล็บมือ,This chip powers the whole phone.,ชิป
computer,Technology,,Devices & Hardware,4,8,No,,A machine that processes information.,เครื่องที่ประมวลผลข้อมูล,'Computer' was originally a job title for humans who calculated.,เดิมที computer เป็นชื่อตำแหน่งงานของมนุษย์ที่ทำหน้าที่คำนวณ,The computer needs an update.,คอมพิวเตอร์
console,Technology,Sports & Games,Devices & Hardware,4,7,No,,A machine made for playing video games.,เครื่องที่ทำมาเพื่อเล่นวิดีโอเกม,Console wars between brands defined gaming culture.,สงครามคอนโซลระหว่างแบรนด์เป็นตัวกำหนดวัฒนธรรมเกม,The console needs two controllers.,เครื่องเกมคอนโซล
drone,Technology,,Devices & Hardware,4,5,No,,A small flying machine without a pilot.,เครื่องบินขนาดเล็กที่ไม่มีคนขับ,'Drone' first meant a male bee.,เดิมที drone หมายถึงผึ้งตัวผู้,The drone filmed the wedding.,โดรน
headphones,Technology,,Devices & Hardware,4,10,No,,Speakers worn on the ears.,ลำโพงที่สวมที่หู,Headphones began as telephone operator equipment.,หูฟังเริ่มต้นจากการเป็นอุปกรณ์ของพนักงานสลับสายโทรศัพท์,Put on headphones in the library.,หูฟัง
keyboard,Technology,,Devices & Hardware,4,8,No,,The set of keys for typing.,ชุดปุ่มสำหรับพิมพ์,The QWERTY layout was designed to slow typists down.,ผังแป้นพิมพ์ QWERTY ถูกออกแบบมาเพื่อทำให้คนพิมพ์ช้าลง,This keyboard lights up.,คีย์บอร์ด
laptop,Technology,,Devices & Hardware,4,6,No,,A portable computer.,คอมพิวเตอร์แบบพกพา,Early laptops weighed over five kilograms.,แล็ปท็อปยุคแรกหนักกว่าห้ากิโลกรัม,She works from her laptop.,แล็ปท็อป
phone,Technology,,Devices & Hardware,4,5,No,,A device for calling and messaging.,อุปกรณ์สำหรับโทรและส่งข้อความ,"'Phone' is short for telephone, meaning distant sound.",คำว่า phone ย่อมาจาก telephone ซึ่งแปลว่าเสียงจากระยะไกล,My phone is on silent.,โทรศัพท์
printer,Technology,,Devices & Hardware,4,7,No,,A machine that puts text on paper.,เครื่องที่พิมพ์ตัวอักษรลงกระดาษ,Printer ink costs more per litre than champagne.,หมึกเครื่องพิมพ์ราคาต่อลิตรแพงกว่าแชมเปญเสียอีก,The printer is out of paper.,เครื่องพิมพ์
robot,Technology,,Devices & Hardware,4,5,No,,A machine that works automatically.,เครื่องจักรที่ทำงานอัตโนมัติ,'Robot' comes from a Czech word for forced labour.,คำว่า robot มาจากคำภาษาเช็กที่แปลว่าแรงงานบังคับ,A robot vacuums our floor.,หุ่นยนต์
router,Technology,,Devices & Hardware,4,6,No,,A device that shares an internet connection.,อุปกรณ์ที่กระจายสัญญาณอินเทอร์เน็ต,Routers were rare in homes before broadband arrived.,เราเตอร์เป็นของหายากในบ้านก่อนยุคบรอดแบนด์,Restart the router if wifi drops.,เราเตอร์
screen,Technology,,Devices & Hardware,4,6,No,,The surface that displays images.,พื้นผิวที่แสดงภาพ,'Screen time' became a parenting term in the 2010s.,คำว่า screen time กลายเป็นศัพท์การเลี้ยงลูกในทศวรรษ 2010,The screen is cracked.,หน้าจอ
server,Technology,,Devices & Hardware,4,6,No,,A computer that stores data for others.,คอมพิวเตอร์ที่เก็บข้อมูลให้ผู้อื่น,'The cloud' is really just other people's servers.,จริงๆ แล้ว 'คลาวด์' ก็คือเซิร์ฟเวอร์ของคนอื่นนั่นเอง,The server is down again.,เซิร์ฟเวอร์
smartwatch,Technology,,Devices & Hardware,4,10,No,,A watch that runs apps.,นาฬิกาที่ใช้งานแอปได้,Sci-fi comics imagined wrist communicators decades early.,การ์ตูนไซไฟจินตนาการถึงนาฬิกาสื่อสารล่วงหน้าหลายสิบปี,Her smartwatch counts her steps.,สมาร์ตวอตช์
speaker,Technology,,Devices & Hardware,4,7,No,,A device that produces sound.,อุปกรณ์ที่ให้เสียง,The same word means a person giving a speech.,คำเดียวกันนี้ยังหมายถึงคนที่กำลังกล่าวสุนทรพจน์ด้วย,"Turn the speaker down, please.",ลำโพง
tablet,Technology,,Devices & Hardware,4,6,No,,A flat touchscreen computer.,คอมพิวเตอร์จอสัมผัสแบบแบน,'Tablet' once meant a slab for writing — history repeating.,ครั้งหนึ่ง tablet หมายถึงแผ่นหินสำหรับเขียน ประวัติศาสตร์วนกลับมาอีกครั้ง,The kids share one tablet.,แท็บเล็ต
account,Technology,,Internet & Apps,4,7,No,,Your personal access to a service.,สิทธิ์เข้าใช้บริการส่วนตัวของเรา,The banking word moved smoothly onto the internet.,ศัพท์จากวงการธนาคารย้ายมาสู่อินเทอร์เน็ตได้อย่างราบรื่น,Log into your account.,บัญชีผู้ใช้
app,Technology,,Internet & Apps,4,3,No,,A program on a phone or computer.,โปรแกรมบนโทรศัพท์หรือคอมพิวเตอร์,'App' became word of the year in 2010.,คำว่า app ได้เป็นคำแห่งปีในปี 2010,This app tracks my sleep.,แอป
backup,Technology,,Internet & Apps,4,6,No,,A saved copy of your data.,สำเนาข้อมูลที่บันทึกไว้,World Backup Day falls the day before April Fools.,วันสำรองข้อมูลโลกตรงกับวันก่อนวันเมษาหน้าโง่,Make a backup before updating.,สำรองข้อมูล
blog,Technology,,Internet & Apps,4,4,No,,A personal website of posts.,เว็บไซต์ส่วนตัวที่รวมโพสต์,'Blog' is short for weblog.,คำว่า blog ย่อมาจาก weblog,Her travel blog is popular.,บล็อก
data,Technology,,Internet & Apps,4,4,No,,Information stored or sent digitally.,สารสนเทศที่เก็บหรือส่งในรูปดิจิทัล,'Data' is technically the plural of 'datum'.,ในทางเทคนิค data เป็นรูปพหูพจน์ของคำว่า datum,The app uses little data.,ข้อมูล
download,Technology,,Internet & Apps,4,8,No,,Copy data from the internet.,คัดลอกข้อมูลจากอินเทอร์เน็ต,'Down' reflects data flowing from the network to you.,คำว่า down สะท้อนการไหลของข้อมูลจากเครือข่ายมาสู่เรา,Download the app first.,ดาวน์โหลด
email,Technology,,Internet & Apps,4,5,No,,Messages sent over the internet.,ข้อความที่ส่งผ่านอินเทอร์เน็ต,Email is older than the web itself.,อีเมลเก่าแก่กว่าเว็บเสียอีก,Check your email inbox.,อีเมล
emoji,Technology,Slang & GenZ,Internet & Apps,4,5,No,,A small picture used in messages.,รูปภาพเล็กๆ ที่ใช้ในข้อความ,'Emoji' is Japanese for picture character — no relation to 'emotion'.,คำว่า emoji เป็นภาษาญี่ปุ่นแปลว่าอักษรภาพ ไม่ได้เกี่ยวกับคำว่า emotion เลย,She replied with a heart emoji.,อีโมจิ
hashtag,Technology,Slang & GenZ,Internet & Apps,4,7,No,,The # symbol used to tag topics.,เครื่องหมาย # ที่ใช้ติดป้ายหัวข้อ,The symbol was called the pound sign long before Twitter.,สัญลักษณ์นี้ถูกเรียกว่า pound sign มานานก่อนที่จะมีทวิตเตอร์,Add a hashtag to the post.,แฮชแท็ก
internet,Technology,,Internet & Apps,4,8,No,,The global network of computers.,เครือข่ายคอมพิวเตอร์ทั่วโลก,The first internet message crashed after two letters.,ข้อความแรกบนอินเทอร์เน็ตล่มหลังส่งไปได้แค่สองตัวอักษร,The internet is slow tonight.,อินเทอร์เน็ต
link,Technology,,Internet & Apps,4,4,No,,A clickable connection to a page.,การเชื่อมต่อที่กดไปยังหน้าอื่นได้,'Link' comes from a word for a chain ring.,คำว่า link มาจากคำที่แปลว่าห่วงโซ่,Send me the link.,ลิงก์
meme,Technology,Slang & GenZ,Internet & Apps,4,4,No,,A joke image or idea spread online.,ภาพหรือไอเดียตลกที่แพร่กระจายออนไลน์,"'Meme' was coined by a biologist in 1976, long before the internet.",คำว่า meme ถูกบัญญัติโดยนักชีววิทยาในปี 1976 นานก่อนที่จะมีอินเทอร์เน็ต,That meme made my day.,มีม
notification,Technology,,Internet & Apps,4,12,No,,An alert from an app.,ข้อความเตือนจากแอป,The average phone user gets dozens of notifications daily.,ผู้ใช้โทรศัพท์โดยเฉลี่ยได้รับการแจ้งเตือนหลายสิบครั้งต่อวัน,Turn off notifications at night.,การแจ้งเตือน
password,Technology,,Internet & Apps,4,8,No,,A secret word for access.,คำลับสำหรับเข้าใช้งาน,'Password123' is still one of the most common passwords.,'Password123' ยังคงเป็นรหัสผ่านที่คนใช้บ่อยที่สุดอันดับต้นๆ,Never share your password.,รหัสผ่าน
podcast,Technology,,Internet & Apps,4,7,No,,An audio show you can download.,รายการเสียงที่ดาวน์โหลดฟังได้,The word blends 'iPod' and 'broadcast'.,คำนี้ผสมระหว่าง iPod กับ broadcast,I listen to podcasts while commuting.,พอดแคสต์
scroll,Technology,,Internet & Apps,4,6,No,,Move up or down a screen.,เลื่อนขึ้นลงบนหน้าจอ,We scroll screens the way ancients unrolled scrolls.,เราเลื่อนหน้าจอแบบเดียวกับที่คนโบราณคลี่ม้วนหนังสือ,Stop scrolling and sleep.,เลื่อนหน้าจอ
search,Technology,,Internet & Apps,4,6,No,,Look for information online.,หาข้อมูลออนไลน์,'To google' became a verb within years of the site launching.,คำว่า 'to google' กลายเป็นคำกริยาภายในไม่กี่ปีหลังเว็บเปิดตัว,Search for it online.,ค้นหา
selfie,Technology,Slang & GenZ,Internet & Apps,4,6,No,,A photo you take of yourself.,ภาพถ่ายที่เราถ่ายตัวเอง,'Selfie' was first recorded on an Australian forum in 2002.,คำว่า selfie ถูกบันทึกครั้งแรกในเว็บบอร์ดออสเตรเลียเมื่อปี 2002,She took a selfie at the temple.,เซลฟี
stream,Technology,Slang & GenZ,Internet & Apps,4,6,No,,Watch or send media live online.,ดูหรือส่งสื่อสดออนไลน์,Streaming borrowed its name from flowing water.,การสตรีมยืมชื่อมาจากสายน้ำที่ไหล,We streamed the concert live.,สตรีม
update,Technology,,Internet & Apps,4,6,No,,A new improved version of software.,ซอฟต์แวร์เวอร์ชันใหม่ที่ปรับปรุงแล้ว,'Update now or later' is a universal modern question.,'อัปเดตตอนนี้หรือทีหลัง' เป็นคำถามสากลของคนยุคใหม่,Install the update tonight.,อัปเดต
upload,Technology,,Internet & Apps,4,6,No,,Send data to the internet.,ส่งข้อมูลขึ้นอินเทอร์เน็ต,'Upload' is simply download in reverse.,คำว่า upload ก็คือ download แบบย้อนทางนั่นเอง,Upload the photos tonight.,อัปโหลด
username,Technology,,Internet & Apps,4,8,No,,Your name on a website.,ชื่อของเราบนเว็บไซต์,Early usernames were limited to eight characters.,ชื่อผู้ใช้ยุคแรกถูกจำกัดไว้ที่แปดตัวอักษร,Choose a unique username.,ชื่อผู้ใช้
virus,Technology,Health & Body,Internet & Apps,4,5,No,,A harmful computer program.,โปรแกรมคอมพิวเตอร์ที่เป็นอันตราย,Computer viruses borrowed their name from biology.,ไวรัสคอมพิวเตอร์ยืมชื่อมาจากวิชาชีววิทยา,The virus slowed his laptop.,ไวรัส
website,Technology,,Internet & Apps,4,7,No,,A set of pages on the internet.,ชุดหน้าเว็บบนอินเทอร์เน็ต,The first website is still online at CERN.,เว็บไซต์แรกของโลกยังออนไลน์อยู่ที่เซิร์น,The website loads instantly.,เว็บไซต์
wifi,Technology,,Internet & Apps,4,4,No,,Wireless internet connection.,การเชื่อมต่ออินเทอร์เน็ตแบบไร้สาย,'WiFi' does not actually stand for anything.,จริงๆ แล้วคำว่า WiFi ไม่ได้ย่อมาจากอะไรเลย,What's the wifi password?,ไวไฟ
border,Travel & Places,,Places & Landmarks,4,6,No,,The line between countries.,เส้นแบ่งระหว่างประเทศ,Some borders run straight through villages and houses.,ชายแดนบางแห่งลากผ่านกลางหมู่บ้านและบ้านเรือนเลยทีเดียว,We crossed the border at noon.,ชายแดน
bridge,Travel & Places,Buildings & Structures,Places & Landmarks,4,6,No,,A structure crossing water or roads.,สิ่งก่อสร้างที่ข้ามน้ำหรือถนน,'Water under the bridge' means the past is forgiven.,สำนวน 'water under the bridge' หมายถึงเรื่องที่ผ่านไปแล้วและให้อภัยกันแล้ว,We walked across the old bridge.,สะพาน
capital,Travel & Places,,Places & Landmarks,4,7,No,,The main city of a country.,เมืองหลักของประเทศ,Bangkok's full ceremonial name is the longest city name on Earth.,ชื่อเต็มตามพิธีการของกรุงเทพฯ เป็นชื่อเมืองที่ยาวที่สุดในโลก,Bangkok is the capital of Thailand.,เมืองหลวง
castle,Travel & Places,,Places & Landmarks,4,6,No,,A fortified old building.,อาคารเก่าที่มีป้อมปราการ,Castles were homes and fortresses in one.,ปราสาทเป็นทั้งบ้านและป้อมปราการในหลังเดียวกัน,The castle overlooks the river.,ปราสาท
city,Travel & Places,,Places & Landmarks,4,4,No,,A large town.,เขตชุมชนขนาดใหญ่ที่มีคนอาศัยหนาแน่น,More than half of humanity now lives in cities.,ปัจจุบันมนุษย์มากกว่าครึ่งโลกอาศัยอยู่ในเมือง,The city never sleeps.,เมือง
country,Travel & Places,,Places & Landmarks,4,7,No,,A nation with its own government.,ชาติที่มีรัฐบาลของตัวเอง,'Country' also means rural land away from cities.,คำว่า country ยังหมายถึงชนบทที่อยู่ห่างจากเมืองด้วย,Thailand is a beautiful country.,ประเทศ
downtown,Travel & Places,,Places & Landmarks,4,8,No,,The central part of a city.,ส่วนกลางของเมือง,'Downtown' began as the literal lower part of Manhattan.,คำว่า downtown เริ่มจากการหมายถึงส่วนล่างของเกาะแมนแฮตตันจริงๆ,We had dinner downtown.,ใจกลางเมือง
harbor,Travel & Places,,Places & Landmarks,4,6,No,,A sheltered place for ships.,ที่กำบังสำหรับเรือ,'Harbor' also means to shelter a feeling or person.,คำว่า harbor ยังหมายถึงการเก็บงำความรู้สึกหรือให้ที่พักพิงแก่ใครบางคน,Boats filled the harbor.,ท่าเรือ
hotel,Travel & Places,Buildings & Structures,Places & Landmarks,4,5,No,,A place travellers pay to stay.,ที่พักที่นักเดินทางจ่ายเงินเข้าพัก,'Hotel' and 'hospital' share a root of welcoming guests.,คำว่า hotel กับ hospital มีรากศัพท์ร่วมกันเรื่องการต้อนรับแขก,The hotel has a rooftop pool.,โรงแรม
landmark,Travel & Places,,Places & Landmarks,4,8,No,,A famous recognisable place.,สถานที่มีชื่อเสียงที่จดจำได้,Landmarks literally helped travellers mark the land.,แลนด์มาร์กช่วยให้นักเดินทางใช้หมายจุดบนแผ่นดินได้จริงๆ,The temple is a national landmark.,สถานที่สำคัญ
market,Travel & Places,Buildings & Structures,Places & Landmarks,4,6,No,,A place where things are sold.,สถานที่ที่มีการซื้อขายสินค้า,Floating markets are a Thai icon.,ตลาดน้ำเป็นเอกลักษณ์ของประเทศไทย,The night market smells amazing.,ตลาด
museum,Travel & Places,Buildings & Structures,Places & Landmarks,4,6,No,,A place showing art or history.,สถานที่จัดแสดงศิลปะหรือประวัติศาสตร์,'Museum' means a seat of the Muses.,คำว่า museum แปลว่าที่สถิตของเหล่ามิวส์,The museum is free on Sundays.,พิพิธภัณฑ์
palace,Travel & Places,,Places & Landmarks,4,6,No,,A grand royal home.,ที่ประทับอันโอ่อ่าของกษัตริย์,'Palace' comes from Rome's Palatine Hill.,คำว่า palace มาจากเนินพาลาไทน์ในกรุงโรม,The palace opens at nine.,พระราชวัง
park,Travel & Places,,Places & Landmarks,4,4,No,,Public green space in a city.,พื้นที่สีเขียวสาธารณะในเมือง,City parks were invented to give workers fresh air.,สวนสาธารณะในเมืองถูกสร้างขึ้นเพื่อให้คนทำงานได้สูดอากาศบริสุทธิ์,We jog in the park.,สวนสาธารณะ
restaurant,Travel & Places,,Places & Landmarks,4,10,No,,A place that serves meals.,สถานที่ที่เสิร์ฟอาหาร,The first restaurants promised to 'restore' your health.,ร้านอาหารแห่งแรกๆ โฆษณาว่าจะช่วย 'ฟื้นฟู' สุขภาพของคุณ,Book a table at the restaurant.,ร้านอาหาร
statue,Travel & Places,,Places & Landmarks,4,6,No,,A carved figure of a person or thing.,รูปสลักของคนหรือสิ่งของ,The Statue of Liberty was a gift from France.,เทพีเสรีภาพเป็นของขวัญจากประเทศฝรั่งเศส,The statue is centuries old.,รูปปั้น
temple,Travel & Places,,Places & Landmarks,4,6,No,,A building for worship.,อาคารสำหรับประกอบศาสนกิจ,Thailand has more than forty thousand Buddhist temples.,ประเทศไทยมีวัดพุทธมากกว่าสี่หมื่นแห่ง,Dress politely at the temple.,วัด
tower,Travel & Places,Buildings & Structures,Places & Landmarks,4,5,No,,A tall narrow building.,อาคารสูงและแคบ,The Eiffel Tower was meant to be temporary.,หอไอเฟลถูกสร้างขึ้นโดยตั้งใจให้เป็นสิ่งก่อสร้างชั่วคราว,The tower has a viewing deck.,หอคอย
village,Travel & Places,,Places & Landmarks,4,7,No,,A small group of homes in the countryside.,กลุ่มบ้านเล็กๆ ในชนบท,'It takes a village' means raising children needs everyone.,สุภาษิต 'it takes a village' หมายถึงการเลี้ยงเด็กหนึ่งคนต้องอาศัยคนทั้งชุมชน,The village has one temple.,หมู่บ้าน
zoo,Travel & Places,,Places & Landmarks,4,3,No,,A place keeping animals for viewing.,สถานที่เลี้ยงสัตว์ให้คนเข้าชม,'Zoo' is short for zoological garden.,คำว่า zoo ย่อมาจาก zoological garden,The kids loved the zoo.,สวนสัตว์
abroad,Travel & Places,,Travel Words,4,6,No,,In a foreign country.,อยู่ในประเทศอื่น,'Abroad' literally meant 'out over a broad area'.,คำว่า abroad แปลตรงตัวว่า 'ออกไปทั่วบริเวณกว้าง',She studied abroad for a year.,ต่างประเทศ
adventure,Travel & Places,,Travel Words,4,9,No,,An exciting risky experience.,ประสบการณ์ตื่นเต้นที่มีความเสี่ยง,'Adventure' once meant whatever chance brings.,ครั้งหนึ่ง adventure หมายถึงสิ่งใดก็ตามที่โชคชะตานำมาให้,The hike became an adventure.,การผจญภัย
backpacker,Travel & Places,,Travel Words,4,10,No,,A traveller carrying everything in a backpack.,นักเดินทางที่แบกทุกอย่างไว้ในเป้,Khao San Road is a famous backpacker hub.,ถนนข้าวสารเป็นศูนย์กลางแบ็คแพ็คเกอร์ที่โด่งดัง,Backpackers fill the hostel.,แบ็คแพ็คเกอร์
cruise,Travel & Places,Transportation,Travel Words,4,6,No,,A holiday journey by ship.,การเดินทางท่องเที่ยวด้วยเรือ,'Cruise' comes from the Dutch word for crossing.,คำว่า cruise มาจากคำภาษาดัตช์ที่แปลว่าการข้าม,They took a cruise to the islands.,ล่องเรือสำราญ
flight,Travel & Places,Transportation,Travel Words,4,6,No,,A journey by airplane.,การเดินทางด้วยเครื่องบิน,'Flight' also means running away — a fitting double meaning.,คำว่า flight ยังแปลว่าการหลบหนีได้ด้วย เป็นความหมายคู่ที่เข้ากันดี,Our flight leaves at dawn.,เที่ยวบิน
guide,Travel & Places,,Travel Words,4,5,No,,A person or book that shows the way.,คนหรือหนังสือที่ชี้ทางให้เรา,'Guide' and 'guidance' share a root meaning to know.,คำว่า guide กับ guidance มีรากศัพท์เดียวกันที่แปลว่ารู้,Our guide knew every story.,ไกด์
hostel,Travel & Places,,Travel Words,4,6,No,,Cheap shared lodging for travellers.,ที่พักราคาถูกแบบใช้ห้องร่วมกัน,"'Hostel', 'hotel', and 'hospital' are triplets.","คำว่า hostel, hotel และ hospital เป็นสามพี่น้องกัน",The hostel has a shared kitchen.,โฮสเทล
itinerary,Travel & Places,,Travel Words,4,9,No,,The planned schedule of a trip.,ตารางที่วางแผนไว้ของทริป,'Itinerary' comes from the Latin word for journey.,คำว่า itinerary มาจากคำภาษาละตินที่แปลว่าการเดินทาง,The itinerary covers four cities.,กำหนดการเดินทาง
layover,Travel & Places,,Travel Words,4,7,No,,A short stop between flights.,การแวะพักระหว่างเที่ยวบิน,Some airlines offer free city tours during long layovers.,สายการบินบางแห่งจัดทัวร์เมืองฟรีให้ช่วงแวะพักนาน,We had a six-hour layover in Doha.,แวะพักเปลี่ยนเครื่อง
luggage,Travel & Places,,Travel Words,4,7,No,,Bags you travel with.,กระเป๋าที่เราพกไปเวลาเดินทาง,"'Luggage' comes from 'lug', to drag heavily.",คำว่า luggage มาจากคำว่า lug ที่แปลว่าลากอย่างหนักหน่วง,My luggage is overweight.,กระเป๋าเดินทาง
map,Travel & Places,,Travel Words,4,3,No,,A drawing of an area.,ภาพวาดของพื้นที่หนึ่ง,'Map' comes from the cloth maps were drawn on.,คำว่า map มาจากผ้าที่ใช้วาดแผนที่ลงไป,Check the map before we go.,แผนที่
passport,Travel & Places,,Travel Words,4,8,No,,The document allowing foreign travel.,เอกสารที่อนุญาตให้เดินทางไปต่างประเทศ,It literally granted passage through a port.,แปลตรงตัวว่าเอกสารที่อนุญาตให้ผ่านท่าเรือ,Renew your passport early.,หนังสือเดินทาง
reservation,Travel & Places,,Travel Words,4,11,No,,A booking made in advance.,การจองที่นั่งหรือห้องเอาไว้ล่วงหน้า,'Reservation' means holding something back for you.,คำว่า reservation หมายถึงการกันบางสิ่งเอาไว้ให้คุณ,We have a reservation at seven.,การจอง
souvenir,Travel & Places,,Travel Words,4,8,No,,An object bought to remember a trip.,สิ่งของที่ซื้อไว้เพื่อระลึกถึงการเดินทาง,'Souvenir' is simply French for memory.,คำว่า souvenir คือคำภาษาฝรั่งเศสที่แปลว่าความทรงจำนั่นเอง,I bought a small souvenir.,ของที่ระลึก
suitcase,Travel & Places,,Travel Words,4,8,No,,A flat case for carrying clothes.,กระเป๋าแบนสำหรับใส่เสื้อผ้า,Wheels were only added to suitcases in 1970.,ล้อเพิ่งถูกติดเข้ากับกระเป๋าเดินทางในปี 1970 นี้เอง,Pack the suitcase tonight.,กระเป๋าเสื้อผ้าเดินทาง
tourist,Travel & Places,,Travel Words,4,7,No,,A person visiting for pleasure.,คนที่มาเยือนเพื่อพักผ่อน,Mass tourism only began with cheap flights.,การท่องเที่ยวมวลชนเพิ่งเริ่มขึ้นเมื่อตั๋วเครื่องบินมีราคาถูกลง,Tourists photograph everything.,นักท่องเที่ยว
travel,Travel & Places,,Travel Words,4,6,No,,Go from one place to another.,ไปจากที่หนึ่งสู่อีกที่หนึ่ง,'Travel' comes from a word for painful labour — early travel was hard.,คำว่า travel มาจากคำที่แปลว่าการทำงานหนักอันเจ็บปวด เพราะการเดินทางยุคแรกลำบากมาก,She travels for work monthly.,เดินทาง
trip,Travel & Places,,Travel Words,4,4,No,,A journey to a place.,การเดินทางไปยังที่ใดที่หนึ่ง,A 'round trip' brings you back where you started.,คำว่า round trip หมายถึงการเดินทางที่พากลับมาจุดเริ่มต้น,The trip lasted five days.,ทริป
vacation,Travel & Places,,Travel Words,4,8,No,,Time away from work for rest.,ช่วงเวลาหยุดงานเพื่อพักผ่อน,Britain says holiday; America says vacation.,อังกฤษเรียกว่า holiday ส่วนอเมริกาเรียกว่า vacation,We need a beach vacation.,วันหยุดพักผ่อน
visa,Travel & Places,,Travel Words,4,4,No,,Permission to enter a country.,การอนุญาตให้เข้าประเทศ,'Visa' is Latin for 'things seen' — documents checked.,คำว่า visa เป็นภาษาละตินแปลว่า 'สิ่งที่ถูกตรวจดูแล้ว' คือเอกสารที่ผ่านการตรวจ,The visa took two weeks.,วีซ่า
bend,Actions & Movement,,Body Actions,5,4,No,,To curve something.,ทำให้บางสิ่งโค้งงอ,'Bend the rules' means to allow an exception.,สำนวน bend the rules แปลว่ายืดหยุ่นกฎให้,Bend your knees slightly.,งอ
carry,Actions & Movement,,Body Actions,5,5,No,,To hold and move something.,ถือและเคลื่อนย้ายสิ่งของ,'Carry on' means to continue.,สำนวน carry on แปลว่าทำต่อไป,Can you carry this bag?,ถือ
catch,Actions & Movement,Sports & Games,Body Actions,5,5,No,,To take hold of something moving.,รับสิ่งที่กำลังเคลื่อนที่ไว้,"'Catch' also covers illness, buses and meaning.",catch ยังใช้กับการติดโรค การขึ้นรถ และการเข้าใจ,Catch the ball!,รับ
drop,Actions & Movement,,Body Actions,5,4,No,,To let something fall.,ปล่อยให้บางสิ่งตกลง,'Drop by' means to visit briefly.,สำนวน drop by แปลว่าแวะมาสั้นๆ,Don't drop the plate.,ทำหล่น
lift,Actions & Movement,,Body Actions,5,4,No,,To raise something upwards.,ยกบางสิ่งขึ้น,"In Britain, 'lift' is also the name for an elevator.",ในอังกฤษ lift ยังเป็นชื่อเรียกลิฟต์,Lift with your legs.,ยก
nod,Actions & Movement,,Body Actions,5,3,No,,To move the head down and up.,พยักหน้าขึ้นลง,In some countries a nod does not mean yes.,ในบางประเทศ การพยักหน้าไม่ได้แปลว่าใช่,He nodded in agreement.,พยักหน้า
point,Actions & Movement,Directions & Position,Body Actions,5,5,No,,To show direction with a finger.,ชี้บอกทิศทางด้วยนิ้ว,Pointing at people is impolite in Thailand.,การชี้นิ้วใส่คนถือว่าไม่สุภาพในประเทศไทย,She pointed at the sign.,ชี้
pull,Actions & Movement,,Body Actions,5,4,No,,To move something towards you.,ดึงสิ่งของเข้าหาตัว,'Pull yourself together' means regain composure.,สำนวน pull yourself together แปลว่าตั้งสติให้ได้,Pull the rope hard.,ดึง
push,Actions & Movement,,Body Actions,5,4,No,,To move something away using force.,ออกแรงดันสิ่งของให้ห่างออกไป,'Push' and 'pull' are the first words on most doors.,push กับ pull เป็นคำแรกที่เห็นบนประตูส่วนใหญ่,Push the door gently.,ผลัก
squeeze,Actions & Movement,,Body Actions,5,7,No,,To press firmly from both sides.,บีบแน่นจากทั้งสองด้าน,'A tight squeeze' means barely enough room.,สำนวน a tight squeeze แปลว่าพื้นที่แทบไม่พอ,Squeeze the lime over it.,บีบ
stretch,Actions & Movement,Health & Body,Body Actions,5,7,No,,To extend the body or an object.,ยืดร่างกายหรือสิ่งของออก,Stretching before exercise is now considered less vital than once thought.,การยืดก่อนออกกำลังกายถูกมองว่าจำเป็นน้อยกว่าที่เคยเชื่อ,Stretch before you run.,ยืด
throw,Actions & Movement,Sports & Games,Body Actions,5,5,No,,To send something through the air.,ขว้างบางสิ่งไปในอากาศ,'Throw a party' has nothing to do with throwing.,สำนวน throw a party ไม่เกี่ยวกับการขว้างเลย,Throw me the ball.,ขว้าง
wave,Actions & Movement,,Body Actions,5,4,No,,To move a hand in greeting.,โบกมือทักทาย,The same word covers ocean waves and radio waves.,คำเดียวกันใช้ได้ทั้งคลื่นทะเลและคลื่นวิทยุ,She waved goodbye.,โบกมือ
apologise,Actions & Movement,,Communication,5,9,No,,To say sorry.,กล่าวขอโทษ,American English spells it apologize.,อังกฤษแบบอเมริกันสะกดว่า apologize,He apologised sincerely.,ขอโทษ
argue,Actions & Movement,,Communication,5,5,No,,To disagree in words.,โต้เถียงด้วยคำพูด,'Argue' can be heated or purely logical.,argue เป็นได้ทั้งการทะเลาะและการให้เหตุผลล้วนๆ,They argued about money.,เถียง
borrow,Actions & Movement,,Communication,5,6,No,,To take something temporarily.,ยืมสิ่งของมาใช้ชั่วคราว,'Borrow' and 'lend' are opposites learners often swap.,borrow กับ lend เป็นคำตรงข้ามที่ผู้เรียนมักสลับกัน,Can I borrow your pen?,ยืม
cry,Actions & Movement,Emotions & Feelings,Communication,5,3,No,,To produce tears.,ร้องไห้จนน้ำตาไหล,Humans are the only animals known to cry from emotion.,มนุษย์เป็นสัตว์ชนิดเดียวเท่าที่รู้ที่ร้องไห้จากอารมณ์,The baby cried all night.,ร้องไห้
explain,Actions & Movement,Education,Communication,5,7,No,,To make something clear.,ทำให้บางสิ่งเข้าใจง่ายขึ้น,'Explain' comes from a Latin word meaning to flatten out.,คำว่า explain มาจากภาษาละตินที่แปลว่าคลี่ให้ราบ,Can you explain again?,อธิบาย
greet,Actions & Movement,Family & People,Communication,5,5,No,,To welcome someone.,ทักทายต้อนรับใครบางคน,In Thailand the wai is the traditional greeting.,ในประเทศไทย การไหว้คือการทักทายตามประเพณี,He greeted us warmly.,ทักทาย
laugh,Actions & Movement,Emotions & Feelings,Communication,5,5,No,,To make sounds showing amusement.,ส่งเสียงแสดงความขบขัน,Laughter is one of the few sounds understood in every culture.,เสียงหัวเราะเป็นหนึ่งในไม่กี่เสียงที่ทุกวัฒนธรรมเข้าใจตรงกัน,We laughed for ages.,หัวเราะ
promise,Actions & Movement,,Communication,5,7,No,,To say you will certainly do something.,ให้คำมั่นว่าจะทำบางสิ่งแน่นอน,'Promise' comes from a word meaning sent forward.,คำว่า promise มาจากคำที่แปลว่าส่งไปข้างหน้า,I promise to call.,สัญญา
shout,Actions & Movement,,Communication,5,5,No,,To speak very loudly.,พูดเสียงดังมาก,'Shout' in Britain can also mean buying a round of drinks.,ในอังกฤษ shout ยังแปลว่าเลี้ยงเครื่องดื่มรอบหนึ่ง,Don't shout at me.,ตะโกน
smile,Actions & Movement,Emotions & Feelings,Communication,5,5,No,,To turn the mouth up in pleasure.,ยิ้มด้วยความพอใจ,Thailand is often called the Land of Smiles.,ประเทศไทยมักถูกเรียกว่าสยามเมืองยิ้ม,She smiled at the joke.,ยิ้ม
thank,Actions & Movement,,Communication,5,5,No,,To express gratitude.,แสดงความขอบคุณ,'Thank' and 'think' come from the same old root.,thank กับ think มาจากรากศัพท์โบราณเดียวกัน,Thank her for the gift.,ขอบคุณ
whisper,Actions & Movement,,Communication,5,7,No,,To speak very quietly.,พูดเบามาก,Whispering can carry further than quiet speech in some rooms.,การกระซิบดังไปได้ไกลกว่าการพูดเบาในบางห้อง,She whispered the answer.,กระซิบ
chop,Actions & Movement,Food & Drink,Handling,5,4,No,,To cut into pieces with force.,สับให้เป็นชิ้นด้วยแรง,'Chopsticks' may come from a word meaning quick.,คำว่า chopsticks อาจมาจากคำที่แปลว่าเร็ว,Chop the garlic finely.,สับ
fold,Actions & Movement,,Handling,5,4,No,,To bend something over itself.,พับบางสิ่งทับตัวเอง,Origami is the art of folding paper.,โอริงามิคือศิลปะการพับกระดาษ,Fold the shirt neatly.,พับ
peel,Actions & Movement,Food & Drink,Handling,5,4,No,,To remove the outer skin.,ปอกเปลือกออก,Peeling fruit is a small daily skill in tropical countries.,การปอกผลไม้เป็นทักษะประจำวันเล็กๆ ในประเทศเมืองร้อน,Peel the mango first.,ปอก
pour,Actions & Movement,Food & Drink,Handling,5,4,No,,To make liquid flow from a container.,เทของเหลวออกจากภาชนะ,'It's pouring' means heavy rain.,สำนวน it's pouring แปลว่าฝนตกหนัก,Pour the tea slowly.,เท
scratch,Actions & Movement,,Handling,5,7,No,,To rub with something sharp.,ข่วนหรือเกาด้วยของแหลม,'From scratch' means starting with nothing prepared.,สำนวน from scratch แปลว่าเริ่มจากศูนย์,Don't scratch the paint.,ข่วน
stir,Actions & Movement,Food & Drink,Handling,5,4,No,,To mix by moving in circles.,คนให้เข้ากันด้วยการหมุนวน,'Stir-fry' is a cooking method named after the action.,stir-fry คือวิธีปรุงอาหารที่ตั้งชื่อตามการกระทำนี้,Stir the soup gently.,คน
wipe,Actions & Movement,,Handling,5,4,No,,To clean by rubbing.,เช็ดทำความสะอาด,'Wipe out' means to destroy completely.,สำนวน wipe out แปลว่าทำลายจนสิ้นซาก,Wipe the table please.,เช็ด
chase,Actions & Movement,,Ways of Moving,5,5,No,,To run after something.,วิ่งไล่ตามบางสิ่ง,'Cut to the chase' means get to the point.,สำนวน cut to the chase แปลว่าเข้าเรื่องเลย,The dog chased the ball.,ไล่ตาม
climb,Actions & Movement,Sports & Games,Ways of Moving,5,5,No,,To go up using hands and feet.,ปีนขึ้นไปด้วยมือและเท้า,The b in climb has been silent for centuries.,ตัว b ในคำว่า climb ไม่ออกเสียงมานับศตวรรษ,They climbed the hill.,ปีน
crawl,Actions & Movement,,Ways of Moving,5,5,No,,To move on hands and knees.,เคลื่อนที่ด้วยมือและเข่า,'Crawl' also describes very slow traffic.,crawl ยังบรรยายการจราจรที่คลานได้,The baby began to crawl.,คลาน
jump,Actions & Movement,,Ways of Moving,5,4,No,,To push yourself off the ground.,กระโดดขึ้นจากพื้น,'Jump to conclusions' means deciding too fast.,สำนวน jump to conclusions แปลว่าด่วนสรุป,Jump over the puddle.,กระโดด
skip,Actions & Movement,,Ways of Moving,5,4,No,,To move with light hopping steps.,เคลื่อนที่ด้วยการกระโดดเบาๆ,'Skip' also means to miss something out.,skip ยังแปลว่าข้ามบางสิ่งไป,Children skipped down the path.,กระโดดโลดเต้น
slide,Actions & Movement,,Ways of Moving,5,5,No,,To move smoothly along a surface.,เลื่อนไถลไปบนพื้นผิวอย่างราบรื่น,'Slide' gives us slideshow and sliding doors.,slide ให้กำเนิดคำว่า slideshow และประตูบานเลื่อน,The book slid off the table.,ไถล
spin,Actions & Movement,,Ways of Moving,5,4,No,,To turn round quickly.,หมุนรอบตัวอย่างรวดเร็ว,'Spin' also means presenting news in a favourable way.,spin ยังแปลว่าการนำเสนอข่าวให้ดูดี,The wheel spins freely.,หมุน
sprint,Actions & Movement,Sports & Games,Ways of Moving,5,6,No,,To run at full speed for a short time.,วิ่งเต็มความเร็วในระยะสั้น,Sprinters reach top speed after about fifty metres.,นักวิ่งระยะสั้นทำความเร็วสูงสุดหลังราวห้าสิบเมตร,He sprinted for the bus.,วิ่งเร็ว
wander,Actions & Movement,Travel & Places,Ways of Moving,5,6,No,,To move without a fixed direction.,เดินไปเรื่อยโดยไม่มีจุดหมาย,'Wander' and 'wonder' are often confused in writing.,wander กับ wonder มักถูกเขียนสับสนกัน,We wandered through the market.,เดินเล่น
chimney,Buildings & Structures,House & Home,Parts of Buildings,5,7,No,,A pipe carrying smoke out of a building.,ท่อที่ระบายควันออกจากอาคาร,Chimney sweeps were a common trade in old European cities.,อาชีพกวาดปล่องไฟเคยพบได้ทั่วไปในเมืองเก่าของยุโรป,Smoke rose from the chimney.,ปล่องไฟ
column,Buildings & Structures,,Parts of Buildings,5,6,No,,"An upright pillar, often decorative.",เสาตั้งตรงที่มักมีลวดลายประดับ,Greek columns come in three classic styles.,เสาแบบกรีกมีสามรูปแบบคลาสสิก,Marble columns line the hall.,เสาหิน
dome,Buildings & Structures,,Parts of Buildings,5,4,No,,A rounded roof.,หลังคาทรงโค้งกลม,Domes let builders cover huge spaces without pillars.,โดมทำให้ช่างคลุมพื้นที่กว้างได้โดยไม่ต้องมีเสา,The dome is covered in gold.,โดม
elevator,Buildings & Structures,Technology,Parts of Buildings,5,8,No,,A machine that carries people between floors.,เครื่องที่พาคนขึ้นลงระหว่างชั้น,British English says lift; the safety brake made tall buildings possible.,อังกฤษเรียก lift ระบบเบรกนิรภัยคือสิ่งที่ทำให้ตึกสูงเป็นไปได้,The elevator is out of order.,ลิฟต์
pillar,Buildings & Structures,,Parts of Buildings,5,6,No,,A tall post supporting a building.,เสาสูงที่ค้ำอาคารไว้,'A pillar of the community' means a respected person.,สำนวน a pillar of the community หมายถึงคนที่ชุมชนนับถือ,Stone pillars hold up the temple.,เสา
staircase,Buildings & Structures,House & Home,Parts of Buildings,5,9,No,,A set of stairs with its structure.,ชุดบันไดพร้อมโครงสร้าง,Spiral staircases were built in castles to favour defenders.,บันไดวนในปราสาทถูกสร้างให้ได้เปรียบฝ่ายป้องกัน,The staircase is very old.,บันได
church,Buildings & Structures,,Places of Worship,5,6,No,,A Christian place of worship.,ศาสนสถานของคริสต์ศาสนา,Many European churches took centuries to build.,โบสถ์หลายแห่งในยุโรปใช้เวลาสร้างนับศตวรรษ,The church bells rang.,โบสถ์
monastery,Buildings & Structures,,Places of Worship,5,9,No,,A building where monks live.,อาคารที่พระสงฆ์พำนัก,Monasteries preserved books through Europe's Middle Ages.,อารามช่วยรักษาหนังสือไว้ตลอดยุคกลางของยุโรป,The monastery sits on a hill.,อาราม
mosque,Buildings & Structures,,Places of Worship,5,6,No,,A Muslim place of worship.,ศาสนสถานของศาสนาอิสลาม,Mosques are traditionally aligned towards Mecca.,มัสยิดถูกวางแนวหันไปทางนครมักกะฮ์ตามธรรมเนียม,The mosque is near the river.,มัสยิด
shrine,Buildings & Structures,,Places of Worship,5,6,No,,A small holy place.,สถานที่ศักดิ์สิทธิ์ขนาดเล็ก,Thailand's spirit houses are shrines found outside most buildings.,ศาลพระภูมิของไทยคือศาลเจ้าเล็กที่พบได้หน้าอาคารเกือบทุกแห่ง,People leave flowers at the shrine.,ศาลเจ้า
apartment,Buildings & Structures,House & Home,Places to Live,5,9,No,,A set of rooms within a larger building.,ห้องชุดที่อยู่ภายในอาคารหลังใหญ่,"British English says flat, American English says apartment.",อังกฤษเรียก flat ส่วนอเมริกาเรียก apartment,She rents a small apartment.,อพาร์ตเมนต์
cabin,Buildings & Structures,,Places to Live,5,5,No,,A small wooden house.,บ้านไม้หลังเล็ก,'Cabin' also means the passenger area of a plane or ship.,cabin ยังหมายถึงห้องโดยสารบนเครื่องบินหรือเรือ,We rented a cabin in the hills.,กระท่อมไม้
cottage,Buildings & Structures,,Places to Live,5,7,No,,"A small simple house, usually in the countryside.",บ้านหลังเล็กเรียบง่าย มักอยู่ในชนบท,Cottages were originally homes for farm workers.,เดิมทีกระท่อมเป็นบ้านของคนงานในไร่นา,They stayed in a cottage by the lake.,กระท่อม
hut,Buildings & Structures,,Places to Live,5,3,No,,A very simple small shelter.,ที่พักหลังเล็กที่สร้างอย่างง่ายๆ,Huts are among the oldest kinds of human building.,กระท่อมเป็นสิ่งปลูกสร้างที่เก่าแก่ที่สุดแบบหนึ่งของมนุษย์,The farmer sleeps in a hut.,กระท่อม
mansion,Buildings & Structures,,Places to Live,5,7,No,,A very large and grand house.,บ้านหลังใหญ่โตหรูหรา,'Mansion' comes from a Latin word meaning a place to stay.,คำว่า mansion มาจากภาษาละตินที่แปลว่าที่พำนัก,The old mansion has thirty rooms.,คฤหาสน์
bank,Buildings & Structures,,Public Buildings,5,4,No,,A building where money is kept and lent.,อาคารที่รับฝากและให้กู้ยืมเงิน,'Bank' comes from the Italian word for a money changer's bench.,คำว่า bank มาจากคำอิตาลีที่แปลว่าโต๊ะของคนรับแลกเงิน,I need to go to the bank.,ธนาคาร
cinema,Buildings & Structures,,Public Buildings,5,6,No,,A building where films are shown.,อาคารที่ใช้ฉายภาพยนตร์,Americans call it a movie theater.,คนอเมริกันเรียกว่า movie theater,The cinema was almost empty.,โรงภาพยนตร์
factory,Buildings & Structures,Jobs & Work,Public Buildings,5,7,No,,A building where goods are made.,อาคารที่ใช้ผลิตสินค้า,Factories reshaped the world during the Industrial Revolution.,โรงงานเปลี่ยนโฉมโลกในยุคปฏิวัติอุตสาหกรรม,He works at a car factory.,โรงงาน
mall,Buildings & Structures,,Public Buildings,5,4,No,,A large building full of shops.,อาคารขนาดใหญ่ที่เต็มไปด้วยร้านค้า,'Mall' originally meant a shaded walkway.,เดิมที mall หมายถึงทางเดินที่มีร่มเงา,The mall has an ice rink.,ห้างสรรพสินค้า
prison,Buildings & Structures,,Public Buildings,5,6,No,,A building where criminals are held.,อาคารที่ใช้คุมขังผู้กระทำผิด,"Prisons as punishment are relatively modern; before, they held people awaiting trial.",เรือนจำในฐานะบทลงโทษเป็นเรื่องค่อนข้างใหม่ เดิมใช้ขังคนรอการพิจารณาคดี,The old prison is now a museum.,เรือนจำ
shop,Buildings & Structures,,Public Buildings,5,4,No,,A place where goods are sold.,สถานที่ที่ขายสินค้า,'Shop' is British; Americans usually say store.,shop เป็นคำอังกฤษ ส่วนอเมริกันมักใช้ store,The shop opens at nine.,ร้านค้า
skyscraper,Buildings & Structures,,Public Buildings,5,10,No,,A very tall city building.,อาคารสูงมากในเมือง,The word was coined in the 1880s for buildings of ten storeys.,คำนี้ถูกคิดขึ้นในทศวรรษ 1880 สำหรับอาคารสิบชั้น,Bangkok has many skyscrapers.,ตึกระฟ้า
theatre,Buildings & Structures,,Public Buildings,5,7,No,,A building where plays are performed.,อาคารที่ใช้แสดงละคร,Greek theatres were carved into hillsides for natural acoustics.,โรงละครกรีกถูกเจาะเข้าไปในไหล่เขาเพื่ออาศัยเสียงสะท้อนตามธรรมชาติ,We saw a play at the theatre.,โรงละคร
warehouse,Buildings & Structures,,Public Buildings,5,9,No,,A large building for storing goods.,อาคารขนาดใหญ่สำหรับเก็บสินค้า,Online shopping turned warehouses into huge sorting machines.,การช้อปออนไลน์เปลี่ยนโกดังให้เป็นเครื่องคัดแยกขนาดยักษ์,The boxes are in the warehouse.,โกดัง
scaffolding,Buildings & Structures,,Structures,5,11,No,,A temporary frame used while building.,โครงชั่วคราวที่ใช้ระหว่างการก่อสร้าง,"In parts of Asia, scaffolding is still made from bamboo.",ในบางพื้นที่ของเอเชีย นั่งร้านยังทำจากไม้ไผ่,Scaffolding covers the whole front.,นั่งร้าน
tunnel,Buildings & Structures,,Structures,5,6,No,,A passage dug underground.,ทางที่ขุดลอดใต้ดิน,'Light at the end of the tunnel' means hope after hardship.,สำนวน light at the end of the tunnel แปลว่าความหวังหลังความยากลำบาก,The train went through a tunnel.,อุโมงค์
familiar,Describing Words,,Comparison,5,8,No,,Well known from before.,คุ้นเคยเพราะเคยรู้จักมาก่อน,'Familiar' comes from the Latin word for family.,คำว่า familiar มาจากภาษาละตินที่แปลว่าครอบครัว,Her face looks familiar.,คุ้นเคย
perfect,Describing Words,,Comparison,5,7,No,,Without any faults.,ไม่มีข้อบกพร่องเลย,'Perfect' is also a grammar term for completed action.,perfect ยังเป็นศัพท์ไวยากรณ์ที่หมายถึงการกระทำที่เสร็จสิ้น,The weather is perfect.,สมบูรณ์แบบ
similar,Describing Words,,Comparison,5,7,No,,Almost the same.,คล้ายกันเกือบเหมือน,'Similar to' is correct; 'similar with' is a common error.,ใช้ similar to ถูกต้อง ส่วน similar with เป็นข้อผิดพลาดที่พบบ่อย,Their voices are similar.,คล้ายกัน
strange,Describing Words,,Comparison,5,7,No,,Unusual or unfamiliar.,แปลกหรือไม่คุ้นเคย,'Strange' and 'stranger' both come from a word meaning outside.,strange กับ stranger มาจากคำที่แปลว่าข้างนอกเหมือนกัน,That's a strange noise.,แปลก
terrible,Describing Words,,Comparison,5,8,No,,Very bad.,แย่มาก,'Terrible' and 'terrific' share a root but became opposites.,terrible กับ terrific มีรากศัพท์เดียวกันแต่กลายเป็นคำตรงข้าม,The traffic was terrible.,แย่มาก
bright,Describing Words,Colors & Shapes,Light & Sound,5,6,No,,Giving out or reflecting much light.,ให้แสงหรือสะท้อนแสงมาก,'Bright' also means clever.,bright ยังแปลว่าฉลาดได้,The room is very bright.,สว่าง
dark,Describing Words,Colors & Shapes,Light & Sound,5,4,No,,With little or no light.,มีแสงน้อยหรือไม่มีแสง,"'Dark' also describes humour, moods and secrets.",dark ยังบรรยายอารมณ์ขัน อารมณ์ และความลับ,It gets dark early.,มืด
dull,Describing Words,,Light & Sound,5,4,No,,"Not bright, or not interesting.",ไม่สดใส หรือไม่น่าสนใจ,"'Dull' covers colours, weather, blades and conversation.",dull ใช้ได้กับสี สภาพอากาศ ใบมีด และบทสนทนา,It was a dull afternoon.,ทึม
loud,Describing Words,,Light & Sound,5,4,No,,Making a lot of noise.,ส่งเสียงดังมาก,'Loud' also describes clothing that is too colourful.,loud ยังบรรยายเสื้อผ้าที่ฉูดฉาดเกินไป,The music is too loud.,ดัง
quiet,Describing Words,,Light & Sound,5,5,No,,Making little noise.,ส่งเสียงน้อย,"'Quiet' about a person means reserved, not silent.",การใช้ quiet กับคน หมายถึงเงียบขรึม ไม่ใช่ไม่พูดเลย,Please be quiet.,เงียบ
silent,Describing Words,,Light & Sound,5,6,No,,Making no sound at all.,ไม่มีเสียงเลย,'Silent' is absolute where 'quiet' is relative.,silent เป็นภาวะสัมบูรณ์ ส่วน quiet เป็นการเปรียบเทียบ,The house was silent.,เงียบสนิท
ancient,Describing Words,,Quality,5,7,No,,"Very old, from long ago.",เก่าแก่มาก มาจากอดีตอันไกลโพ้น,'Ancient' usually means before roughly 500 AD.,ancient มักหมายถึงก่อนราวปี ค.ศ. 500,Ayutthaya has ancient ruins.,โบราณ
cheap,Describing Words,,Quality,5,5,No,,Costing little money.,ราคาถูก,'Cheap' can also mean poor quality or stingy.,cheap ยังแปลว่าคุณภาพต่ำหรือขี้เหนียวได้,Street food is cheap here.,ถูก
common,Describing Words,,Quality,5,6,No,,Happening or found often.,พบเห็นหรือเกิดขึ้นบ่อย,'Common' also once meant shared by everyone.,เดิมที common ยังแปลว่าเป็นของส่วนรวม,Rain is common in June.,ทั่วไป
expensive,Describing Words,,Quality,5,9,No,,Costing a lot of money.,ราคาแพง,'Expensive' comes from a word meaning to weigh out payment.,คำว่า expensive มาจากคำที่แปลว่าชั่งเงินจ่าย,That watch is expensive.,แพง
modern,Describing Words,,Quality,5,6,No,,Of the present time.,ของยุคปัจจุบัน,Every era called itself modern.,ทุกยุคสมัยล้วนเรียกตัวเองว่าสมัยใหม่,The building is very modern.,ทันสมัย
rare,Describing Words,,Quality,5,4,No,,Not often found.,พบได้ยาก,'Rare' also describes lightly cooked meat.,rare ยังบรรยายเนื้อที่สุกน้อยได้,This bird is rare here.,หายาก
useful,Describing Words,,Quality,5,6,No,,Able to help with something.,ช่วยงานหรือมีประโยชน์,'Useful' is one of the highest compliments for a tool or idea.,useful เป็นคำชมสูงสุดคำหนึ่งสำหรับเครื่องมือหรือความคิด,That's a useful app.,มีประโยชน์
useless,Describing Words,,Quality,5,7,No,,Having no use.,ไม่มีประโยชน์,English forms opposites with -less as often as with un-.,ภาษาอังกฤษสร้างคำตรงข้ามด้วย -less บ่อยพอๆ กับ un-,This pen is useless.,ไร้ประโยชน์
deep,Describing Words,,Size & Weight,5,4,No,,Going far down.,ลึกลงไปมาก,"'Deep' also describes voices, sleep and thought.",deep ยังใช้บรรยายเสียง การนอน และความคิดได้,The water is deep here.,ลึก
heavy,Describing Words,,Size & Weight,5,5,No,,Weighing a lot.,มีน้ำหนักมาก,"'Heavy' also describes rain, traffic and difficult news.",heavy ยังใช้บรรยายฝน การจราจร และข่าวร้ายได้,The box is too heavy.,หนัก
huge,Describing Words,,Size & Weight,5,4,No,,Extremely large.,ใหญ่มากๆ,'Huge' is stronger than big but weaker than enormous.,huge หนักแน่นกว่า big แต่เบากว่า enormous,A huge crowd gathered.,ใหญ่มาก
light,Describing Words,,Size & Weight,5,5,No,,"Not weighing much, or not dark.",น้ำหนักเบา หรือไม่มืด,Two different old words merged into the same modern spelling.,คำโบราณสองคำรวมกันเป็นการสะกดเดียวในปัจจุบัน,Carry the light bag.,เบา
narrow,Describing Words,,Size & Weight,5,6,No,,Measuring little from side to side.,แคบจากด้านหนึ่งไปอีกด้าน,'Narrow-minded' describes someone unwilling to consider new ideas.,narrow-minded บรรยายคนที่ไม่ยอมรับความคิดใหม่,The lane is too narrow.,แคบ
shallow,Describing Words,,Size & Weight,5,7,No,,Not going far down.,ไม่ลึก ตื้น,'Shallow' about a person means lacking depth of character.,การใช้ shallow กับคน หมายถึงคนที่ไม่มีความลึกซึ้ง,Swim in the shallow end.,ตื้น
thick,Describing Words,,Size & Weight,5,5,No,,Wide from one surface to the other.,หนาจากผิวหนึ่งไปอีกผิว,'Thick' can also describe fog or a slow-witted person.,thick ยังใช้บรรยายหมอกหรือคนหัวช้าได้,Cut a thick slice.,หนา
thin,Describing Words,,Size & Weight,5,4,No,,Narrow from one surface to the other.,บางจากผิวหนึ่งไปอีกผิว,'Thin' about people can be rude; 'slim' is kinder.,การใช้ thin กับคนอาจไม่สุภาพ ส่วน slim ฟังดูอ่อนโยนกว่า,The paper is very thin.,บาง
tiny,Describing Words,,Size & Weight,5,4,No,,Extremely small.,เล็กมากๆ,'Tiny' carries affection that 'small' does not.,tiny แฝงความเอ็นดูที่ small ไม่มี,A tiny insect landed on it.,จิ๋ว
wide,Describing Words,,Size & Weight,5,4,No,,Measuring a lot from side to side.,กว้างจากด้านหนึ่งไปอีกด้าน,'Wide awake' means completely alert.,สำนวน wide awake แปลว่าตื่นเต็มตา,The river is very wide.,กว้าง
broken,Describing Words,,State,5,6,No,,Damaged and not working.,เสียหายและใช้งานไม่ได้,'Broken English' describes imperfect but understandable speech.,สำนวน broken English หมายถึงภาษาอังกฤษที่ไม่สมบูรณ์แต่พอเข้าใจได้,The lock is broken.,พัง
clean,Describing Words,,State,5,5,No,,Free from dirt.,ปราศจากสิ่งสกปรก,'Come clean' means to confess.,สำนวน come clean แปลว่าสารภาพ,The plates are clean.,สะอาด
dirty,Describing Words,,State,5,5,No,,Covered in dirt.,เปื้อนสิ่งสกปรก,'Dirty' also describes unfair play and rude jokes.,dirty ยังบรรยายการเล่นไม่ซื่อและมุกหยาบ,My shoes are dirty.,สกปรก
dry,Describing Words,,State,5,3,No,,Not wet.,ไม่เปียก แห้ง,'Dry humour' is delivered with a straight face.,อารมณ์ขันแบบ dry คือการพูดตลกด้วยหน้าตาย,The towel is dry now.,แห้ง
empty,Describing Words,,State,5,5,No,,Containing nothing.,ไม่มีอะไรอยู่ข้างใน,'Empty promises' are ones nobody intends to keep.,สำนวน empty promises คือคำสัญญาที่ไม่มีใครตั้งใจทำจริง,The bottle is empty.,ว่างเปล่า
full,Describing Words,,State,5,4,No,,Containing as much as possible.,บรรจุจนเต็มที่,'Full' also means having eaten enough.,full ยังแปลว่ากินอิ่มแล้ว,The bus is full.,เต็ม
wet,Describing Words,,State,5,3,No,,Covered in liquid.,เปียกไปด้วยของเหลว,'Wet season' is what many Thais call the rainy months.,ฤดูฝนคือสิ่งที่คนไทยหลายคนเรียกว่าหน้าฝน,The grass is still wet.,เปียก
bitter,Describing Words,Food & Drink,Taste & Smell,5,6,No,,Having a sharp unpleasant taste.,มีรสขมไม่น่าพอใจ,'Bitter' also describes lasting resentment.,bitter ยังบรรยายความขมขื่นที่ค้างคาใจ,Bitter gourd is an acquired taste.,ขม
bland,Describing Words,Food & Drink,Taste & Smell,5,5,No,,Having very little flavour.,มีรสจืดชืด,'Bland' can also describe a dull personality.,bland ยังบรรยายบุคลิกที่จืดชืดได้,The soup is a bit bland.,จืด
fresh,Describing Words,Food & Drink,Taste & Smell,5,5,No,,Recently made or picked.,เพิ่งทำหรือเพิ่งเก็บมา,'Fresh' also means cheeky in some varieties of English.,fresh ยังแปลว่าทะลึ่งได้ในภาษาอังกฤษบางถิ่น,Buy fresh vegetables.,สด
rotten,Describing Words,,Taste & Smell,5,6,No,,Decayed and no longer good.,เน่าเสียจนกินไม่ได้แล้ว,'Rotten' also describes very bad luck or behaviour.,rotten ยังบรรยายโชคร้ายหรือพฤติกรรมแย่ๆ,Throw out the rotten fruit.,เน่า
sour,Describing Words,Food & Drink,Taste & Smell,5,4,No,,Having a sharp acid taste.,มีรสเปรี้ยวจัด,'Sour grapes' means pretending not to want what you can't have.,สำนวน sour grapes แปลว่าแกล้งทำเป็นไม่อยากได้สิ่งที่ตัวเองไม่ได้,The lime is very sour.,เปรี้ยว
spicy,Describing Words,Food & Drink,Taste & Smell,5,5,No,,Strongly flavoured with chilli or spice.,มีรสเผ็ดร้อนจากพริกหรือเครื่องเทศ,Chilli heat is measured on the Scoville scale.,ความเผ็ดของพริกวัดด้วยมาตรสโกวิลล์,Thai food can be very spicy.,เผ็ด
blunt,Describing Words,,Texture & Feel,5,5,No,,Not sharp.,ไม่คม ทื่อ,'Blunt' about speech means direct to the point of rudeness.,การใช้ blunt กับคำพูด หมายถึงตรงจนเกือบหยาบคาย,This knife is blunt.,ทื่อ
firm,Describing Words,,Texture & Feel,5,4,No,,Solid and not easily moved.,แน่นและไม่ขยับง่าย,"'Firm' also means a business, from an old signing practice.",firm ยังแปลว่าบริษัท มาจากธรรมเนียมการลงนามในอดีต,The mattress is firm.,แน่น
rough,Describing Words,,Texture & Feel,5,5,No,,Having an uneven surface.,มีผิวขรุขระไม่เรียบ,"'Rough' also means approximate, as in a rough idea.",rough ยังแปลว่าคร่าวๆ ได้ เช่น a rough idea,The wall feels rough.,หยาบ
sharp,Describing Words,,Texture & Feel,5,5,No,,Having a fine cutting edge.,มีคมที่ตัดได้,"'Sharp' describes knives, minds, turns and flavours.",sharp ใช้บรรยายมีด สติปัญญา ทางโค้ง และรสชาติ,"Be careful, it's sharp.",คม
slippery,Describing Words,,Texture & Feel,5,8,No,,Hard to hold or stand on.,จับหรือยืนได้ยากเพราะลื่น,'A slippery slope' means a small step towards a bad outcome.,สำนวน a slippery slope หมายถึงก้าวเล็กๆ ที่นำไปสู่ผลร้าย,The floor is slippery.,ลื่น
smooth,Describing Words,,Texture & Feel,5,6,No,,Having an even surface.,มีผิวเรียบเสมอกัน,'Smooth' also describes an easy process or a charming person.,smooth ยังบรรยายกระบวนการที่ราบรื่นหรือคนที่พูดจาลื่นไหล,The stone is smooth.,เรียบ
soft,Describing Words,,Texture & Feel,5,4,No,,Easy to press or bend.,กดหรืองอได้ง่าย,'Soft' also describes quiet sounds and gentle people.,soft ยังบรรยายเสียงเบาและคนใจอ่อน,The pillow is soft.,นุ่ม
sticky,Describing Words,,Texture & Feel,5,6,No,,Tending to stick to things.,เหนียวติดกับสิ่งอื่น,'A sticky situation' means an awkward problem.,สำนวน a sticky situation แปลว่าสถานการณ์ที่ลำบากใจ,My hands are sticky.,เหนียว
across,Directions & Position,,Direction,5,6,No,,From one side to the other.,จากฝั่งหนึ่งไปยังอีกฝั่งหนึ่ง,'Across' and 'cross' share a root with the shape of a cross.,across กับ cross มีรากศัพท์เดียวกับรูปกากบาท,Swim across the pool.,ข้าม
along,Directions & Position,,Direction,5,5,No,,Following the length of something.,ไปตามความยาวของสิ่งใดสิ่งหนึ่ง,"'Along' also appears in get along, meaning to be friendly.",along ยังอยู่ในวลี get along ที่แปลว่าเข้ากันได้ดี,Walk along the beach.,ไปตาม
around,Directions & Position,,Direction,5,6,No,,Surrounding or nearby.,อยู่รอบๆ หรือแถวๆ นั้น,'Around' can mean approximately: around ten people.,around แปลว่าประมาณได้ด้วย เช่น around ten people,There were trees all around.,รอบๆ
backward,Directions & Position,,Direction,5,8,No,,Towards the back.,ไปทางด้านหลัง,'Backward' as an adjective can be an insult about progress.,เมื่อเป็นคำคุณศัพท์ backward อาจเป็นคำดูถูกเรื่องความล้าหลัง,He walked backward slowly.,ถอยหลัง
east,Directions & Position,,Direction,5,4,No,,The direction where the sun rises.,ทิศที่ดวงอาทิตย์ขึ้น,'East' comes from an old word meaning dawn.,คำว่า east มาจากคำโบราณที่แปลว่ารุ่งอรุณ,The sun rises in the east.,ทิศตะวันออก
forward,Directions & Position,,Direction,5,7,No,,Towards the front.,ไปทางด้านหน้า,'Forward' also means bold or too direct in manner.,forward ยังแปลว่ากล้าเกินไปหรือทะลึ่งได้,Take two steps forward.,ไปข้างหน้า
left,Directions & Position,,Direction,5,4,No,,The side opposite right.,ด้านที่อยู่ตรงข้ามกับขวา,Only about one person in ten is left-handed.,มีคนถนัดซ้ายราวหนึ่งในสิบเท่านั้น,Turn left at the temple.,ซ้าย
north,Directions & Position,,Direction,5,5,No,,The direction towards the top of a map.,ทิศที่อยู่ด้านบนของแผนที่,Compasses point north because of Earth's magnetic field.,เข็มทิศชี้ไปทางเหนือเพราะสนามแม่เหล็กโลก,Chiang Mai is in the north.,ทิศเหนือ
right,Directions & Position,,Direction,5,5,No,,The side opposite left.,ด้านที่อยู่ตรงข้ามกับซ้าย,'Right' also means correct — and a legal entitlement.,right ยังแปลว่าถูกต้อง และแปลว่าสิทธิได้ด้วย,The market is on your right.,ขวา
south,Directions & Position,,Direction,5,5,No,,The direction opposite north.,ทิศที่อยู่ตรงข้ามกับทิศเหนือ,The southern hemisphere has summer in December.,ซีกโลกใต้เป็นฤดูร้อนในเดือนธันวาคม,They flew south for the winter.,ทิศใต้
straight,Directions & Position,,Direction,5,8,No,,Without turning.,ไปตรงๆ โดยไม่เลี้ยว,"'Straight' also means honest, as in a straight answer.",straight ยังแปลว่าตรงไปตรงมาได้ เช่น a straight answer,Go straight for two blocks.,ตรงไป
towards,Directions & Position,,Direction,5,7,No,,In the direction of something.,มุ่งไปในทิศทางของสิ่งใดสิ่งหนึ่ง,British English adds the s; American English usually drops it.,อังกฤษเติม s ส่วนอเมริกามักตัดออกเป็น toward,She walked towards the door.,ไปทาง
west,Directions & Position,,Direction,5,4,No,,The direction where the sun sets.,ทิศที่ดวงอาทิตย์ตก,'The West' also means Europe and the Americas culturally.,คำว่า the West ยังหมายถึงยุโรปและอเมริกาในเชิงวัฒนธรรม,Drive west for an hour.,ทิศตะวันตก
above,Directions & Position,,Position,5,5,No,,In a higher place than something.,อยู่สูงกว่าสิ่งอื่นในแนวตั้ง,"'Above' and 'over' overlap, but 'above' suggests no contact.",คำว่า above กับ over ใกล้กัน แต่ above สื่อว่าไม่ได้แตะกัน,The lamp hangs above the table.,เหนือ
behind,Directions & Position,,Position,5,6,No,,At the back of something.,อยู่ด้านหลังของสิ่งใดสิ่งหนึ่ง,"'Behind' also means late, as in behind schedule.",behind ยังแปลว่าล่าช้าได้ เช่น behind schedule,The cat hid behind the sofa.,ข้างหลัง
below,Directions & Position,,Position,5,5,No,,In a lower place than something.,อยู่ต่ำกว่าสิ่งอื่นในแนวตั้ง,'Below' is the opposite of above and needs no contact either.,below เป็นคำตรงข้ามกับ above และไม่ต้องแตะกันเช่นกัน,Her room is below mine.,ใต้
beside,Directions & Position,,Position,5,6,No,,Next to something.,อยู่ข้างๆ ติดกับสิ่งอื่น,'Beside' means next to; 'besides' means in addition — a common trap.,beside แปลว่าข้างๆ ส่วน besides แปลว่านอกจากนี้ เป็นกับดักที่พลาดกันบ่อย,Sit beside me.,ข้างๆ
between,Directions & Position,,Position,5,7,No,,In the space separating two things.,อยู่ตรงกลางระหว่างสองสิ่ง,"'Between' is for two, 'among' for three or more.",between ใช้กับสองสิ่ง ส่วน among ใช้กับสามสิ่งขึ้นไป,The shop is between the bank and the café.,ระหว่าง
beyond,Directions & Position,,Position,5,6,No,,On the far side of something.,อยู่พ้นออกไปอีกฝั่งหนึ่ง,"'Beyond' often describes limits: beyond belief, beyond repair.","beyond มักใช้บอกขีดจำกัด เช่น beyond belief, beyond repair",The fields stretch beyond the river.,เลยไปจาก
bottom,Directions & Position,,Position,5,6,No,,The lowest part.,ส่วนที่ต่ำที่สุด,'Getting to the bottom of it' means finding the truth.,สำนวน getting to the bottom of it แปลว่าสืบให้ถึงความจริง,Check the bottom of the bag.,ก้น
centre,Directions & Position,,Position,5,6,No,,The exact middle point.,จุดกึ่งกลางพอดี,"British English writes centre, American English writes center.",อังกฤษเขียน centre ส่วนอเมริกาเขียน center,Aim for the centre.,ศูนย์กลาง
corner,Directions & Position,Buildings & Structures,Position,5,6,No,,Where two lines or streets meet.,จุดที่เส้นสองเส้นหรือถนนสองสายมาบรรจบ,'Cutting corners' means doing something too quickly.,สำนวน cutting corners แปลว่าทำงานลวกๆ เพื่อความรวดเร็ว,The shop is on the corner.,มุม
downstairs,Directions & Position,House & Home,Position,5,10,No,,On a lower floor.,อยู่บนชั้นที่ต่ำกว่า,'Downstairs' can also mean the people living below you.,downstairs ยังหมายถึงคนที่อยู่ชั้นล่างได้ด้วย,Breakfast is downstairs.,ชั้นล่าง
edge,Directions & Position,,Position,5,4,No,,The outer limit of something.,ขอบนอกสุดของสิ่งใดสิ่งหนึ่ง,'On edge' means nervous and tense.,สำนวน on edge แปลว่ากระวนกระวายใจ,Don't stand near the edge.,ขอบ
far,Directions & Position,,Position,5,3,No,,A long distance away.,อยู่ห่างออกไปมาก,"'So far' means up to now, nothing to do with distance.",สำนวน so far แปลว่าจนถึงตอนนี้ ไม่เกี่ยวกับระยะทาง,The station is too far to walk.,ไกล
front,Directions & Position,,Position,5,5,No,,The side that faces forward.,ด้านที่หันไปข้างหน้า,'Front' also means a false appearance someone puts on.,front ยังแปลว่าการเสแสร้งปกปิดตัวตนได้,Meet me at the front.,ด้านหน้า
inside,Directions & Position,,Position,5,6,No,,Within something.,อยู่ภายในสิ่งใดสิ่งหนึ่ง,'Inside' can be a noun too: the inside of the box.,inside เป็นคำนามได้ด้วย เช่น the inside of the box,"Wait inside, it's raining.",ข้างใน
middle,Directions & Position,,Position,5,6,No,,The central part.,ส่วนที่อยู่ตรงกลาง,"'Middle' gives us middle age, Middle East and middle class.","คำว่า middle ให้กำเนิดคำอย่าง middle age, Middle East และ middle class",Sit in the middle.,ตรงกลาง
near,Directions & Position,,Position,5,4,No,,A short distance away.,อยู่ห่างออกไปไม่มาก,'Near' and 'close' mean the same but 'close' feels warmer.,near กับ close แปลเหมือนกัน แต่ close ให้ความรู้สึกอบอุ่นกว่า,Is there a bank near here?,ใกล้
opposite,Directions & Position,,Position,5,8,No,,Facing something across a space.,อยู่ตรงข้ามโดยหันหน้าเข้าหากัน,'Opposite' means facing; it also means completely different.,opposite แปลว่าอยู่ตรงข้าม และแปลว่าตรงกันข้ามโดยสิ้นเชิงได้ด้วย,The pharmacy is opposite the school.,ตรงข้าม
outside,Directions & Position,,Position,5,7,No,,Not within something.,อยู่ภายนอก ไม่ได้อยู่ข้างใน,'Outside' is where children were told to play for centuries.,ตลอดหลายศตวรรษ เด็กๆ ถูกไล่ให้ไปเล่นข้างนอก,The dog sleeps outside.,ข้างนอก
top,Directions & Position,,Position,5,3,No,,The highest part.,ส่วนที่สูงที่สุด,'On top of' also means in control of a situation.,สำนวน on top of ยังแปลว่าคุมสถานการณ์ได้,The book is on top.,ด้านบน
underneath,Directions & Position,,Position,5,10,No,,Directly below and often covered.,อยู่ข้างใต้และมักถูกปิดคลุมไว้,'Underneath' is more emphatic than 'under'.,underneath หนักแน่นกว่า under,Your shoes are underneath the bed.,ข้างใต้
upstairs,Directions & Position,House & Home,Position,5,8,No,,On a higher floor.,อยู่บนชั้นที่สูงกว่า,'Upstairs' only exists in buildings with more than one floor.,คำว่า upstairs มีได้เฉพาะในอาคารที่มีมากกว่าหนึ่งชั้น,She ran upstairs.,ชั้นบน
accountant,Jobs & Work,,Professions,5,10,No,,A person who manages financial records.,คนที่ดูแลบัญชีการเงิน,Double-entry bookkeeping was described in Italy in 1494.,ระบบบัญชีคู่ถูกอธิบายไว้ในอิตาลีเมื่อปี 1494,She works as an accountant.,นักบัญชี
architect,Jobs & Work,Buildings & Structures,Professions,5,9,No,,A person who designs buildings.,คนที่ออกแบบอาคาร,'Architect' comes from Greek words meaning chief builder.,คำว่า architect มาจากภาษากรีกที่แปลว่าหัวหน้าช่างก่อสร้าง,The architect drew the plans.,สถาปนิก
baker,Jobs & Work,Food & Drink,Professions,5,5,No,,A person who bakes bread and cakes.,คนที่อบขนมปังและเค้ก,"A 'baker's dozen' is thirteen, from bakers adding one loaf to avoid fines.",baker's dozen คือสิบสาม เพราะคนทำขนมปังแถมหนึ่งก้อนกันโดนปรับ,The baker starts work at four.,คนทำขนมปัง
barber,Jobs & Work,,Professions,5,6,No,,A person who cuts hair.,คนที่ตัดผม,Barbers once performed surgery too — hence the red and white pole.,ช่างตัดผมเคยทำหน้าที่ผ่าตัดด้วย จึงเป็นที่มาของเสาแดงขาว,The barber trimmed my hair.,ช่างตัดผม
editor,Jobs & Work,,Professions,5,6,No,,A person who corrects and shapes writing.,คนที่ตรวจแก้และเรียบเรียงงานเขียน,'Editor' comes from a Latin word meaning to bring out.,คำว่า editor มาจากภาษาละตินที่แปลว่านำออกมา,The editor cut two pages.,บรรณาธิการ
fisherman,Jobs & Work,,Professions,5,9,No,,A person who catches fish for a living.,คนที่จับปลาเป็นอาชีพ,Fishing communities shaped coastlines across Thailand.,ชุมชนประมงหล่อหลอมแนวชายฝั่งทั่วประเทศไทย,The fisherman set out before dawn.,ชาวประมง
guard,Jobs & Work,,Professions,5,5,No,,A person who protects a place or people.,คนที่ดูแลปกป้องสถานที่หรือผู้คน,'Guard' and 'ward' come from the same old root.,guard กับ ward มาจากรากศัพท์โบราณเดียวกัน,A guard stands at the gate.,ยาม
hairdresser,Jobs & Work,,Professions,5,11,No,,A person who styles hair.,คนที่จัดแต่งทรงผม,Hairdressing became a formal profession in the 1800s.,ช่างทำผมกลายเป็นอาชีพที่เป็นทางการในคริสต์ศตวรรษที่ 19,My hairdresser is on holiday.,ช่างทำผม
journalist,Jobs & Work,,Professions,5,10,No,,A person who reports the news.,คนที่รายงานข่าว,'Journal' originally meant a daily record.,เดิมที journal แปลว่าบันทึกประจำวัน,The journalist asked hard questions.,นักข่าว
judge,Jobs & Work,,Professions,5,5,No,,A person who decides cases in court.,คนที่ตัดสินคดีในศาล,Judges' wigs survive in some courts as a tradition.,วิกผมของผู้พิพากษายังคงอยู่ในบางศาลตามธรรมเนียม,The judge listened carefully.,ผู้พิพากษา
librarian,Jobs & Work,Education,Professions,5,9,No,,A person who manages a library.,คนที่ดูแลห้องสมุด,Librarians invented the systems that search engines later copied.,บรรณารักษ์คิดค้นระบบที่ต่อมาเสิร์ชเอนจินลอกไปใช้,The librarian found the book.,บรรณารักษ์
model,Jobs & Work,Clothes & Fashion,Professions,5,5,No,,A person who displays clothes or poses for art.,คนที่แสดงแบบเสื้อผ้าหรือเป็นแบบให้ศิลปิน,'Model' also means a small copy of something.,model ยังหมายถึงแบบจำลองขนาดเล็กของบางสิ่ง,The model wore a silk dress.,นางแบบ
pharmacist,Jobs & Work,Health & Body,Professions,5,10,No,,A person who prepares and sells medicine.,คนที่จ่ายและขายยา,Pharmacists were among the first scientists in many towns.,เภสัชกรเป็นนักวิทยาศาสตร์กลุ่มแรกๆ ในหลายเมือง,Ask the pharmacist about the dose.,เภสัชกร
photographer,Jobs & Work,,Professions,5,12,No,,A person who takes photographs.,คนที่ถ่ายภาพ,The word means 'writing with light' in Greek.,คำนี้แปลว่าการเขียนด้วยแสงในภาษากรีก,The photographer waited for sunset.,ช่างภาพ
politician,Jobs & Work,,Professions,5,10,No,,A person who works in government.,คนที่ทำงานในวงการเมือง,'Politics' comes from the Greek word for city.,คำว่า politics มาจากคำกรีกที่แปลว่าเมือง,The politician gave a speech.,นักการเมือง
receptionist,Jobs & Work,,Professions,5,12,No,,A person who greets visitors at a desk.,คนที่ต้อนรับผู้มาติดต่อที่เคาน์เตอร์,Receptionists are often the first impression a company gives.,พนักงานต้อนรับมักเป็นภาพแรกที่คนได้รับจากบริษัท,The receptionist took my name.,พนักงานต้อนรับ
researcher,Jobs & Work,,Professions,5,10,No,,A person who studies a subject carefully.,คนที่ศึกษาค้นคว้าเรื่องใดเรื่องหนึ่งอย่างละเอียด,'Research' literally means to search again.,คำว่า research แปลตรงตัวว่าค้นหาอีกครั้ง,The researcher published her findings.,นักวิจัย
sailor,Jobs & Work,,Professions,5,6,No,,A person who works on a ship.,คนที่ทำงานบนเรือ,Sailor slang gave English dozens of everyday phrases.,สแลงของกะลาสีเรือให้กำเนิดสำนวนอังกฤษหลายสิบสำนวน,The sailor tied the rope.,กะลาสีเรือ
salesperson,Jobs & Work,,Professions,5,11,No,,A person who sells goods.,คนที่ขายสินค้า,The gender-neutral form replaced salesman in most workplaces.,รูปที่ไม่ระบุเพศเข้ามาแทน salesman ในที่ทำงานส่วนใหญ่,The salesperson explained the offer.,พนักงานขาย
secretary,Jobs & Work,,Professions,5,9,No,,A person who handles office paperwork.,คนที่ดูแลงานเอกสารในสำนักงาน,'Secretary' comes from a word meaning keeper of secrets.,คำว่า secretary มาจากคำที่แปลว่าผู้เก็บความลับ,The secretary booked the room.,เลขานุการ
soldier,Jobs & Work,,Professions,5,7,No,,A person who serves in an army.,คนที่รับราชการทหาร,'Soldier' comes from an old word for pay — a paid fighter.,คำว่า soldier มาจากคำโบราณที่แปลว่าค่าจ้าง คือนักรบที่ได้รับค่าจ้าง,The soldier stood at attention.,ทหาร
surgeon,Jobs & Work,Health & Body,Professions,5,7,No,,A doctor who performs operations.,แพทย์ที่ทำการผ่าตัด,"In Britain surgeons are called Mr rather than Dr, a historic quirk.",ในอังกฤษเรียกศัลยแพทย์ว่า Mr ไม่ใช่ Dr ซึ่งเป็นธรรมเนียมทางประวัติศาสตร์,The surgeon scrubbed her hands.,ศัลยแพทย์
therapist,Jobs & Work,Health & Body,Professions,5,9,No,,A person trained to treat illness or distress.,คนที่ผ่านการฝึกเพื่อบำบัดอาการเจ็บป่วยหรือความทุกข์ใจ,'Therapy' comes from a Greek word meaning healing service.,คำว่า therapy มาจากคำกรีกที่แปลว่าการดูแลรักษา,She sees a therapist weekly.,นักบำบัด
translator,Jobs & Work,Education,Professions,5,10,No,,A person who turns writing into another language.,คนที่แปลงานเขียนเป็นอีกภาษาหนึ่ง,Translators work with text; interpreters work with speech.,นักแปลทำงานกับข้อความ ส่วนล่ามทำงานกับคำพูด,The translator worked overnight.,นักแปล
vet,Jobs & Work,Animals,Professions,5,3,No,,A doctor who treats animals.,แพทย์ที่รักษาสัตว์,"'Vet' is short for veterinarian, from a Latin word for cattle.",vet ย่อมาจาก veterinarian ซึ่งมาจากภาษาละตินที่แปลว่าปศุสัตว์,We took the cat to the vet.,สัตวแพทย์
builder,Jobs & Work,Buildings & Structures,Trades,5,7,No,,A person who constructs buildings.,คนที่ก่อสร้างอาคาร,Building is among the oldest organised trades.,งานก่อสร้างเป็นอาชีพที่จัดตั้งเป็นระบบเก่าแก่ที่สุดแบบหนึ่ง,The builders arrive at seven.,ช่างก่อสร้าง
butcher,Jobs & Work,Food & Drink,Trades,5,7,No,,A person who prepares and sells meat.,คนที่ชำแหละและขายเนื้อ,'Butcher' can also mean to ruin something badly.,butcher ยังแปลว่าทำบางสิ่งเสียหายย่อยยับได้,The butcher cut the beef thinly.,คนขายเนื้อ
carpenter,Jobs & Work,,Trades,5,9,No,,A person who works with wood.,คนที่ทำงานกับไม้,'Carpenter' comes from a Latin word for a wagon maker.,คำว่า carpenter มาจากภาษาละตินที่แปลว่าช่างทำเกวียน,The carpenter built a shelf.,ช่างไม้
cleaner,Jobs & Work,,Trades,5,7,No,,A person who cleans buildings.,คนที่ทำความสะอาดอาคาร,Cleaning staff usually work when everyone else has gone home.,พนักงานทำความสะอาดมักทำงานตอนที่คนอื่นกลับบ้านกันหมดแล้ว,The cleaner comes on Fridays.,พนักงานทำความสะอาด
electrician,Jobs & Work,,Trades,5,11,No,,A person who installs and repairs wiring.,คนที่ติดตั้งและซ่อมระบบไฟฟ้า,The trade barely existed before the 1880s.,อาชีพนี้แทบไม่มีอยู่เลยก่อนทศวรรษ 1880,Call an electrician about the switch.,ช่างไฟฟ้า
mechanic,Jobs & Work,Transportation,Trades,5,8,No,,A person who repairs machines and vehicles.,คนที่ซ่อมเครื่องจักรและยานพาหนะ,Mechanics became essential the moment cars became common.,ช่างเครื่องกลายเป็นอาชีพสำคัญทันทีที่รถยนต์แพร่หลาย,The mechanic fixed the brakes.,ช่างเครื่อง
miner,Jobs & Work,,Trades,5,5,No,,A person who digs materials from the ground.,คนที่ขุดแร่หรือวัสดุจากใต้ดิน,Canaries were once carried into mines to detect bad air.,ในอดีตคนงานพานกคีรีบูนลงเหมืองเพื่อตรวจอากาศเสีย,Miners worked in shifts.,คนงานเหมือง
painter,Jobs & Work,,Trades,5,7,No,,A person who paints pictures or buildings.,คนที่วาดภาพหรือทาสีอาคาร,The same word covers a fine artist and a house painter.,คำเดียวกันใช้ได้ทั้งศิลปินและช่างทาสีบ้าน,The painter finished the wall.,ช่างทาสี
plumber,Jobs & Work,,Trades,5,7,No,,A person who fits and repairs water pipes.,คนที่ติดตั้งและซ่อมท่อน้ำ,"'Plumber' comes from the Latin for lead, the old pipe material.",คำว่า plumber มาจากภาษาละตินที่แปลว่าตะกั่ว ซึ่งเป็นวัสดุทำท่อในอดีต,The plumber fixed the leak.,ช่างประปา
tailor,Jobs & Work,Clothes & Fashion,Trades,5,6,No,,A person who makes and alters clothes.,คนที่ตัดเย็บและแก้ไขเสื้อผ้า,Bangkok's tailor shops are known for fast custom suits.,ร้านตัดสูทในกรุงเทพฯ ขึ้นชื่อเรื่องสูทสั่งตัดที่เสร็จเร็ว,The tailor took my measurements.,ช่างตัดเสื้อ
technician,Jobs & Work,Technology,Trades,5,10,No,,A person skilled in practical technical work.,คนที่ชำนาญงานเทคนิคภาคปฏิบัติ,Technicians keep the machines that everyone else relies on running.,ช่างเทคนิคคือคนที่ทำให้เครื่องจักรที่ทุกคนพึ่งพายังทำงานได้,A technician checked the wiring.,ช่างเทคนิค
welder,Jobs & Work,,Trades,5,6,No,,A person who joins metal by heating it.,คนที่เชื่อมโลหะด้วยความร้อน,Welders wear dark masks because the arc can damage eyes.,ช่างเชื่อมสวมหน้ากากสีเข้มเพราะแสงอาร์กทำลายดวงตาได้,The welder repaired the gate.,ช่างเชื่อม
apprentice,Jobs & Work,Education,Work Terms,5,10,No,,A person learning a trade from a skilled worker.,คนที่เรียนวิชาชีพจากช่างผู้ชำนาญ,Apprenticeships were the main route into skilled work for centuries.,ระบบฝึกงานเป็นเส้นทางหลักสู่งานฝีมือมานับศตวรรษ,He started as an apprentice.,ลูกมือฝึกหัด
intern,Jobs & Work,Education,Work Terms,5,6,No,,A trainee gaining experience in a workplace.,ผู้ฝึกงานที่มาหาประสบการณ์ในที่ทำงาน,Internships became a standard step into many careers.,การฝึกงานกลายเป็นขั้นตอนมาตรฐานสู่หลายอาชีพ,The intern shadowed the team.,นักศึกษาฝึกงาน
volunteer,Jobs & Work,,Work Terms,5,9,No,,A person who works without pay to help.,คนที่ทำงานช่วยเหลือโดยไม่รับค่าจ้าง,'Volunteer' comes from a Latin word meaning of one's own will.,คำว่า volunteer มาจากภาษาละตินที่แปลว่าด้วยความสมัครใจ,Volunteers cleaned the beach.,อาสาสมัคร
bunch,Numbers & Measurement,,Counting Words,5,5,No,,A group of things held together.,กลุ่มของสิ่งที่รวมอยู่ด้วยกัน,Bananas famously grow in bunches.,กล้วยขึ้นชื่อเรื่องการออกผลเป็นหวี,A bunch of flowers.,ช่อ
pair,Numbers & Measurement,,Counting Words,5,4,No,,Two things that go together.,ของสองสิ่งที่เป็นคู่กัน,"Some things are always a pair: trousers, scissors, glasses.",บางสิ่งเป็นคู่เสมอ เช่น กางเกง กรรไกร แว่นตา,A pair of shoes.,คู่
piece,Numbers & Measurement,,Counting Words,5,5,No,,A single part of something.,ส่วนหนึ่งของสิ่งใดสิ่งหนึ่ง,'A piece of cake' means something very easy.,สำนวน a piece of cake แปลว่าเรื่องง่ายมาก,Have a piece of fruit.,ชิ้น
slice,Numbers & Measurement,Food & Drink,Counting Words,5,5,No,,A thin flat piece cut from something.,ชิ้นบางแบนที่หั่นออกมา,'A slice of life' means an honest everyday scene.,สำนวน a slice of life หมายถึงภาพชีวิตประจำวันที่จริงแท้,Cut me a slice of mango.,ชิ้นบาง
half,Numbers & Measurement,,Fractions,5,4,No,,One of two equal parts.,หนึ่งในสองส่วนเท่าๆ กัน,'Better half' is an affectionate word for a spouse.,สำนวน better half เป็นคำเรียกคู่ชีวิตอย่างเอ็นดู,Cut the mango in half.,ครึ่ง
percent,Numbers & Measurement,,Fractions,5,7,No,,A part of every hundred.,ส่วนของทุกหนึ่งร้อย,'Per cent' means literally by the hundred.,per cent แปลตรงตัวว่าต่อหนึ่งร้อย,Ninety percent agreed.,เปอร์เซ็นต์
quarter,Numbers & Measurement,,Fractions,5,7,No,,One of four equal parts.,หนึ่งในสี่ส่วนเท่าๆ กัน,'Quarter' also means a district of a city.,quarter ยังหมายถึงย่านหนึ่งของเมือง,A quarter of the class was absent.,หนึ่งในสี่
third,Numbers & Measurement,,Fractions,5,5,No,,One of three equal parts.,หนึ่งในสามส่วนเท่าๆ กัน,'Third' is also the ordinal for number three.,third ยังเป็นเลขลำดับของสามด้วย,He ate a third of the cake.,หนึ่งในสาม
depth,Numbers & Measurement,,Measuring Words,5,5,No,,How deep something is.,ความลึกของสิ่งใดสิ่งหนึ่ง,'In depth' means thoroughly.,สำนวน in depth แปลว่าอย่างละเอียดถี่ถ้วน,The depth is three metres.,ความลึก
distance,Numbers & Measurement,Directions & Position,Measuring Words,5,8,No,,The space between two points.,ระยะห่างระหว่างสองจุด,'Keeping your distance' means staying emotionally apart too.,สำนวน keeping your distance ยังหมายถึงการรักษาระยะทางใจ,The distance is short.,ระยะทาง
height,Numbers & Measurement,,Measuring Words,5,6,No,,How tall something is.,ความสูงของสิ่งใดสิ่งหนึ่ง,'Height' is famously the odd one out — it isn't spelled heighth.,คำว่า height เป็นตัวประหลาด เพราะไม่ได้สะกดว่า heighth,What's your height?,ความสูง
length,Numbers & Measurement,,Measuring Words,5,6,No,,How long something is.,ความยาวของสิ่งใดสิ่งหนึ่ง,"'At length' means either finally, or in great detail.",สำนวน at length แปลว่าในที่สุด หรือแปลว่าอย่างละเอียด,Measure the length first.,ความยาว
size,Numbers & Measurement,Clothes & Fashion,Measuring Words,5,4,No,,How big something is.,ขนาดของสิ่งใดสิ่งหนึ่ง,Clothing sizes differ wildly between countries.,ขนาดเสื้อผ้าต่างกันมากในแต่ละประเทศ,What size do you wear?,ขนาด
speed,Numbers & Measurement,Transportation,Measuring Words,5,5,No,,How fast something moves.,ความเร็วในการเคลื่อนที่,Speed is distance divided by time.,ความเร็วคือระยะทางหารด้วยเวลา,Reduce your speed here.,ความเร็ว
volume,Numbers & Measurement,,Measuring Words,5,6,No,,"The space something occupies, or loudness.",พื้นที่ที่สิ่งหนึ่งกินไป หรือระดับความดังของเสียง,The two meanings both come from a word for a rolled scroll.,ความหมายทั้งสองมาจากคำที่แปลว่าม้วนหนังสือ,Turn the volume down.,ปริมาตร
weight,Numbers & Measurement,,Measuring Words,5,6,No,,How heavy something is.,น้ำหนักของสิ่งใดสิ่งหนึ่ง,'Weight' and 'wait' sound identical but are unrelated.,weight กับ wait ออกเสียงเหมือนกันแต่ไม่เกี่ยวข้องกัน,Check the weight before posting.,น้ำหนัก
width,Numbers & Measurement,,Measuring Words,5,5,No,,How wide something is.,ความกว้างของสิ่งใดสิ่งหนึ่ง,"Width, breadth and wideness all describe the same thing.","width, breadth และ wideness ล้วนบรรยายสิ่งเดียวกัน",The width is two metres.,ความกว้าง
billion,Numbers & Measurement,,Numbers,5,7,No,,A thousand million.,หนึ่งพันล้าน,Britain once used billion to mean a million million.,อังกฤษเคยใช้คำว่า billion หมายถึงล้านล้าน,The company is worth a billion.,หนึ่งพันล้าน
dozen,Numbers & Measurement,,Numbers,5,5,No,,A group of twelve.,กลุ่มที่มีสิบสอง,"Twelve divides neatly, which is why it was used for trade.",สิบสองหารลงตัวง่าย จึงถูกใช้ในการค้าขาย,She bought a dozen eggs.,หนึ่งโหล
hundred,Numbers & Measurement,,Numbers,5,7,No,,The number 100.,จำนวนหนึ่งร้อย,"In English you say a hundred, not one hundred, in casual speech.",ภาษาพูดใช้ a hundred ไม่ใช่ one hundred,A hundred people came.,หนึ่งร้อย
million,Numbers & Measurement,,Numbers,5,7,No,,"The number 1,000,000.",จำนวนหนึ่งล้าน,'Million' comes from an Italian word meaning a great thousand.,คำว่า million มาจากคำอิตาลีที่แปลว่าพันอันยิ่งใหญ่,The city has ten million people.,หนึ่งล้าน
thousand,Numbers & Measurement,,Numbers,5,8,No,,"The number 1,000.",จำนวนหนึ่งพัน,"Thai counts in units of ten thousand, which English has no word for.",ภาษาไทยนับเป็นหมื่น ซึ่งภาษาอังกฤษไม่มีคำเรียก,It cost two thousand baht.,หนึ่งพัน
zero,Numbers & Measurement,,Numbers,5,4,No,,The number none.,จำนวนที่ไม่มีอะไรเลย,Zero reached Europe from India through Arabic mathematics.,เลขศูนย์เดินทางจากอินเดียสู่ยุโรปผ่านคณิตศาสตร์อาหรับ,The score was two to zero.,ศูนย์
amount,Numbers & Measurement,,Quantity,5,6,No,,How much of something there is.,ปริมาณของสิ่งใดสิ่งหนึ่ง,'Amount' is for uncountable things; 'number' for countable.,amount ใช้กับสิ่งที่นับไม่ได้ ส่วน number ใช้กับสิ่งที่นับได้,A large amount of water.,ปริมาณ
average,Numbers & Measurement,,Quantity,5,7,No,,The typical or middle value.,ค่าเฉลี่ยหรือค่ากลาง,'Average' began as a shipping term about shared losses at sea.,เดิมที average เป็นศัพท์การเดินเรือเกี่ยวกับการเฉลี่ยความเสียหาย,The average age is thirty.,ค่าเฉลี่ย
double,Numbers & Measurement,,Quantity,5,6,No,,Twice as much.,มากเป็นสองเท่า,"'Double' can be a verb, a noun and an adjective.",double เป็นได้ทั้งกริยา คำนาม และคำคุณศัพท์,The price has doubled.,สองเท่า
enough,Numbers & Measurement,,Quantity,5,6,No,,As much as is needed.,มากเท่าที่จำเป็น,'Enough' comes after adjectives but before nouns.,enough วางหลังคำคุณศัพท์แต่วางหน้าคำนาม,That's enough sugar.,พอ
plenty,Numbers & Measurement,,Quantity,5,6,No,,More than enough.,มากเกินพอ,'Plenty' shares a root with plenitude and plentiful.,plenty มีรากศัพท์ร่วมกับ plenitude และ plentiful,There's plenty of rice.,มากมาย
several,Numbers & Measurement,,Quantity,5,7,No,,More than two but not many.,มากกว่าสองแต่ไม่มาก,"'Several' is deliberately vague, usually three to six.",several คลุมเครือโดยตั้งใจ มักหมายถึงสามถึงหก,Several friends came.,หลาย
total,Numbers & Measurement,,Quantity,5,5,No,,The whole sum.,ผลรวมทั้งหมด,"'Total' can also mean complete, as in total silence.",total ยังแปลว่าโดยสิ้นเชิงได้ เช่น total silence,The total came to 500 baht.,ยอดรวม
triple,Numbers & Measurement,,Quantity,5,6,No,,Three times as much.,มากเป็นสามเท่า,'Triple' comes from Latin words meaning three-fold.,คำว่า triple มาจากภาษาละตินที่แปลว่าสามชั้น,Sales tripled last year.,สามเท่า
centimetre,Numbers & Measurement,,Units of Measure,5,10,No,,One hundredth of a metre.,หนึ่งในร้อยของเมตร,'Centi' means hundredth in Latin.,คำว่า centi แปลว่าหนึ่งในร้อยในภาษาละติน,Cut a ten centimetre piece.,เซนติเมตร
degree,Numbers & Measurement,Nature & Weather,Units of Measure,5,6,No,,A unit of temperature or angle.,หน่วยวัดอุณหภูมิหรือมุม,'Degree' also means a university qualification.,degree ยังหมายถึงวุฒิการศึกษาระดับปริญญา,It's thirty degrees today.,องศา
gram,Numbers & Measurement,,Units of Measure,5,4,No,,A small unit of weight.,หน่วยน้ำหนักขนาดเล็ก,A gram is roughly the weight of a paperclip.,หนึ่งกรัมหนักราวเท่าคลิปหนีบกระดาษ,Add fifty grams of butter.,กรัม
inch,Numbers & Measurement,,Units of Measure,5,4,No,,A small imperial unit of length.,หน่วยความยาวขนาดเล็กในระบบอิมพีเรียล,Screens are still measured in inches almost everywhere.,หน้าจอยังวัดเป็นนิ้วแทบทุกที่ในโลก,The screen is six inches wide.,นิ้ว
kilogram,Numbers & Measurement,,Units of Measure,5,8,No,,One thousand grams.,หนึ่งพันกรัม,The kilogram was the last unit defined by a physical object.,กิโลกรัมเป็นหน่วยสุดท้ายที่ถูกนิยามด้วยวัตถุจริง,The bag weighs two kilograms.,กิโลกรัม
kilometre,Numbers & Measurement,,Units of Measure,5,9,No,,One thousand metres.,หนึ่งพันเมตร,Most of the world measures road distance in kilometres.,โลกส่วนใหญ่วัดระยะทางถนนเป็นกิโลเมตร,It's five kilometres away.,กิโลเมตร
litre,Numbers & Measurement,,Units of Measure,5,5,No,,A unit of liquid volume.,หน่วยวัดปริมาตรของเหลว,A litre of water weighs almost exactly one kilogram.,น้ำหนึ่งลิตรหนักเกือบเท่าหนึ่งกิโลกรัมพอดี,Buy two litres of milk.,ลิตร
metre,Numbers & Measurement,,Units of Measure,5,5,No,,The basic unit of length.,หน่วยพื้นฐานของความยาว,The metre was once defined by a metal bar kept in Paris.,เมตรเคยถูกนิยามด้วยแท่งโลหะที่เก็บไว้ในปารีส,The room is four metres wide.,เมตร
mile,Numbers & Measurement,,Units of Measure,5,4,No,,An imperial unit of distance.,หน่วยวัดระยะทางในระบบอิมพีเรียล,A Roman mile was a thousand paces.,หนึ่งไมล์โรมันคือหนึ่งพันก้าว,The beach is a mile away.,ไมล์
pound,Numbers & Measurement,,Units of Measure,5,5,No,,"An imperial unit of weight, or British money.",หน่วยน้ำหนักอิมพีเรียล หรือสกุลเงินอังกฤษ,The same word covers weight and currency for historical reasons.,คำเดียวกันใช้ทั้งน้ำหนักและสกุลเงินด้วยเหตุผลทางประวัติศาสตร์,It weighs three pounds.,ปอนด์
April,Time & Calendar,,Days & Months,5,5,No,,The fourth month of the year.,เดือนที่สี่ของปี,"Songkran, the Thai new year, falls in April.",สงกรานต์ วันขึ้นปีใหม่ไทย อยู่ในเดือนเมษายน,April is the hottest month here.,เมษายน
August,Time & Calendar,,Days & Months,5,6,No,,The eighth month of the year.,เดือนที่แปดของปี,"Named after Emperor Augustus, who wanted a month as long as Julius's.",ตั้งชื่อตามจักรพรรดิออกัสตัส ผู้ต้องการเดือนที่ยาวเท่าของจูเลียส,The festival is in August.,สิงหาคม
December,Time & Calendar,,Days & Months,5,8,No,,The last month of the year.,เดือนสุดท้ายของปี,"The name means tenth, another leftover from the Roman calendar.",ชื่อนี้แปลว่าเดือนที่สิบ เป็นร่องรอยจากปฏิทินโรมันอีกอย่าง,We close for a week in December.,ธันวาคม
February,Time & Calendar,,Days & Months,5,8,No,,The shortest month of the year.,เดือนที่สั้นที่สุดของปี,It gains a day every four years to keep the calendar accurate.,เดือนนี้เพิ่มหนึ่งวันทุกสี่ปีเพื่อให้ปฏิทินตรง,Her birthday is in February.,กุมภาพันธ์
Friday,Time & Calendar,,Days & Months,5,6,No,,The last working day of the week.,วันทำงานวันสุดท้ายของสัปดาห์,"Named after Frigg, a Norse goddess.",ตั้งชื่อตามเทพีฟริกก์ของนอร์ส,Friday night is family night.,วันศุกร์
January,Time & Calendar,,Days & Months,5,7,No,,The first month of the year.,เดือนแรกของปี,"Named after Janus, the two-faced god who looks back and forward.",ตั้งชื่อตามเทพเจนัสผู้มีสองหน้า มองทั้งอดีตและอนาคต,January is cool in the north.,มกราคม
July,Time & Calendar,,Days & Months,5,4,No,,The seventh month of the year.,เดือนที่เจ็ดของปี,Named after Julius Caesar.,ตั้งชื่อตามจูเลียส ซีซาร์,July is very wet.,กรกฎาคม
June,Time & Calendar,,Days & Months,5,4,No,,The sixth month of the year.,เดือนที่หกของปี,"Named after Juno, goddess of marriage — hence June weddings.",ตั้งชื่อตามเทพีจูโน เทพีแห่งการสมรส จึงเป็นที่มาของงานแต่งเดือนมิถุนายน,We met in June.,มิถุนายน
March,Time & Calendar,,Days & Months,5,5,No,,The third month of the year.,เดือนที่สามของปี,Named after Mars; it once began the Roman year.,ตั้งชื่อตามเทพมาร์ส และเคยเป็นเดือนเริ่มต้นปีของโรมัน,School ends in March.,มีนาคม
May,Time & Calendar,,Days & Months,5,3,No,,The fifth month of the year.,เดือนที่ห้าของปี,The same word is also a verb about possibility.,คำเดียวกันนี้ยังเป็นกริยาที่บอกความเป็นไปได้,The rains start in May.,พฤษภาคม
Monday,Time & Calendar,,Days & Months,5,6,No,,The first working day of the week.,วันแรกของสัปดาห์ทำงาน,"Named after the Moon, as in the old Roman week.",ตั้งชื่อตามดวงจันทร์ ตามแบบสัปดาห์ของโรมันโบราณ,The meeting is on Monday.,วันจันทร์
November,Time & Calendar,,Days & Months,5,8,No,,The eleventh month of the year.,เดือนที่สิบเอ็ดของปี,Loy Krathong usually falls in November.,ลอยกระทงมักตรงกับเดือนพฤศจิกายน,November is a good month to travel.,พฤศจิกายน
October,Time & Calendar,,Days & Months,5,7,No,,The tenth month of the year.,เดือนที่สิบของปี,"The name means eighth, for the same historical reason.",ชื่อนี้แปลว่าเดือนที่แปด ด้วยเหตุผลทางประวัติศาสตร์เดียวกัน,October brings cooler air.,ตุลาคม
Saturday,Time & Calendar,,Days & Months,5,8,No,,The first day of the weekend.,วันแรกของวันหยุดสุดสัปดาห์,"The only English weekday still named after a Roman god, Saturn.",เป็นวันเดียวในภาษาอังกฤษที่ยังตั้งชื่อตามเทพโรมัน คือแซทเทิร์น,We shop on Saturday.,วันเสาร์
September,Time & Calendar,,Days & Months,5,9,No,,The ninth month of the year.,เดือนที่เก้าของปี,The name means seventh — the Roman calendar started in March.,ชื่อนี้แปลว่าเดือนที่เจ็ด เพราะปฏิทินโรมันเริ่มที่เดือนมีนาคม,Term starts in September.,กันยายน
Sunday,Time & Calendar,,Days & Months,5,6,No,,A day of rest for many people.,วันพักผ่อนของคนจำนวนมาก,Named after the Sun; many calendars treat it as day one.,ตั้งชื่อตามดวงอาทิตย์ หลายปฏิทินถือเป็นวันแรกของสัปดาห์,Sunday is for sleeping late.,วันอาทิตย์
Thursday,Time & Calendar,,Days & Months,5,8,No,,The day before Friday.,วันก่อนวันศุกร์,"Named after Thor, the Norse god of thunder.",ตั้งชื่อตามเทพธอร์ เทพสายฟ้าของนอร์ส,We fly out on Thursday.,วันพฤหัสบดี
Tuesday,Time & Calendar,,Days & Months,5,7,No,,The day after Monday.,วันถัดจากวันจันทร์,"Named after Tiw, a Norse god of war.",ตั้งชื่อตามเทพทิว เทพสงครามของนอร์ส,She arrives Tuesday morning.,วันอังคาร
Wednesday,Time & Calendar,,Days & Months,5,9,No,,The middle day of the working week.,วันกลางสัปดาห์ทำงาน,"Named after Odin, and famously hard to spell.",ตั้งชื่อตามเทพโอดิน และขึ้นชื่อว่าสะกดยาก,Wednesday is my day off.,วันพุธ
century,Time & Calendar,,Periods,5,7,No,,A period of one hundred years.,ช่วงเวลาหนึ่งร้อยปี,"The 21st century began in 2001, not 2000 — there was no year zero.",ศตวรรษที่ 21 เริ่มในปี 2001 ไม่ใช่ 2000 เพราะไม่มีปีศูนย์,The temple is four centuries old.,ศตวรรษ
decade,Time & Calendar,,Periods,5,6,No,,A period of ten years.,ช่วงเวลาสิบปี,'Decade' comes from the Greek word for ten.,คำว่า decade มาจากคำกรีกที่แปลว่าสิบ,She lived there for a decade.,ทศวรรษ
fortnight,Time & Calendar,,Periods,5,9,No,,A period of two weeks.,ช่วงเวลาสองสัปดาห์,The word is common in Britain and almost unused in America.,คำนี้ใช้กันทั่วไปในอังกฤษ แต่แทบไม่ใช้เลยในอเมริกา,We meet once a fortnight.,สองสัปดาห์
weekday,Time & Calendar,,Periods,5,7,No,,Any day from Monday to Friday.,วันใดก็ได้ตั้งแต่จันทร์ถึงศุกร์,Weekday and weekend split the week into work and rest.,weekday กับ weekend แบ่งสัปดาห์เป็นวันทำงานและวันพัก,The café is quiet on weekdays.,วันธรรมดา
weekend,Time & Calendar,,Periods,5,7,No,,Saturday and Sunday together.,วันเสาร์และวันอาทิตย์รวมกัน,The two-day weekend is barely a century old.,วันหยุดสุดสัปดาห์สองวันเพิ่งมีมาไม่ถึงร้อยปี,What are your weekend plans?,สุดสัปดาห์
already,Time & Calendar,,Relative Time,5,7,No,,Before now or sooner than expected.,ก่อนหน้านี้แล้ว หรือเร็วกว่าที่คาด,'Already' often carries surprise: you're here already?,already มักแฝงความประหลาดใจ เช่น you're here already?,She has already left.,แล้ว
early,Time & Calendar,,Relative Time,5,5,No,,Before the expected time.,ก่อนเวลาที่กำหนดไว้,'Early bird' describes someone who rises or arrives early.,สำนวน early bird ใช้เรียกคนที่ตื่นเช้าหรือมาถึงก่อนเวลา,He arrived early.,แต่เช้า
late,Time & Calendar,,Relative Time,5,4,No,,After the expected time.,หลังเวลาที่กำหนดไว้,'The late' before a name means the person has died.,คำว่า the late หน้าชื่อคน หมายความว่าคนนั้นเสียชีวิตแล้ว,Sorry I'm late.,สาย
later,Time & Calendar,,Relative Time,5,5,No,,At a time after now.,ในเวลาถัดจากนี้,'See you later' is a farewell with no fixed meaning.,สำนวน see you later คือคำล่ำลาที่ไม่ได้ระบุเวลาจริง,Let's talk later.,ทีหลัง
recently,Time & Calendar,,Relative Time,5,8,No,,A short time ago.,เมื่อไม่นานมานี้,'Recently' pairs naturally with the present perfect tense.,recently ใช้คู่กับ present perfect ได้อย่างเป็นธรรมชาติ,I've recently moved house.,เมื่อเร็วๆ นี้
soon,Time & Calendar,,Relative Time,5,4,No,,In a short time from now.,ในอีกไม่นานนับจากนี้,"'Soon' once meant immediately, and has been slowing down ever since.",เดิมที soon แปลว่าทันที และค่อยๆ ช้าลงเรื่อยมา,The bus will come soon.,เร็วๆ นี้
today,Time & Calendar,,Relative Time,5,5,No,,This present day.,วันปัจจุบันนี้,'Today' means literally on this day.,today แปลตรงตัวว่าในวันนี้,Today is very hot.,วันนี้
tomorrow,Time & Calendar,,Relative Time,5,8,No,,The day after today.,วันถัดจากวันนี้,'Tomorrow' means on the morrow — the morning to come.,tomorrow แปลว่าในวันรุ่งขึ้น คือเช้าที่กำลังจะมาถึง,Tomorrow will be cooler.,พรุ่งนี้
yesterday,Time & Calendar,,Relative Time,5,9,No,,The day before today.,วันก่อนหน้าวันนี้,'Yesterday' contains an old word for day that survives nowhere else.,คำว่า yesterday มีคำโบราณที่แปลว่าวันซ่อนอยู่ ซึ่งไม่เหลือที่อื่นแล้ว,I saw her yesterday.,เมื่อวาน
afternoon,Time & Calendar,,Times of Day,5,9,No,,The time between noon and evening.,ช่วงเวลาระหว่างเที่ยงวันกับเย็น,Afternoon naps are traditional in many hot countries.,การงีบตอนบ่ายเป็นธรรมเนียมในหลายประเทศเมืองร้อน,See you this afternoon.,ตอนบ่าย
dawn,Time & Calendar,,Times of Day,5,4,No,,The first light of the morning.,แสงแรกของยามเช้า,'The dawn of' something means its very beginning.,สำนวน the dawn of บางสิ่ง หมายถึงจุดเริ่มต้นของมัน,We left at dawn.,รุ่งอรุณ
dusk,Time & Calendar,,Times of Day,5,4,No,,The dim light after sunset.,แสงสลัวหลังดวงอาทิตย์ตก,Dusk is when many animals become active.,ยามพลบค่ำเป็นเวลาที่สัตว์หลายชนิดออกหากิน,Bats come out at dusk.,พลบค่ำ
evening,Time & Calendar,,Times of Day,5,7,No,,The time between afternoon and night.,ช่วงเวลาระหว่างบ่ายกับกลางคืน,'Evening' comes from an old word meaning to grow towards night.,คำว่า evening มาจากคำโบราณที่แปลว่าค่อยๆ เข้าสู่กลางคืน,We eat late in the evening.,ตอนเย็น
midnight,Time & Calendar,,Times of Day,5,8,No,,Twelve o'clock at night.,เที่ยงคืน เวลาสิบสองนาฬิกากลางคืน,Midnight is where one date becomes the next.,เที่ยงคืนคือจุดที่วันหนึ่งกลายเป็นอีกวันหนึ่ง,The shop closes at midnight.,เที่ยงคืน
noon,Time & Calendar,,Times of Day,5,4,No,,Twelve o'clock in the middle of the day.,เที่ยงวัน เวลาสิบสองนาฬิกา,"'Noon' once meant the ninth hour, around three in the afternoon.",เดิมที noon หมายถึงชั่วโมงที่เก้า ราวบ่ายสามโมง,Lunch is served at noon.,เที่ยงวัน
tonight,Time & Calendar,,Times of Day,5,7,No,,This evening or night.,เย็นนี้หรือคืนนี้,'Tonight' was once written as two words.,คำว่า tonight เคยเขียนแยกเป็นสองคำ,Are you free tonight?,คืนนี้
anniversary,Time & Calendar,,Units,5,11,No,,The yearly return of a date.,วันครบรอบที่เวียนมาทุกปี,'Anniversary' means literally the year turning.,คำว่า anniversary แปลตรงตัวว่าปีที่หมุนกลับมา,It's our tenth anniversary.,วันครบรอบ
calendar,Time & Calendar,,Units,5,8,No,,A chart showing the days of the year.,ตารางที่แสดงวันต่างๆ ของปี,Thailand uses the Buddhist calendar alongside the Western one.,ประเทศไทยใช้ปฏิทินพุทธศักราชควบคู่กับปฏิทินสากล,Mark it on the calendar.,ปฏิทิน
deadline,Time & Calendar,Jobs & Work,Units,5,8,No,,The latest time something can be finished.,เวลาสุดท้ายที่ต้องทำให้เสร็จ,The word has a grim origin in prison camps.,คำนี้มีที่มาอันน่าสยดสยองจากค่ายกักกัน,The deadline is Friday.,เส้นตาย
hour,Time & Calendar,,Units,5,4,No,,Sixty minutes.,หกสิบนาที,The 24-hour day comes from ancient Egyptian timekeeping.,วันละ 24 ชั่วโมงมาจากการนับเวลาของอียิปต์โบราณ,The trip takes two hours.,ชั่วโมง
minute,Time & Calendar,,Units,5,6,No,,Sixty seconds.,หกสิบวินาที,"The word also means very small, but is said differently.",คำเดียวกันยังแปลว่าเล็กจิ๋ว แต่ออกเสียงต่างกัน,Wait a minute.,นาที
schedule,Time & Calendar,Jobs & Work,Units,5,8,No,,A plan of when things will happen.,แผนที่ระบุว่าอะไรจะเกิดขึ้นเมื่อไร,The word is pronounced differently in Britain and America.,คำนี้ออกเสียงต่างกันระหว่างอังกฤษกับอเมริกา,The schedule changed again.,ตารางเวลา
second,Time & Calendar,,Units,5,6,No,,A very short unit of time.,หน่วยเวลาที่สั้นมาก,The second is defined by the vibrations of a caesium atom.,วินาทีถูกนิยามด้วยการสั่นของอะตอมซีเซียม,It took only a second.,วินาที
brake,Transportation,,Parts & Terms,5,5,No,,The part that slows a vehicle.,ส่วนที่ทำให้ยานพาหนะช้าลง,'Brake' and 'break' sound identical but are unrelated words.,brake กับ break ออกเสียงเหมือนกันแต่ไม่เกี่ยวข้องกันเลย,Press the brake gently.,เบรก
commute,Transportation,Jobs & Work,Parts & Terms,5,7,No,,The regular journey to and from work.,การเดินทางไปกลับที่ทำงานเป็นประจำ,The word originally referred to a reduced-price season ticket.,เดิมทีคำนี้หมายถึงตั๋วเดินทางเหมาจ่ายราคาลด,His commute takes an hour.,การเดินทางไปทำงาน
engine,Transportation,Technology,Parts & Terms,5,6,No,,The machine that powers a vehicle.,เครื่องจักรที่ให้กำลังแก่ยานพาหนะ,'Engine' and 'ingenious' share a Latin root about cleverness.,engine กับ ingenious มีรากศัพท์ละตินเดียวกันที่เกี่ยวกับความช่างคิด,The engine wouldn't start.,เครื่องยนต์
helmet,Transportation,Sports & Games,Parts & Terms,5,6,No,,Protective headgear.,เครื่องสวมศีรษะเพื่อป้องกัน,Helmet laws sharply reduced motorcycle deaths wherever they passed.,กฎหมายบังคับสวมหมวกกันน็อกลดการเสียชีวิตจากมอเตอร์ไซค์อย่างมากทุกที่ที่บังคับใช้,Always wear a helmet.,หมวกกันน็อก
highway,Transportation,,Parts & Terms,5,7,No,,A main road for fast travel.,ถนนสายหลักสำหรับเดินทางเร็ว,Roman roads were the first highway network in Europe.,ถนนโรมันคือโครงข่ายทางหลวงแห่งแรกของยุโรป,The highway was busy.,ทางหลวง
junction,Transportation,Directions & Position,Parts & Terms,5,8,No,,A place where roads meet.,จุดที่ถนนหลายสายมาบรรจบกัน,'Junction' comes from a Latin word meaning to join.,คำว่า junction มาจากภาษาละตินที่แปลว่าเชื่อมต่อ,Turn right at the junction.,ทางแยก
platform,Transportation,,Parts & Terms,5,8,No,,The raised area beside train tracks.,ชานชาลาที่ยกสูงข้างรางรถไฟ,'Platform' now also means a website or a political position.,platform ตอนนี้ยังหมายถึงเว็บไซต์หรือจุดยืนทางการเมือง,Wait on platform three.,ชานชาลา
route,Transportation,Travel & Places,Parts & Terms,5,5,No,,The path taken from one place to another.,เส้นทางที่ใช้เดินทางจากที่หนึ่งไปอีกที่หนึ่ง,"The word is pronounced two ways in English, and both are correct.",คำนี้ออกเสียงได้สองแบบในภาษาอังกฤษ และถูกต้องทั้งคู่,The bus takes a different route.,เส้นทาง
seatbelt,Transportation,,Parts & Terms,5,8,No,,A strap that holds a passenger safely.,สายรัดที่ยึดผู้โดยสารไว้เพื่อความปลอดภัย,The three-point seatbelt was given away patent-free to save lives.,เข็มขัดนิรภัยสามจุดถูกเปิดสิทธิบัตรให้ใช้ฟรีเพื่อรักษาชีวิตคน,Fasten your seatbelt.,เข็มขัดนิรภัย
tyre,Transportation,,Parts & Terms,5,4,No,,The rubber ring around a wheel.,วงยางที่หุ้มรอบล้อ,"British English writes tyre, American English writes tire.",อังกฤษเขียน tyre ส่วนอเมริกาเขียน tire,We had a flat tyre.,ยางรถ
ambulance,Transportation,Health & Body,Vehicles,5,9,No,,A vehicle that carries sick people to hospital.,รถที่นำผู้ป่วยส่งโรงพยาบาล,The word means 'walking hospital' in origin — early ones were mobile field units.,คำนี้เดิมแปลว่าโรงพยาบาลเคลื่อนที่ เพราะรุ่นแรกเป็นหน่วยสนามที่เคลื่อนย้ายได้,The ambulance arrived in minutes.,รถพยาบาล
balloon,Transportation,,Vehicles,5,7,No,,A craft lifted by hot air or gas.,ยานที่ลอยขึ้นด้วยอากาศร้อนหรือแก๊ส,The first human flight was by hot air balloon in 1783.,มนุษย์บินได้ครั้งแรกด้วยบอลลูนอากาศร้อนในปี 1783,A balloon floated over the fields.,บอลลูน
bulldozer,Transportation,,Vehicles,5,9,No,,A machine that pushes earth.,เครื่องจักรที่ใช้ดันดิน,'Bulldoze' now also means to force something through.,คำว่า bulldoze ตอนนี้ยังแปลว่าดันบางอย่างให้ผ่านไปด้วยกำลัง,A bulldozer cleared the site.,รถดันดิน
canoe,Transportation,Sports & Games,Vehicles,5,5,No,,A narrow boat moved with a paddle.,เรือลำแคบที่ใช้พายเคลื่อนที่,Canoes were carved from single tree trunks for thousands of years.,เรือแคนูถูกขุดจากลำต้นไม้ต้นเดียวมานับพันปี,We paddled the canoe upstream.,เรือแคนู
caravan,Transportation,Travel & Places,Vehicles,5,7,No,,A vehicle people live in while travelling.,ยานพาหนะที่คนอาศัยอยู่ระหว่างเดินทาง,'Caravan' first meant a group of travellers crossing a desert.,เดิมที caravan หมายถึงกลุ่มนักเดินทางที่ข้ามทะเลทราย,They towed a caravan to the coast.,รถบ้าน
carriage,Transportation,,Vehicles,5,8,No,,"A vehicle pulled by horses, or a train car.",รถที่ม้าลาก หรือตู้โดยสารรถไฟ,Horse carriages defined city transport for centuries.,รถม้าเป็นการเดินทางหลักในเมืองมานับศตวรรษ,The first carriage is quiet.,รถม้า
cart,Transportation,,Vehicles,5,4,No,,A small vehicle pushed or pulled.,รถเข็นคันเล็กที่ผลักหรือลาก,Street food carts are a defining sight in Thai cities.,รถเข็นขายอาหารเป็นภาพประจำเมืองของไทย,He pushed a cart of noodles.,รถเข็น
crane,Transportation,Buildings & Structures,Vehicles,5,5,No,,A machine that lifts heavy things.,เครื่องจักรที่ใช้ยกของหนัก,The machine is named after the long-necked bird.,เครื่องจักรนี้ตั้งชื่อตามนกกระเรียนที่มีคอยาว,A crane lifted the beam.,เครน
forklift,Transportation,,Vehicles,5,8,No,,A small vehicle that lifts pallets.,รถคันเล็กที่ใช้ยกพาเลท,Forklifts made modern warehouses possible.,รถโฟล์คลิฟท์ทำให้โกดังสมัยใหม่เป็นไปได้,He drives a forklift at work.,รถโฟล์คลิฟท์
glider,Transportation,,Vehicles,5,6,No,,An aircraft with no engine.,อากาศยานที่ไม่มีเครื่องยนต์,Gliders stay up by riding rising warm air.,เครื่องร่อนลอยอยู่ได้ด้วยการอาศัยกระแสอากาศอุ่นที่ลอยขึ้น,The glider circled silently.,เครื่องร่อน
jeep,Transportation,,Vehicles,5,4,No,,A small tough vehicle for rough ground.,รถคันเล็กที่แข็งแรงสำหรับพื้นที่ขรุขระ,"The name may come from the letters GP, for general purpose.",ชื่อนี้อาจมาจากตัวอักษร GP ที่ย่อจาก general purpose,A jeep took us up the mountain.,รถจี๊ป
kayak,Transportation,Sports & Games,Vehicles,5,5,No,,A closed narrow boat for one or two people.,เรือแคบมีหลังคาปิดสำหรับหนึ่งถึงสองคน,The word comes from the Inuit language.,คำนี้มาจากภาษาอินูอิต,She kayaks every weekend.,เรือคายัค
raft,Transportation,,Vehicles,5,4,No,,A flat floating platform.,แพลอยน้ำที่มีพื้นราบ,Bamboo rafts are still used on rivers across Southeast Asia.,แพไม้ไผ่ยังใช้กันในแม่น้ำทั่วเอเชียตะวันออกเฉียงใต้,We floated down on a raft.,แพ
rickshaw,Transportation,,Vehicles,5,8,No,,A small vehicle pulled or pedalled for passengers.,รถคันเล็กที่ลากหรือถีบเพื่อรับผู้โดยสาร,"The word comes from Japanese, meaning human-powered vehicle.",คำนี้มาจากภาษาญี่ปุ่น แปลว่ายานพาหนะที่ขับเคลื่อนด้วยแรงคน,A rickshaw waited outside.,รถลาก
rocket,Transportation,,Vehicles,5,6,No,,A vehicle that travels into space.,ยานที่เดินทางสู่อวกาศ,"Rockets work by pushing gas out behind them, not by pushing against air.",จรวดเคลื่อนที่ด้วยการพ่นแก๊สออกท้าย ไม่ใช่การดันอากาศ,The rocket launched at dawn.,จรวด
sled,Transportation,,Vehicles,5,4,No,,A vehicle that slides on snow.,ยานพาหนะที่ไถลไปบนหิมะ,Sleds are among the oldest vehicles humans built.,เลื่อนเป็นยานพาหนะที่เก่าแก่ที่สุดแบบหนึ่งที่มนุษย์สร้าง,Dogs pulled the sled.,เลื่อนหิมะ
submarine,Transportation,,Vehicles,5,9,No,,A vessel that travels underwater.,ยานที่แล่นใต้น้ำ,'Sub' means under and 'marine' means sea.,sub แปลว่าใต้ และ marine แปลว่าทะเล,The submarine dived deeper.,เรือดำน้ำ
tractor,Transportation,Jobs & Work,Vehicles,5,7,No,,A farm vehicle that pulls heavy equipment.,ยานพาหนะในฟาร์มที่ใช้ลากอุปกรณ์หนัก,Tractors replaced horses on farms within a single generation.,รถแทรกเตอร์เข้ามาแทนม้าในไร่นาภายในชั่วอายุคนเดียว,The tractor ploughed the field.,รถแทรกเตอร์
trailer,Transportation,,Vehicles,5,7,No,,Something towed behind a vehicle.,สิ่งที่ถูกลากพ่วงท้ายยานพาหนะ,'Trailer' also means a short preview of a film.,trailer ยังหมายถึงตัวอย่างภาพยนตร์สั้นๆ,The trailer carries two horses.,รถพ่วง
tuk tuk,Transportation,Travel & Places,Vehicles,5,6,No,,A small three-wheeled taxi.,รถแท็กซี่สามล้อคันเล็ก,The name imitates the sound of its engine.,ชื่อนี้เลียนเสียงเครื่องยนต์ของมัน,We took a tuk tuk to the market.,ตุ๊กตุ๊ก
wagon,Transportation,,Vehicles,5,5,No,,A four-wheeled vehicle for carrying loads.,รถสี่ล้อสำหรับบรรทุกของ,'On the wagon' means choosing not to drink alcohol.,สำนวน on the wagon แปลว่าเลิกดื่มเหล้า,The wagon carried hay.,เกวียน
yacht,Transportation,,Vehicles,5,5,No,,A boat used for pleasure or racing.,เรือที่ใช้เพื่อความบันเทิงหรือแข่งขัน,The spelling comes from Dutch and confuses learners endlessly.,การสะกดมาจากภาษาดัตช์ และทำให้ผู้เรียนสับสนไม่จบสิ้น,The yacht sailed at dawn.,เรือยอชต์
spatula,Kitchen & Utensils,,Cooking Tools,5,7,No,,A flat tool for lifting and turning food.,อุปกรณ์แบนสำหรับตักและพลิกอาหาร,The word comes from a Latin term for a small blade.,คำนี้มาจากภาษาละตินที่แปลว่าใบมีดเล็ก,Flip the egg with a spatula.,ตะหลิว
whisk,Kitchen & Utensils,,Cooking Tools,5,5,No,,A wire tool for beating eggs or cream.,อุปกรณ์ลวดสำหรับตีไข่หรือครีม,"The balloon whisk shape traps air, which is the whole point.",รูปทรงบอลลูนของตะกร้อช่วยกักอากาศ ซึ่งคือจุดประสงค์ทั้งหมด,Whisk the eggs until fluffy.,ตะกร้อมือ
ladle,Kitchen & Utensils,,Cooking Tools,5,5,No,,A deep spoon for serving soup.,ช้อนทรงลึกสำหรับตักซุป,"'Ladle' shares a root with the verb to lade, meaning to load.",ladle มีรากศัพท์ร่วมกับกริยา lade ที่แปลว่าบรรทุก,Use the ladle for the curry.,ทัพพี
tongs,Kitchen & Utensils,,Cooking Tools,5,5,No,,A tool with two arms for gripping.,อุปกรณ์สองขาสำหรับคีบจับ,"Like scissors and trousers, tongs is always plural.",เหมือน scissors และ trousers คำว่า tongs ใช้รูปพหูพจน์เสมอ,Turn the meat with tongs.,ที่คีบ
grater,Kitchen & Utensils,,Cooking Tools,5,6,No,,A tool for shredding food into small pieces.,อุปกรณ์สำหรับขูดอาหารให้เป็นชิ้นเล็ก,The box grater gives four textures from one tool.,ที่ขูดทรงกล่องให้เนื้อสัมผัสสี่แบบจากอุปกรณ์ชิ้นเดียว,Grate the cheese finely.,ที่ขูด
peeler,Kitchen & Utensils,,Cooking Tools,5,6,No,,A tool for removing skin from vegetables.,อุปกรณ์สำหรับปอกเปลือกผัก,The swivel peeler was invented in the 1940s.,ที่ปอกแบบใบหมุนถูกประดิษฐ์ขึ้นในทศวรรษ 1940,Peel the carrots first.,ที่ปอก
chopsticks,Kitchen & Utensils,Food & Drink,Cooking Tools,5,10,No,,A pair of sticks used for eating.,ไม้คู่ที่ใช้คีบอาหาร,Chopsticks have been used in Asia for over three thousand years.,ตะเกียบถูกใช้ในเอเชียมากว่าสามพันปี,He eats noodles with chopsticks.,ตะเกียบ
wok,Kitchen & Utensils,Food & Drink,Cookware,5,3,No,,A deep round pan for stir-frying.,กระทะทรงลึกก้นกลมสำหรับผัด,The shape lets heat concentrate at the base for fast cooking.,รูปทรงนี้ทำให้ความร้อนรวมที่ก้นกระทะ จึงปรุงได้เร็ว,Heat the wok until it smokes.,กระทะก้นลึก
saucepan,Kitchen & Utensils,,Cookware,5,8,No,,A deep pan with a handle for cooking liquids.,หม้อลึกมีด้ามสำหรับต้มของเหลว,"The name comes from making sauces, its original job.",ชื่อนี้มาจากการทำซอส ซึ่งเป็นหน้าที่ดั้งเดิมของมัน,Boil water in the saucepan.,หม้อด้าม
frying pan,Kitchen & Utensils,,Cookware,5,9,No,,A shallow pan for frying food.,กระทะตื้นสำหรับทอดอาหาร,'Out of the frying pan into the fire' means escaping into worse trouble.,สำนวนนี้แปลว่าหนีเสือปะจระเข้,Fry the egg in the pan.,กระทะ
pot,Kitchen & Utensils,,Cookware,5,3,No,,A deep container for cooking.,ภาชนะทรงลึกสำหรับปรุงอาหาร,'A watched pot never boils' warns against impatience.,สำนวนนี้เตือนเรื่องความใจร้อน,The pot is still simmering.,หม้อ
lid,Kitchen & Utensils,,Cookware,5,3,No,,A cover for a pot or container.,ฝาปิดหม้อหรือภาชนะ,'Keep a lid on it' means keep something secret.,สำนวน keep a lid on it แปลว่าปิดเรื่องไว้เป็นความลับ,Put the lid on the pot.,ฝา
tray,Kitchen & Utensils,,Serving,5,4,No,,A flat surface for carrying dishes.,พื้นผิวแบนสำหรับยกจานชาม,Trays turned serving into a one-trip job.,ถาดทำให้การเสิร์ฟจบได้ในเที่ยวเดียว,Carry the drinks on a tray.,ถาด
plate,Kitchen & Utensils,,Serving,5,5,No,,A flat dish for serving food.,จานแบนสำหรับใส่อาหาร,'On my plate' means the work you currently have.,สำนวน on my plate แปลว่างานที่มีอยู่ในมือตอนนี้,Pass me a clean plate.,จาน
bowl,Kitchen & Utensils,,Serving,5,4,No,,A round deep dish.,ชามทรงกลมลึก,Rice bowls have barely changed shape in two thousand years.,ชามข้าวแทบไม่เปลี่ยนรูปทรงเลยในสองพันปี,A bowl of noodle soup.,ชาม
cup,Kitchen & Utensils,,Serving,5,3,No,,A small container for drinking.,ภาชนะเล็กสำหรับดื่ม,'Not my cup of tea' means not to your taste.,สำนวน not my cup of tea แปลว่าไม่ใช่แนวของฉัน,"A cup of coffee, please.",ถ้วย
mug,Kitchen & Utensils,,Serving,5,3,No,,A large cup with a handle.,ถ้วยใบใหญ่ที่มีหูจับ,"'Mug' is also slang for a face, and for a fool.",mug ยังเป็นสแลงที่แปลว่าใบหน้า และแปลว่าคนโง่,He drinks from a huge mug.,แก้วมัค
glass,Kitchen & Utensils,,Serving,5,5,No,,A clear container for drinks.,ภาชนะใสสำหรับเครื่องดื่ม,The same word names the material and the object.,คำเดียวกันใช้เรียกทั้งวัสดุและตัวภาชนะ,Fill the glass with water.,แก้ว
fork,Kitchen & Utensils,,Cutlery,5,4,No,,A tool with prongs for eating.,อุปกรณ์กินอาหารที่มีซี่แหลม,Forks were considered scandalous in Europe when first introduced.,ส้อมเคยถูกมองว่าเป็นเรื่องอื้อฉาวในยุโรปตอนเพิ่งเข้ามา,"Use a fork, not your hands.",ส้อม
knife,Kitchen & Utensils,,Cutlery,5,5,No,,A tool with a blade for cutting.,อุปกรณ์มีใบมีดสำหรับหั่น,In Thailand a fork pushes food onto a spoon; knives stay in the kitchen.,ในไทยใช้ส้อมเขี่ยอาหารเข้าช้อน ส่วนมีดอยู่แต่ในครัว,Sharpen the knife first.,มีด
spoon,Kitchen & Utensils,,Cutlery,5,5,No,,A tool with a shallow bowl for eating.,อุปกรณ์ทรงเว้าสำหรับตักกิน,'Born with a silver spoon' means born wealthy.,สำนวน born with a silver spoon แปลว่าเกิดมารวย,Eat the soup with a spoon.,ช้อน
napkin,Kitchen & Utensils,Restaurant & Ordering,Serving,5,6,No,,A cloth or paper for wiping the mouth.,ผ้าหรือกระดาษสำหรับเช็ดปาก,Folding napkins became an art in grand restaurants.,การพับผ้าเช็ดปากกลายเป็นศิลปะในภัตตาคารหรู,Take a napkin from the table.,ผ้าเช็ดปาก
apron,Kitchen & Utensils,Clothes & Fashion,Serving,5,5,No,,A garment worn to protect clothes while cooking.,ผ้ากันเปื้อนที่สวมขณะทำอาหาร,The word lost its n from 'a napron' centuries ago.,คำนี้เสียตัว n ไปจาก a napron เมื่อหลายศตวรรษก่อน,She tied on her apron.,ผ้ากันเปื้อน
blender,Kitchen & Utensils,,Appliances,5,7,No,,A machine that mixes and crushes food.,เครื่องที่ปั่นและบดอาหาร,Blenders made smoothies a global habit.,เครื่องปั่นทำให้สมูทตี้กลายเป็นนิสัยของคนทั้งโลก,Blend the fruit with ice.,เครื่องปั่น
toaster,Kitchen & Utensils,,Appliances,5,7,No,,A machine that browns bread.,เครื่องที่ปิ้งขนมปังให้เกรียม,The pop-up toaster arrived in the 1920s.,เครื่องปิ้งขนมปังแบบเด้งขึ้นมาในทศวรรษ 1920,The toaster burnt my bread.,เครื่องปิ้งขนมปัง
microwave,Kitchen & Utensils,Technology,Appliances,5,9,No,,A machine that heats food with radio waves.,เครื่องที่อุ่นอาหารด้วยคลื่นวิทยุ,It was discovered when a radar engineer's chocolate bar melted.,ค้นพบตอนที่ช็อกโกแลตของวิศวกรเรดาร์ละลาย,Microwave it for two minutes.,ไมโครเวฟ
chopping board,Kitchen & Utensils,,Cooking Tools,5,13,No,,A flat board for cutting food on.,เขียงแบนสำหรับหั่นอาหาร,Separate boards for meat and vegetables prevent illness.,การแยกเขียงเนื้อกับผักช่วยป้องกันการเจ็บป่วย,Chop the herbs on the board.,เขียง
rolling pin,Kitchen & Utensils,,Cooking Tools,5,10,No,,A cylinder for flattening dough.,แท่งกลมสำหรับรีดแป้ง,"Cartoons made it a comic weapon, unfairly.",การ์ตูนทำให้มันกลายเป็นอาวุธตลก ซึ่งไม่ยุติธรรมนัก,Roll the dough thin.,ไม้นวดแป้ง
mortar,Kitchen & Utensils,Thai Food & Cooking,Cooking Tools,5,6,No,,A heavy bowl for crushing ingredients.,ครกหนักสำหรับตำเครื่องปรุง,Som tam is made by pounding in a mortar.,ส้มตำทำโดยการตำในครก,Pound the chillies in the mortar.,ครก
pestle,Kitchen & Utensils,Thai Food & Cooking,Cooking Tools,5,6,No,,A heavy stick used with a mortar.,สากหนักที่ใช้คู่กับครก,Mortar and pestle is one of the oldest kitchen tools on Earth.,ครกกับสากเป็นเครื่องครัวที่เก่าแก่ที่สุดในโลกชิ้นหนึ่ง,Use the pestle to grind it.,สาก
strainer,Kitchen & Utensils,,Cooking Tools,5,8,No,,A mesh tool for separating liquid from solids.,อุปกรณ์ตาข่ายสำหรับกรองของเหลวออกจากของแข็ง,Straining is one of cooking's oldest techniques.,การกรองเป็นเทคนิคการทำอาหารที่เก่าแก่ที่สุดอย่างหนึ่ง,Drain the noodles in a strainer.,กระชอน
jug,Kitchen & Utensils,,Serving,5,3,No,,A container with a handle and spout for pouring.,ภาชนะมีหูและพวยสำหรับเท,Americans usually say pitcher.,คนอเมริกันมักเรียกว่า pitcher,Fill the jug with water.,เหยือก
bottle,Kitchen & Utensils,Containers & Materials,Serving,5,6,No,,A narrow-necked container for liquid.,ภาชนะคอแคบสำหรับของเหลว,'Bottling it up' means holding emotions inside.,สำนวน bottling it up แปลว่าเก็บกดอารมณ์ไว้,Open a bottle of water.,ขวด
straw,Kitchen & Utensils,,Serving,5,5,No,,A thin tube for drinking.,หลอดบางสำหรับดูดเครื่องดื่ม,'The last straw' comes from a proverb about an overloaded camel.,สำนวน the last straw มาจากสุภาษิตเรื่องอูฐที่แบกของเกินพิกัด,Drink it with a straw.,หลอด
hammer,Tools & DIY,,Hand Tools,5,6,No,,A tool for driving nails.,เครื่องมือสำหรับตอกตะปู,The hammer is among the oldest tools humans ever made.,ค้อนเป็นเครื่องมือที่เก่าแก่ที่สุดที่มนุษย์เคยสร้าง,Hit the nail with the hammer.,ค้อน
screwdriver,Tools & DIY,,Hand Tools,5,11,No,,A tool for turning screws.,เครื่องมือสำหรับขันสกรู,The cross-head design was invented to stop over-tightening.,หัวแฉกถูกออกแบบมาเพื่อกันการขันแน่นเกินไป,Tighten it with a screwdriver.,ไขควง
wrench,Tools & DIY,,Hand Tools,5,6,No,,A tool for gripping and turning nuts.,เครื่องมือสำหรับจับและหมุนน็อต,British English usually says spanner.,อังกฤษมักเรียกว่า spanner,Use a wrench on the bolt.,ประแจ
pliers,Tools & DIY,,Hand Tools,5,6,No,,A gripping tool with two handles.,เครื่องมือคีบที่มีสองด้าม,"Like tongs and scissors, pliers is always plural.",เหมือน tongs และ scissors คำว่า pliers ใช้พหูพจน์เสมอ,Grip the wire with pliers.,คีม
saw,Tools & DIY,,Hand Tools,5,3,No,,A tool with teeth for cutting wood.,เครื่องมือมีฟันสำหรับตัดไม้,"'Saw' is also the past tense of see, from a different root.",saw ยังเป็นรูปอดีตของ see ซึ่งมาจากรากศัพท์คนละคำ,Cut the plank with a saw.,เลื่อย
drill,Tools & DIY,,Power Tools,5,5,No,,A tool that makes holes.,เครื่องมือสำหรับเจาะรู,"'Drill' also means repeated practice, as in a fire drill.",drill ยังแปลว่าการฝึกซ้ำๆ เช่น fire drill,Drill a hole in the wall.,สว่าน
chisel,Tools & DIY,Art & Crafts,Hand Tools,5,6,No,,A blade for carving wood or stone.,ใบมีดสำหรับแกะสลักไม้หรือหิน,Every stone statue in the world began with a chisel.,รูปสลักหินทุกชิ้นในโลกเริ่มต้นจากสิ่ว,Carve the wood with a chisel.,สิ่ว
file,Tools & DIY,,Hand Tools,5,4,No,,A rough tool for smoothing surfaces.,เครื่องมือผิวหยาบสำหรับขัดให้เรียบ,The computer 'file' borrowed its name from paper filing.,คำว่า file ในคอมพิวเตอร์ยืมชื่อมาจากการจัดแฟ้มเอกสาร,File down the rough edge.,ตะไบ
sandpaper,Tools & DIY,,Materials,5,9,No,,Rough paper used for smoothing.,กระดาษผิวหยาบสำหรับขัดให้เรียบ,Grit numbers tell you how rough the paper is.,ตัวเลขเบอร์บอกความหยาบของกระดาษทราย,Sand the surface first.,กระดาษทราย
nail,Tools & DIY,,Fixings,5,4,No,,A thin metal pin hammered into wood.,หมุดโลหะบางที่ตอกเข้าไปในไม้,'Hit the nail on the head' means to be exactly right.,สำนวน hit the nail on the head แปลว่าพูดถูกเป๊ะ,Hammer the nail straight.,ตะปู
screw,Tools & DIY,,Fixings,5,5,No,,A metal pin with a spiral thread.,หมุดโลหะที่มีเกลียว,Screws hold far better than nails because of the thread.,สกรูยึดแน่นกว่าตะปูมากเพราะมีเกลียว,Tighten the screw fully.,สกรู
bolt,Tools & DIY,,Fixings,5,4,No,,A thick metal pin used with a nut.,หมุดโลหะหนาที่ใช้คู่กับน็อต,'Bolt' also means to run away suddenly.,bolt ยังแปลว่าวิ่งหนีอย่างกะทันหัน,The bolt has come loose.,สลักเกลียว
tape,Tools & DIY,,Materials,5,4,No,,A sticky strip for joining or sealing.,แถบเหนียวสำหรับติดหรือปิดผนึก,Duct tape was developed for sealing ammunition boxes.,เทปผ้าถูกพัฒนาขึ้นเพื่อปิดผนึกกล่องกระสุน,Seal the box with tape.,เทป
rope,Tools & DIY,,Materials,5,4,No,,Thick strong cord.,เชือกเส้นหนาและแข็งแรง,'Learning the ropes' comes from sailing ships.,สำนวน learning the ropes มาจากเรือใบ,Tie the rope tightly.,เชือก
wire,Tools & DIY,Technology,Materials,5,4,No,,A thin flexible metal thread.,เส้นโลหะบางที่ดัดงอได้,'Down to the wire' means right to the last moment.,สำนวน down to the wire แปลว่าจนถึงวินาทีสุดท้าย,Strip the wire carefully.,ลวด
chain,Tools & DIY,,Materials,5,5,No,,Metal rings joined in a line.,ห่วงโลหะที่ต่อกันเป็นสาย,A chain is only as strong as its weakest link.,โซ่แข็งแรงเท่าข้อที่อ่อนแอที่สุดเท่านั้น,Lock the gate with a chain.,โซ่
ladder,Tools & DIY,,Equipment,5,6,No,,A frame with steps for climbing.,โครงมีขั้นสำหรับปีนขึ้นที่สูง,'Career ladder' borrows the image for promotion.,สำนวน career ladder ยืมภาพนี้มาใช้กับการเลื่อนตำแหน่ง,Hold the ladder steady.,บันได
toolbox,Tools & DIY,,Equipment,5,7,No,,A container for carrying tools.,กล่องสำหรับใส่เครื่องมือ,'Toolbox' now also means a set of skills.,toolbox ตอนนี้ยังหมายถึงชุดทักษะที่มี,Everything's in the toolbox.,กล่องเครื่องมือ
tape measure,Tools & DIY,Numbers & Measurement,Equipment,5,11,No,,A flexible strip for measuring length.,แถบวัดความยาวที่ม้วนได้,"'Measure twice, cut once' is the oldest advice in carpentry.",สุภาษิต วัดสองครั้ง ตัดครั้งเดียว คือคำแนะนำที่เก่าแก่ที่สุดของงานไม้,Check it with a tape measure.,ตลับเมตร
level,Tools & DIY,,Equipment,5,5,No,,A tool that shows if something is flat.,เครื่องมือที่บอกว่าสิ่งของได้ระดับหรือไม่,The bubble in a spirit level always finds true horizontal.,ฟองอากาศในระดับน้ำจะหาแนวราบจริงเสมอ,Check the shelf with a level.,ระดับน้ำ
paintbrush,Tools & DIY,Art & Crafts,Equipment,5,10,No,,A brush for applying paint.,แปรงสำหรับทาสี,The same tool serves house painters and fine artists.,เครื่องมือเดียวกันนี้ใช้ได้ทั้งช่างทาสีและศิลปิน,Clean the paintbrush after use.,แปรงทาสี
torch,Tools & DIY,,Equipment,5,5,No,,A hand-held light.,ไฟฉายที่ถือด้วยมือ,Americans say flashlight; the British torch once meant a flame.,อเมริกาเรียก flashlight ส่วน torch ในอังกฤษเคยหมายถึงคบไฟ,"Bring a torch, it's dark.",ไฟฉาย
shovel,Tools & DIY,,Garden Tools,5,6,No,,A tool for lifting earth.,เครื่องมือสำหรับตักดิน,Shovels lift; spades dig. Most people use the words loosely.,พลั่วใช้ตัก เสียมใช้ขุด แต่คนส่วนใหญ่ใช้สลับกัน,Dig with the shovel.,พลั่ว
rake,Tools & DIY,Nature & Weather,Garden Tools,5,4,No,,A tool with teeth for gathering leaves.,เครื่องมือมีซี่สำหรับกวาดใบไม้,Zen gardens are raked into patterns as a meditation.,สวนเซนถูกคราดเป็นลวดลายเพื่อการทำสมาธิ,Rake the leaves into a pile.,คราด
hose,Tools & DIY,,Garden Tools,5,4,No,,A flexible tube for carrying water.,ท่อยางยืดหยุ่นสำหรับส่งน้ำ,'Hose' once meant tight leg coverings.,เดิมที hose หมายถึงถุงน่องรัดขา,Water the plants with the hose.,สายยาง
axe,Tools & DIY,,Hand Tools,5,3,No,,A tool with a blade for chopping wood.,เครื่องมือมีใบมีดสำหรับผ่าไม้,'An axe to grind' means having a private motive.,สำนวน an axe to grind แปลว่ามีเจตนาแอบแฝง,Chop the log with an axe.,ขวาน
clamp,Tools & DIY,,Equipment,5,5,No,,A device that holds things tightly together.,อุปกรณ์ที่บีบยึดสิ่งของไว้ด้วยกัน,Clamps do the work of a third hand.,แคลมป์ทำหน้าที่เหมือนมือที่สาม,Clamp the wood while it dries.,แคลมป์
nut driver,Tools & DIY,,Hand Tools,5,9,No,,A tool shaped to turn nuts quickly.,เครื่องมือที่ออกแบบมาหมุนน็อตได้เร็ว,It combines a screwdriver handle with a socket head.,เป็นการรวมด้ามไขควงเข้ากับหัวบล็อก,Use the nut driver instead.,ไขควงบล็อก
workbench,Tools & DIY,,Equipment,5,9,No,,A sturdy table for making things.,โต๊ะแข็งแรงสำหรับทำงานช่าง,A good workbench is heavy enough not to move when hammered.,โต๊ะช่างที่ดีต้องหนักพอที่จะไม่ขยับตอนตอกค้อน,Clear the workbench first.,โต๊ะช่าง
hinge,Tools & DIY,Buildings & Structures,Fixings,5,5,No,,A joint that lets a door swing.,ข้อต่อที่ทำให้ประตูเปิดปิดได้,'Hinges on' means depends entirely on.,สำนวน hinges on แปลว่าขึ้นอยู่กับสิ่งนั้นทั้งหมด,Oil the squeaky hinge.,บานพับ
lock,Tools & DIY,Buildings & Structures,Fixings,5,4,No,,A device that fastens something securely.,อุปกรณ์ที่ล็อกสิ่งของให้แน่นหนา,Pin tumbler locks are essentially an Egyptian invention.,กุญแจแบบลูกปืนคือสิ่งประดิษฐ์ของอียิปต์โดยพื้นฐาน,The lock is broken.,กุญแจ
box,Containers & Materials,,Containers,5,3,No,,A container with flat sides.,ภาชนะที่มีด้านแบน,'Think outside the box' comes from a puzzle with nine dots.,สำนวน think outside the box มาจากปริศนาเก้าจุด,Pack the books in a box.,กล่อง
basket,Containers & Materials,,Containers,5,6,No,,A container woven from strips.,ภาชนะที่สานจากเส้นตอก,Basket weaving predates pottery in many cultures.,การสานตะกร้ามีมาก่อนเครื่องปั้นดินเผาในหลายวัฒนธรรม,Put the fruit in the basket.,ตะกร้า
jar,Containers & Materials,,Containers,5,3,No,,A glass container with a wide mouth.,ภาชนะแก้วปากกว้าง,Jars made preserving food possible year-round.,โหลทำให้การถนอมอาหารตลอดปีเป็นไปได้,Store the jam in a jar.,โหล
tin,Containers & Materials,,Containers,5,3,No,,A metal container for food.,ภาชนะโลหะสำหรับใส่อาหาร,Tinned food fed armies long before it fed families.,อาหารกระป๋องเลี้ยงกองทัพมาก่อนที่จะเลี้ยงครอบครัว,Open a tin of beans.,กระป๋อง
sack,Containers & Materials,,Containers,5,4,No,,A large bag of strong material.,ถุงใบใหญ่ที่ทำจากวัสดุแข็งแรง,'Getting the sack' means being dismissed from a job.,สำนวน getting the sack แปลว่าถูกไล่ออกจากงาน,Carry the rice in a sack.,กระสอบ
barrel,Containers & Materials,,Containers,5,6,No,,A large round wooden container.,ภาชนะไม้ทรงกลมขนาดใหญ่,Barrel-ageing changes the flavour of whisky and wine.,การบ่มในถังไม้เปลี่ยนรสชาติของวิสกี้และไวน์,The barrel holds rainwater.,ถังไม้
envelope,Containers & Materials,,Containers,5,8,No,,A paper cover for a letter.,ซองกระดาษสำหรับใส่จดหมาย,'Pushing the envelope' comes from aviation testing.,สำนวน pushing the envelope มาจากการทดสอบการบิน,Seal the envelope.,ซองจดหมาย
packet,Containers & Materials,,Containers,5,6,No,,A small paper or plastic container.,ห่อกระดาษหรือพลาสติกขนาดเล็ก,Single-use packets are a major source of plastic waste.,ซองใช้ครั้งเดียวเป็นแหล่งขยะพลาสติกสำคัญ,A packet of noodles.,ซอง
wood,Containers & Materials,Nature & Weather,Materials,5,4,No,,The hard material from trees.,วัสดุแข็งที่ได้จากต้นไม้,Teak from Thailand was prized for shipbuilding worldwide.,ไม้สักจากไทยเป็นที่ต้องการทั่วโลกสำหรับต่อเรือ,The table is solid wood.,ไม้
metal,Containers & Materials,,Materials,5,5,No,,A hard shiny material like iron or gold.,วัสดุแข็งเป็นเงาอย่างเหล็กหรือทอง,Working metal changed human history three times over.,การถลุงโลหะเปลี่ยนประวัติศาสตร์มนุษย์ถึงสามครั้ง,The frame is made of metal.,โลหะ
plastic,Containers & Materials,,Materials,5,7,No,,A light artificial material.,วัสดุสังเคราะห์น้ำหนักเบา,Most plastic ever made still exists somewhere.,พลาสติกเกือบทั้งหมดที่เคยผลิตยังคงอยู่ที่ใดที่หนึ่ง,Avoid plastic bags.,พลาสติก
glass material,Containers & Materials,,Materials,5,13,No,,A hard transparent material.,วัสดุแข็งโปร่งใส,"Glass is technically a very slow-moving liquid, in a sense.",ในแง่หนึ่ง แก้วคือของเหลวที่ไหลช้ามาก,The window is thick glass.,แก้ว
paper,Containers & Materials,Education,Materials,5,5,No,,A thin material for writing on.,วัสดุบางสำหรับเขียน,Paper was invented in China around two thousand years ago.,กระดาษถูกประดิษฐ์ในจีนราวสองพันปีก่อน,Write it on paper.,กระดาษ
cloth,Containers & Materials,Clothes & Fashion,Materials,5,5,No,,Material made by weaving fibres.,วัสดุที่ทอจากเส้นใย,Cloth trade routes shaped world history.,เส้นทางการค้าผ้าหล่อหลอมประวัติศาสตร์โลก,Wipe it with a damp cloth.,ผ้า
cotton,Containers & Materials,Clothes & Fashion,Materials,5,6,No,,A soft natural fibre from a plant.,เส้นใยธรรมชาติที่นุ่มจากพืช,Cotton is comfortable in heat because it breathes.,ผ้าฝ้ายใส่สบายในอากาศร้อนเพราะระบายอากาศดี,A cotton shirt is cooler.,ฝ้าย
silk,Containers & Materials,Clothes & Fashion,Materials,5,4,No,,A fine smooth fibre made by silkworms.,เส้นใยละเอียดเรียบที่หนอนไหมผลิต,"Thai silk is famous worldwide, especially from Isaan.",ผ้าไหมไทยมีชื่อเสียงไปทั่วโลก โดยเฉพาะจากอีสาน,She wore a silk scarf.,ไหม
wool,Containers & Materials,Clothes & Fashion,Materials,5,4,No,,A warm fibre from sheep.,เส้นใยให้ความอบอุ่นจากขนแกะ,'Pull the wool over your eyes' means to deceive.,สำนวน pull the wool over your eyes แปลว่าหลอกลวง,A wool jumper is too hot here.,ขนสัตว์
leather,Containers & Materials,Clothes & Fashion,Materials,5,7,No,,Material made from animal skin.,วัสดุที่ทำจากหนังสัตว์,Leather tanning is one of humanity's oldest crafts.,การฟอกหนังเป็นงานฝีมือที่เก่าแก่ที่สุดอย่างหนึ่งของมนุษย์,Leather shoes last longer.,หนัง
rubber,Containers & Materials,,Materials,5,6,No,,A stretchy waterproof material.,วัสดุยืดหยุ่นกันน้ำ,Thailand is one of the world's largest rubber producers.,ประเทศไทยเป็นผู้ผลิตยางพารารายใหญ่ที่สุดของโลกรายหนึ่ง,Rubber gloves protect your hands.,ยาง
stone,Containers & Materials,Nature & Weather,Materials,5,5,No,,Hard mineral material.,วัสดุแร่ที่แข็ง,The Stone Age is named for the material that defined it.,ยุคหินตั้งชื่อตามวัสดุที่นิยามยุคนั้น,The path is made of stone.,หิน
brick,Containers & Materials,Buildings & Structures,Materials,5,5,No,,A block of baked clay for building.,ก้อนดินเผาสำหรับก่อสร้าง,Bricks have been made the same basic way for millennia.,อิฐถูกทำด้วยวิธีพื้นฐานเดิมมานับพันปี,The wall is red brick.,อิฐ
concrete,Containers & Materials,Buildings & Structures,Materials,5,8,No,,A hard building material of cement and stone.,วัสดุก่อสร้างแข็งที่ทำจากปูนซีเมนต์และหิน,Roman concrete has lasted two thousand years.,คอนกรีตโรมันอยู่มาได้สองพันปี,The floor is bare concrete.,คอนกรีต
bamboo material,Containers & Materials,Nature & Weather,Materials,5,14,No,,A strong hollow grass used for building.,หญ้ากลวงที่แข็งแรงใช้ในการก่อสร้าง,Bamboo scaffolding still holds up skyscrapers in parts of Asia.,นั่งร้านไม้ไผ่ยังค้ำตึกระฟ้าในบางพื้นที่ของเอเชีย,The hut is made of bamboo.,ไม้ไผ่
clay,Containers & Materials,Art & Crafts,Materials,5,4,No,,Soft earth that hardens when baked.,ดินเหนียวที่แข็งตัวเมื่อเผา,Clay tablets carry the oldest writing humans have found.,แผ่นดินเหนียวเก็บงานเขียนที่เก่าแก่ที่สุดที่มนุษย์เคยพบ,Shape the clay into a bowl.,ดินเหนียว
wax,Containers & Materials,,Materials,5,3,No,,A soft material that melts easily.,วัสดุนุ่มที่ละลายง่าย,Beeswax was the standard candle material for centuries.,ขี้ผึ้งเป็นวัสดุทำเทียนมาตรฐานมานับศตวรรษ,The candle is pure wax.,ขี้ผึ้ง
glue stick,Containers & Materials,Art & Crafts,Materials,5,9,No,,A solid stick of adhesive.,กาวแท่งแข็ง,The glue stick was invented by watching lipstick tubes.,กาวแท่งถูกคิดขึ้นจากการดูหลอดลิปสติก,"Use a glue stick, not liquid.",กาวแท่ง
foil,Containers & Materials,Kitchen & Utensils,Materials,5,4,No,,Thin metal sheet used for wrapping.,แผ่นโลหะบางสำหรับห่อ,Aluminium foil replaced tin foil in the 1920s.,ฟอยล์อะลูมิเนียมเข้ามาแทนฟอยล์ดีบุกในทศวรรษ 1920,Wrap the fish in foil.,ฟอยล์
cardboard,Containers & Materials,,Materials,5,9,No,,Thick stiff paper used for boxes.,กระดาษหนาแข็งที่ใช้ทำกล่อง,Corrugated cardboard gets its strength from the wavy middle layer.,กระดาษลูกฟูกแข็งแรงเพราะชั้นกลางที่เป็นลอน,Flatten the cardboard first.,กระดาษแข็ง
thread,Containers & Materials,Clothes & Fashion,Materials,5,6,No,,A thin strand used for sewing.,เส้นบางที่ใช้เย็บผ้า,'Thread' now also names a chain of online replies.,thread ตอนนี้ยังใช้เรียกสายการตอบกลับออนไลน์,Cut the thread with scissors.,ด้าย
rose,Flowers & Plants,,Flowers,5,4,No,,A flower with a strong scent and thorns.,ดอกไม้กลิ่นหอมแรงที่มีหนาม,Roses have been bred by humans for over five thousand years.,กุหลาบถูกมนุษย์ปรับปรุงพันธุ์มากว่าห้าพันปี,He gave her a red rose.,กุหลาบ
jasmine,Flowers & Plants,,Flowers,5,7,No,,A small white flower with a sweet scent.,ดอกไม้สีขาวเล็กที่มีกลิ่นหอมหวาน,In Thailand jasmine symbolises motherly love.,ในประเทศไทย ดอกมะลิเป็นสัญลักษณ์ของความรักจากแม่,Jasmine flowers on Mother's Day.,มะลิ
sunflower,Flowers & Plants,,Flowers,5,9,No,,A tall flower with a large yellow head.,ดอกไม้ต้นสูงที่มีดอกใหญ่สีเหลือง,Young sunflowers turn to follow the sun across the sky.,ทานตะวันอ่อนหันตามดวงอาทิตย์ไปทั้งวัน,A field of sunflowers.,ทานตะวัน
tulip,Flowers & Plants,,Flowers,5,5,No,,A cup-shaped spring flower.,ดอกไม้ฤดูใบไม้ผลิรูปถ้วย,Tulip bulbs once caused a financial bubble in the Netherlands.,หัวทิวลิปเคยทำให้เกิดฟองสบู่ทางการเงินในเนเธอร์แลนด์,Tulips bloom in April.,ทิวลิป
daisy,Flowers & Plants,,Flowers,5,5,No,,A small flower with white petals.,ดอกไม้เล็กกลีบขาว,"The name comes from 'day's eye', because it opens at dawn.",ชื่อนี้มาจาก day's eye เพราะมันบานตอนรุ่งเช้า,She picked a daisy.,ดอกเดซี่
lily,Flowers & Plants,,Flowers,5,4,No,,A large trumpet-shaped flower.,ดอกไม้ใหญ่รูปแตร,Lilies appear in art and religion across many cultures.,ดอกลิลลี่ปรากฏในศิลปะและศาสนาของหลายวัฒนธรรม,White lilies filled the room.,ลิลลี่
marigold,Flowers & Plants,Celebrations & Festivals,Flowers,5,8,No,,A bright orange or yellow flower.,ดอกไม้สีส้มหรือเหลืองสด,Marigold garlands are used in Thai temple offerings.,พวงมาลัยดาวเรืองใช้ในการถวายที่วัดของไทย,Marigolds line the shrine.,ดาวเรือง
hibiscus,Flowers & Plants,,Flowers,5,8,No,,A large tropical flower.,ดอกไม้เขตร้อนขนาดใหญ่,Hibiscus petals are brewed into a tart red tea.,กลีบชบาถูกนำไปชงเป็นชาสีแดงรสเปรี้ยว,A red hibiscus by the gate.,ชบา
frangipani,Flowers & Plants,,Flowers,5,10,No,,A fragrant tropical flower with waxy petals.,ดอกไม้เขตร้อนกลิ่นหอมที่มีกลีบคล้ายขี้ผึ้ง,"In Thailand it is called leelawadee, a renamed lucky flower.",ในไทยเรียกว่าลีลาวดี ซึ่งเป็นชื่อใหม่ที่ตั้งให้เป็นมงคล,Frangipani scents the evening.,ลีลาวดี
bougainvillea,Flowers & Plants,,Flowers,5,13,No,,A climbing plant with bright papery flowers.,ไม้เลื้อยที่มีดอกสีสดคล้ายกระดาษ,"The colourful parts are actually leaves, not petals.",ส่วนที่มีสีสันจริงๆ แล้วคือใบ ไม่ใช่กลีบดอก,Bougainvillea covers the wall.,เฟื่องฟ้า
petal,Flowers & Plants,,Plant Parts,5,5,No,,One of the coloured parts of a flower.,ส่วนที่มีสีของดอกไม้,Petals exist mainly to attract pollinators.,กลีบดอกมีไว้ดึงดูดแมลงผสมเกสรเป็นหลัก,The petals fell overnight.,กลีบดอก
stem,Flowers & Plants,,Plant Parts,5,4,No,,The main stalk of a plant.,ลำต้นหลักของพืช,The stem carries water from root to leaf.,ลำต้นลำเลียงน้ำจากรากไปสู่ใบ,Cut the stem at an angle.,ก้าน
thorn,Flowers & Plants,,Plant Parts,5,5,No,,A sharp point on a plant stem.,หนามแหลมบนลำต้นพืช,'A thorn in your side' means a lasting irritation.,สำนวน a thorn in your side แปลว่าสิ่งที่คอยกวนใจไม่เลิก,Mind the thorns.,หนาม
bud,Flowers & Plants,,Plant Parts,5,3,No,,A flower before it opens.,ดอกไม้ก่อนที่จะบาน,'Nip it in the bud' means stopping a problem early.,สำนวน nip it in the bud แปลว่าตัดไฟแต่ต้นลม,The buds opened this morning.,ดอกตูม
pollen,Flowers & Plants,Science Basics,Plant Parts,5,6,No,,Fine powder that fertilises flowers.,ผงละเอียดที่ใช้ผสมพันธุ์ดอกไม้,Pollen grains can survive for thousands of years in soil.,ละอองเกสรอยู่รอดในดินได้นับพันปี,Pollen makes me sneeze.,เกสร
branch,Flowers & Plants,Nature & Weather,Plant Parts,5,6,No,,A part of a tree growing from the trunk.,ส่วนของต้นไม้ที่แตกออกจากลำต้น,'Branch' also names a division of a company or family.,branch ยังใช้เรียกสาขาของบริษัทหรือครอบครัว,A bird sat on the branch.,กิ่ง
trunk,Flowers & Plants,Nature & Weather,Plant Parts,5,5,No,,The thick main stem of a tree.,ลำต้นหลักที่หนาของต้นไม้,The same word names an elephant's nose and a car boot.,คำเดียวกันใช้เรียกงวงช้างและกระโปรงหลังรถ,The trunk is two metres wide.,ลำต้น
bark,Flowers & Plants,Nature & Weather,Plant Parts,5,4,No,,The outer covering of a tree.,เปลือกนอกของต้นไม้,The same spelling names the sound a dog makes.,การสะกดเดียวกันใช้เรียกเสียงเห่าของสุนัข,The bark is rough and grey.,เปลือกไม้
cactus,Flowers & Plants,,Plants,5,6,No,,A desert plant with spines.,พืชทะเลทรายที่มีหนาม,Cacti store water in their thick stems.,กระบองเพชรเก็บน้ำไว้ในลำต้นที่หนา,The cactus needs little water.,กระบองเพชร
fern,Flowers & Plants,,Plants,5,4,No,,A plant with feathery leaves and no flowers.,พืชใบคล้ายขนนกที่ไม่มีดอก,Ferns are older than flowering plants by millions of years.,เฟิร์นเก่าแก่กว่าพืชดอกหลายล้านปี,Ferns grow in the shade.,เฟิร์น
vine,Flowers & Plants,,Plants,5,4,No,,A climbing or trailing plant.,พืชที่เลื้อยหรือไต่ขึ้นไป,'Through the grapevine' means by informal rumour.,สำนวน through the grapevine แปลว่ารู้มาจากข่าวลือ,A vine covers the fence.,เถาวัลย์
herb,Flowers & Plants,Thai Food & Cooking,Plants,5,4,No,,A plant used for flavour or medicine.,พืชที่ใช้ปรุงรสหรือทำยา,Thai cooking uses more fresh herbs than almost any cuisine.,อาหารไทยใช้สมุนไพรสดมากกว่าอาหารชาติใดๆ,Add fresh herbs at the end.,สมุนไพร
weed,Flowers & Plants,,Plants,5,4,No,,A plant growing where it isn't wanted.,พืชที่ขึ้นในที่ที่ไม่ต้องการ,"A weed is defined by where it grows, not what it is.",วัชพืชถูกนิยามด้วยที่ที่มันขึ้น ไม่ใช่ชนิดของมัน,Pull the weeds out.,วัชพืช
bush,Flowers & Plants,,Plants,5,4,No,,A low thick plant with many stems.,พืชเตี้ยหนาที่มีหลายลำต้น,'Beat around the bush' means avoiding the main point.,สำนวน beat around the bush แปลว่าพูดอ้อมค้อม,Trim the bush by the gate.,พุ่มไม้
hedge,Flowers & Plants,,Plants,5,5,No,,A row of bushes used as a boundary.,แนวพุ่มไม้ที่ใช้เป็นรั้ว,'Hedging your bets' means reducing risk.,สำนวน hedging your bets แปลว่าลดความเสี่ยง,The hedge needs cutting.,แนวรั้วต้นไม้
seedling,Flowers & Plants,,Growing,5,8,No,,A very young plant.,ต้นอ่อนที่เพิ่งงอก,Rice seedlings are transplanted by hand across Asia.,ต้นกล้าข้าวถูกปักดำด้วยมือทั่วเอเชีย,Water the seedlings gently.,ต้นกล้า
bloom,Flowers & Plants,,Growing,5,5,No,,To produce flowers.,ออกดอก,'In full bloom' describes something at its peak.,สำนวน in full bloom บรรยายสิ่งที่กำลังงดงามที่สุด,The orchids bloom in spring.,บาน
wilt,Flowers & Plants,,Growing,5,4,No,,To droop from lack of water.,เหี่ยวเฉาเพราะขาดน้ำ,Wilting is often reversible if water comes soon enough.,การเหี่ยวมักฟื้นได้ถ้ารดน้ำทัน,The flowers wilted in the heat.,เหี่ยว
prune,Flowers & Plants,,Growing,5,5,No,,To cut back a plant to help it grow.,ตัดแต่งพืชเพื่อให้เติบโตดีขึ้น,Cutting a plant back usually makes it stronger.,การตัดแต่งมักทำให้ต้นไม้แข็งแรงขึ้น,Prune the roses in winter.,ตัดแต่งกิ่ง
pot plant,Flowers & Plants,House & Home,Growing,5,8,No,,A plant grown in a container indoors.,ต้นไม้ที่ปลูกในกระถางภายในบ้าน,Houseplants measurably improve indoor air.,ไม้กระถางในบ้านช่วยให้อากาศในห้องดีขึ้นจริง,Water the pot plant weekly.,ไม้กระถาง
greenhouse,Flowers & Plants,Buildings & Structures,Growing,5,10,No,,A glass building for growing plants.,อาคารกระจกสำหรับปลูกพืช,The greenhouse effect is named after how these buildings trap heat.,ปรากฏการณ์เรือนกระจกตั้งชื่อตามวิธีที่อาคารเหล่านี้กักความร้อน,Tomatoes grow in the greenhouse.,เรือนกระจก
compost,Flowers & Plants,,Growing,5,7,No,,Rotted plant matter used to feed soil.,ซากพืชที่ย่อยสลายแล้วใช้บำรุงดิน,Composting returns nutrients that farming takes out.,การทำปุ๋ยหมักคืนสารอาหารที่การเกษตรดึงออกไป,Add compost to the bed.,ปุ๋ยหมัก
orchard,Flowers & Plants,Nature & Weather,Growing,5,7,No,,A field of fruit trees.,สวนที่ปลูกไม้ผล,Thailand's durian orchards supply much of Asia.,สวนทุเรียนของไทยส่งออกไปทั่วเอเชีย,The mango orchard is huge.,สวนผลไม้
nectar plant,Flowers & Plants,,Plant Parts,5,11,No,,The sweet liquid flowers make to attract insects.,น้ำหวานที่ดอกไม้ผลิตเพื่อล่อแมลง,Bees turn nectar into honey by evaporating water from it.,ผึ้งเปลี่ยนน้ำหวานเป็นน้ำผึ้งด้วยการระเหยน้ำออก,Bees collect nectar all day.,น้ำหวานดอกไม้
root system,Flowers & Plants,,Plant Parts,5,10,No,,The underground network that feeds a plant.,โครงข่ายใต้ดินที่หล่อเลี้ยงพืช,Some root systems are larger than the plant above ground.,รากของพืชบางชนิดใหญ่กว่าส่วนที่อยู่เหนือดิน,The root system holds the soil.,ระบบราก
blossom,Flowers & Plants,,Growing,5,7,No,,The flowers on a fruit tree.,ดอกที่ออกบนต้นไม้ผล,Cherry blossom viewing is a national event in Japan.,การชมดอกซากุระเป็นเทศกาลระดับชาติในญี่ปุ่น,The blossom lasts a week.,ดอกไม้ผลิ
bouquet,Flowers & Plants,Celebrations & Festivals,Flowers,5,7,No,,An arranged bunch of flowers.,ช่อดอกไม้ที่จัดไว้,'Bouquet' also describes the smell of a wine.,bouquet ยังใช้บรรยายกลิ่นของไวน์,She carried a white bouquet.,ช่อดอกไม้
planet,Sky & Space,,Space Objects,5,6,No,,A large body orbiting a star.,วัตถุขนาดใหญ่ที่โคจรรอบดาวฤกษ์,'Planet' comes from a Greek word meaning wanderer.,คำว่า planet มาจากคำกรีกที่แปลว่าผู้เร่ร่อน,Mars is the fourth planet.,ดาวเคราะห์
moon,Sky & Space,,Space Objects,5,4,No,,The natural satellite orbiting Earth.,ดาวบริวารตามธรรมชาติที่โคจรรอบโลก,The Moon is slowly moving away from Earth each year.,ดวงจันทร์ค่อยๆ ห่างจากโลกออกไปทุกปี,The moon is full tonight.,ดวงจันทร์
comet,Sky & Space,,Space Objects,5,5,No,,An icy body with a bright tail.,วัตถุน้ำแข็งที่มีหางสว่าง,A comet's tail always points away from the sun.,หางของดาวหางชี้ออกจากดวงอาทิตย์เสมอ,The comet returns every 76 years.,ดาวหาง
meteor,Sky & Space,,Space Objects,5,6,No,,A space rock burning up in the atmosphere.,หินอวกาศที่เผาไหม้ในชั้นบรรยากาศ,Most meteors are no bigger than a grain of sand.,อุกกาบาตส่วนใหญ่ไม่ใหญ่ไปกว่าเม็ดทราย,We saw a meteor streak past.,ดาวตก
galaxy,Sky & Space,,Space Objects,5,6,No,,A huge system of stars.,ระบบดาวขนาดมหึมา,Our galaxy contains a few hundred billion stars.,กาแล็กซีของเรามีดาวหลายแสนล้านดวง,The galaxy looks like a band of light.,กาแล็กซี
orbit,Sky & Space,Science Basics,Space Terms,5,5,No,,The curved path of an object around another.,เส้นทางโค้งของวัตถุที่โคจรรอบอีกวัตถุ,Orbiting is really falling forwards fast enough to miss the ground.,การโคจรคือการตกไปข้างหน้าเร็วพอที่จะพลาดพื้นโลก,The satellite is in orbit.,วงโคจร
eclipse,Sky & Space,,Space Terms,5,7,No,,When one body blocks the light of another.,เมื่อวัตถุหนึ่งบังแสงของอีกวัตถุ,Total solar eclipses happen because the Moon and Sun look the same size.,สุริยุปราคาเต็มดวงเกิดได้เพราะดวงจันทร์และดวงอาทิตย์ดูขนาดเท่ากัน,We watched the eclipse safely.,สุริยุปราคา
gravity,Sky & Space,Science Basics,Space Terms,5,7,No,,The force pulling objects together.,แรงที่ดึงวัตถุเข้าหากัน,Gravity is by far the weakest of the fundamental forces.,แรงโน้มถ่วงเป็นแรงพื้นฐานที่อ่อนที่สุดอย่างเทียบไม่ติด,Gravity keeps us on the ground.,แรงโน้มถ่วง
astronaut,Sky & Space,Jobs & Work,Space Terms,5,9,No,,A person trained to travel in space.,คนที่ฝึกมาเพื่อเดินทางในอวกาศ,"Russia calls them cosmonauts, from a Greek word for universe.",รัสเซียเรียกว่านักบินคอสโมนอต จากคำกรีกที่แปลว่าจักรวาล,The astronaut floated slowly.,นักบินอวกาศ
satellite,Sky & Space,Technology,Space Terms,5,9,No,,An object placed in orbit around a planet.,วัตถุที่ถูกส่งไปโคจรรอบดาวเคราะห์,Thousands of satellites now circle the Earth.,ปัจจุบันมีดาวเทียมหลายพันดวงโคจรรอบโลก,The satellite sends weather data.,ดาวเทียม
telescope,Sky & Space,Technology,Space Terms,5,9,No,,An instrument for viewing distant objects.,อุปกรณ์สำหรับมองวัตถุที่อยู่ไกล,Galileo's small telescope changed how humans saw the universe.,กล้องเล็กของกาลิเลโอเปลี่ยนมุมมองของมนุษย์ต่อจักรวาล,Look through the telescope.,กล้องโทรทรรศน์
universe,Sky & Space,,Space Terms,5,8,No,,Everything that exists.,ทุกสิ่งที่ดำรงอยู่,The observable universe is about 93 billion light years across.,เอกภพที่สังเกตได้กว้างราว 93 พันล้านปีแสง,The universe is still expanding.,เอกภพ
atmosphere,Sky & Space,Nature & Weather,Sky,5,10,No,,The layer of gases around a planet.,ชั้นแก๊สที่ห่อหุ้มดาวเคราะห์,'Atmosphere' also means the mood of a place.,atmosphere ยังหมายถึงบรรยากาศความรู้สึกของสถานที่,The atmosphere protects us.,ชั้นบรรยากาศ
horizon,Sky & Space,Directions & Position,Sky,5,7,No,,The line where earth meets sky.,เส้นที่พื้นดินบรรจบกับท้องฟ้า,'Broadening your horizons' means gaining new experience.,สำนวน broadening your horizons แปลว่าเปิดโลกกว้างขึ้น,The sun sank below the horizon.,ขอบฟ้า
sunlight,Sky & Space,Nature & Weather,Sky,5,8,No,,The light that comes from the sun.,แสงที่มาจากดวงอาทิตย์,Sunlight takes about eight minutes to reach Earth.,แสงอาทิตย์ใช้เวลาราวแปดนาทีกว่าจะถึงโลก,Sunlight filled the room.,แสงแดด
moonlight,Sky & Space,,Sky,5,9,No,,The light of the moon at night.,แสงจันทร์ในยามค่ำคืน,"Moonlight is reflected sunlight, not light of its own.",แสงจันทร์คือแสงอาทิตย์ที่สะท้อน ไม่ใช่แสงของมันเอง,We walked in the moonlight.,แสงจันทร์
shadow,Sky & Space,,Sky,5,6,No,,A dark shape made by blocking light.,รูปร่างมืดที่เกิดจากการบังแสง,Shadows were humanity's first clocks.,เงาคือนาฬิกาเรือนแรกของมนุษยชาติ,His shadow stretched long.,เงา
constellation,Sky & Space,,Space Objects,5,13,No,,A pattern of stars with a name.,กลุ่มดาวที่มีชื่อเรียก,Different cultures see completely different pictures in the same stars.,แต่ละวัฒนธรรมเห็นภาพต่างกันโดยสิ้นเชิงจากดาวกลุ่มเดียวกัน,Orion is an easy constellation.,กลุ่มดาว
solar,Sky & Space,Science Basics,Space Terms,5,5,No,,Relating to the sun.,เกี่ยวกับดวงอาทิตย์,Thailand has strong potential for solar power.,ประเทศไทยมีศักยภาพสูงในการผลิตพลังงานแสงอาทิตย์,Solar panels cover the roof.,สุริยะ
lunar,Sky & Space,,Space Terms,5,5,No,,Relating to the moon.,เกี่ยวกับดวงจันทร์,The lunar calendar still sets many Asian festival dates.,ปฏิทินจันทรคติยังกำหนดวันเทศกาลของเอเชียหลายวัน,Lunar New Year falls in February.,จันทรคติ
spacecraft,Sky & Space,Transportation,Space Terms,5,10,No,,A vehicle designed for space travel.,ยานที่ออกแบบมาเพื่อเดินทางในอวกาศ,Voyager 1 has left the solar system entirely.,ยานวอยเอเจอร์ 1 ออกจากระบบสุริยะไปแล้วโดยสิ้นเชิง,The spacecraft landed safely.,ยานอวกาศ
launch,Sky & Space,,Space Terms,5,6,No,,To send something up into the air or space.,ส่งบางสิ่งขึ้นสู่อากาศหรืออวกาศ,'Launch' also means releasing a product.,launch ยังแปลว่าการเปิดตัวสินค้า,The launch was delayed.,ปล่อยยาน
crater,Sky & Space,Nature & Weather,Space Objects,5,6,No,,A hollow made by an impact.,หลุมที่เกิดจากการชน,The Moon's craters have survived because it has no weather.,หลุมบนดวงจันทร์คงอยู่ได้เพราะไม่มีสภาพอากาศ,The crater is enormous.,หลุมอุกกาบาต
asteroid,Sky & Space,,Space Objects,5,8,No,,A small rocky body orbiting the sun.,วัตถุหินขนาดเล็กที่โคจรรอบดวงอาทิตย์,Most asteroids sit in a belt between Mars and Jupiter.,ดาวเคราะห์น้อยส่วนใหญ่อยู่ในแถบระหว่างดาวอังคารกับดาวพฤหัส,An asteroid passed close by.,ดาวเคราะห์น้อย
nebula,Sky & Space,,Space Objects,5,6,No,,A cloud of gas and dust in space.,กลุ่มแก๊สและฝุ่นในอวกาศ,Stars are born inside nebulas.,ดาวฤกษ์ถือกำเนิดภายในเนบิวลา,The nebula glows pink.,เนบิวลา
astronomy,Sky & Space,Education,Space Terms,5,9,No,,The study of objects in space.,วิชาที่ศึกษาวัตถุในอวกาศ,Astronomy is the oldest of the natural sciences.,ดาราศาสตร์เป็นวิทยาศาสตร์ธรรมชาติที่เก่าแก่ที่สุด,She studies astronomy.,ดาราศาสตร์
sky,Sky & Space,Nature & Weather,Sky,5,3,No,,The space above the earth.,พื้นที่เหนือผืนโลก,'Sky' comes from an old Norse word meaning cloud.,คำว่า sky มาจากคำนอร์สโบราณที่แปลว่าเมฆ,The sky is clear today.,ท้องฟ้า
dawn sky,Sky & Space,Time & Calendar,Sky,5,7,No,,The colours in the sky at first light.,สีสันบนท้องฟ้ายามแสงแรก,Pilots and sailors have navigated by dawn light for centuries.,นักบินและกะลาสีใช้แสงรุ่งอรุณนำทางมานับศตวรรษ,The dawn sky turned pink.,ฟ้ายามรุ่ง
starlight,Sky & Space,,Sky,5,9,No,,The light given off by stars.,แสงที่ดาวส่องออกมา,City lights now hide starlight from most of the world's people.,แสงเมืองบดบังแสงดาวจากคนส่วนใหญ่ในโลกไปแล้ว,Starlight lit the path.,แสงดาว
tide,Ocean & Beach,,Sea,5,4,No,,The rise and fall of the sea.,การขึ้นลงของน้ำทะเล,Tides are caused mainly by the Moon's pull.,น้ำขึ้นน้ำลงเกิดจากแรงดึงของดวงจันทร์เป็นหลัก,The tide is coming in.,น้ำขึ้นน้ำลง
current,Ocean & Beach,,Sea,5,7,No,,A steady flow of water in one direction.,การไหลของน้ำไปในทิศทางเดียวอย่างต่อเนื่อง,Ocean currents move heat around the whole planet.,กระแสน้ำในมหาสมุทรพาความร้อนไปทั่วโลก,The current is strong here.,กระแสน้ำ
shore,Ocean & Beach,,Coast,5,5,No,,The land along the edge of the sea.,ผืนดินริมทะเล,"'Shore' and 'coast' overlap, but coast is the larger term.",shore กับ coast ทับซ้อนกัน แต่ coast เป็นคำที่กว้างกว่า,We walked along the shore.,ฝั่ง
coast,Ocean & Beach,Travel & Places,Coast,5,5,No,,The land beside the sea.,แผ่นดินที่ติดกับทะเล,'Coasting' means moving without effort.,คำว่า coasting แปลว่าเคลื่อนที่ไปโดยไม่ต้องออกแรง,The coast road is beautiful.,ชายฝั่ง
cliff,Ocean & Beach,Nature & Weather,Coast,5,5,No,,A steep rock face.,หน้าผาหินสูงชัน,'Cliffhanger' comes from serial films that ended mid-danger.,คำว่า cliffhanger มาจากหนังชุดที่จบตอนกลางความระทึก,The cliff drops sharply.,หน้าผา
bay,Ocean & Beach,Travel & Places,Coast,5,3,No,,A curved inlet of the sea.,อ่าวเว้าโค้งของทะเล,"Bays give natural shelter, which is why ports form in them.",อ่าวให้ที่กำบังตามธรรมชาติ จึงเป็นที่ตั้งของท่าเรือ,The bay is calm this morning.,อ่าว
reef,Ocean & Beach,,Sea,5,4,No,,A ridge of rock or coral near the surface.,สันหินหรือปะการังใกล้ผิวน้ำ,Coral reefs support a quarter of all marine species.,แนวปะการังเลี้ยงสิ่งมีชีวิตทางทะเลถึงหนึ่งในสี่ของทั้งหมด,The reef is full of fish.,แนวปะการัง
coral,Ocean & Beach,Animals,Sea,5,5,No,,A hard structure built by tiny sea animals.,โครงสร้างแข็งที่สัตว์ทะเลตัวจิ๋วสร้างขึ้น,"Coral is an animal, not a plant or a rock.",ปะการังเป็นสัตว์ ไม่ใช่พืชหรือหิน,The coral is bleaching.,ปะการัง
seaweed,Ocean & Beach,Food & Drink,Sea,5,7,No,,A plant-like organism growing in the sea.,สิ่งมีชีวิตคล้ายพืชที่ขึ้นในทะเล,Seaweed is a staple food across East Asia.,สาหร่ายทะเลเป็นอาหารหลักทั่วเอเชียตะวันออก,Seaweed washed up on the sand.,สาหร่าย
shell,Ocean & Beach,,Beach,5,5,No,,The hard outer covering of a sea creature.,เปลือกแข็งที่หุ้มสัตว์ทะเล,Shells were used as money in many ancient cultures.,เปลือกหอยถูกใช้เป็นเงินตราในหลายวัฒนธรรมโบราณ,She collected shells.,เปลือกหอย
sand,Ocean & Beach,Nature & Weather,Beach,5,4,No,,Tiny grains of worn rock.,เม็ดหินเล็กๆ ที่ถูกกัดกร่อน,Most sand grains are older than the mountains around them.,เม็ดทรายส่วนใหญ่เก่าแก่กว่าภูเขาที่อยู่รอบๆ,The sand is hot at noon.,ทราย
dune,Ocean & Beach,,Beach,5,4,No,,A hill of sand shaped by wind.,เนินทรายที่ลมพัดขึ้นรูป,Dunes migrate slowly across deserts and beaches.,เนินทรายค่อยๆ เคลื่อนที่ข้ามทะเลทรายและชายหาด,The dunes shift each year.,เนินทราย
pier,Ocean & Beach,Buildings & Structures,Coast,5,4,No,,A structure built out over the water.,สิ่งก่อสร้างที่ยื่นออกไปเหนือน้ำ,"Piers were built for ships, then became places to stroll.",ท่าเทียบเรือถูกสร้างเพื่อเรือ แล้วกลายเป็นที่เดินเล่น,We walked to the end of the pier.,ท่าเทียบเรือ
harbour,Ocean & Beach,Travel & Places,Coast,5,7,No,,A sheltered place where ships stay.,ที่กำบังสำหรับจอดเรือ,'Harbour' also means to hold a feeling privately.,harbour ยังแปลว่าเก็บงำความรู้สึกไว้,The harbour is full of boats.,ท่าเรือ
lighthouse,Ocean & Beach,Buildings & Structures,Coast,5,10,No,,A tower with a light to warn ships.,หอคอยที่มีไฟเตือนเรือ,Lighthouse keeping was one of the loneliest professions.,การเฝ้าประภาคารเป็นอาชีพที่โดดเดี่ยวที่สุดอย่างหนึ่ง,The lighthouse flashes every ten seconds.,ประภาคาร
anchor,Ocean & Beach,Transportation,Sea,5,6,No,,A heavy object that holds a boat in place.,วัตถุหนักที่ยึดเรือให้อยู่กับที่,'Anchor' also names a main news presenter.,anchor ยังใช้เรียกผู้ประกาศข่าวหลัก,Drop the anchor here.,สมอ
sail,Ocean & Beach,Transportation,Sea,5,4,No,,A sheet of cloth that catches wind.,ผืนผ้าที่รับลม,Sailing ships connected the world before engines existed.,เรือใบเชื่อมโลกเข้าด้วยกันก่อนที่จะมีเครื่องยนต์,Raise the sail.,ใบเรือ
swim,Ocean & Beach,Sports & Games,Beach,5,4,No,,To move through water.,เคลื่อนที่ไปในน้ำ,Swimming is one of the few exercises that uses every major muscle.,ว่ายน้ำเป็นการออกกำลังกายไม่กี่ชนิดที่ใช้กล้ามเนื้อหลักทุกมัด,Let's swim before breakfast.,ว่ายน้ำ
dive,Ocean & Beach,Sports & Games,Beach,5,4,No,,To go head first into water.,พุ่งลงน้ำด้วยศีรษะก่อน,Thailand's dive sites draw visitors from around the world.,จุดดำน้ำของไทยดึงดูดนักท่องเที่ยวจากทั่วโลก,He dived off the pier.,ดำน้ำ
snorkel,Ocean & Beach,Sports & Games,Beach,5,7,No,,A tube for breathing while face down in water.,ท่อสำหรับหายใจขณะคว่ำหน้าในน้ำ,The word comes from a German term for a submarine's air pipe.,คำนี้มาจากศัพท์เยอรมันที่หมายถึงท่ออากาศของเรือดำน้ำ,Bring your snorkel.,ท่อหายใจ
surfboard,Ocean & Beach,Sports & Games,Beach,5,9,No,,A board used to ride waves.,กระดานที่ใช้โต้คลื่น,Early Hawaiian boards were carved from solid wood and very heavy.,กระดานฮาวายยุคแรกแกะจากไม้ทั้งท่อนและหนักมาก,Wax the surfboard first.,กระดานโต้คลื่น
tsunami,Ocean & Beach,Nature & Weather,Sea,5,7,No,,A huge sea wave caused by an earthquake.,คลื่นทะเลขนาดยักษ์ที่เกิดจากแผ่นดินไหว,"The word is Japanese, meaning harbour wave.",คำนี้เป็นภาษาญี่ปุ่น แปลว่าคลื่นท่าเรือ,The tsunami warning sounded.,สึนามิ
seagull,Ocean & Beach,Animals,Sea,5,7,No,,A common coastal bird.,นกชายฝั่งที่พบได้ทั่วไป,Gulls have learned to open packets and steal chips.,นกนางนวลเรียนรู้ที่จะแกะซองและขโมยมันฝรั่งทอด,A seagull took my chips.,นกนางนวล
plankton,Ocean & Beach,Science Basics,Sea,5,8,No,,Tiny organisms drifting in the sea.,สิ่งมีชีวิตจิ๋วที่ล่องลอยในทะเล,Plankton produce a large share of the world's oxygen.,แพลงก์ตอนผลิตออกซิเจนส่วนใหญ่ของโลก,Plankton feed the whales.,แพลงก์ตอน
saltwater,Ocean & Beach,,Sea,5,9,No,,"Water containing salt, as in the sea.",น้ำที่มีเกลืออยู่ อย่างน้ำทะเล,The oceans hold about 97 percent of Earth's water.,มหาสมุทรกักน้ำไว้ราว 97 เปอร์เซ็นต์ของน้ำทั้งโลก,Saltwater stings a cut.,น้ำเค็ม
seashore,Ocean & Beach,,Coast,5,8,No,,The land right beside the sea.,ผืนดินที่อยู่ติดทะเล,'She sells seashells' is a classic English tongue twister.,She sells seashells เป็นคำผวนภาษาอังกฤษคลาสสิก,We camped by the seashore.,ชายทะเล
whirlpool,Ocean & Beach,,Sea,5,9,No,,Water spinning rapidly in a circle.,น้ำที่หมุนวนอย่างรวดเร็ว,Whirlpools form where opposing currents meet.,น้ำวนเกิดขึ้นตรงที่กระแสน้ำสวนทางกันมาบรรจบ,Avoid the whirlpool.,น้ำวน
atom,Science Basics,,Matter,5,4,No,,The smallest unit of an element.,หน่วยที่เล็กที่สุดของธาตุ,'Atom' comes from a Greek word meaning uncuttable.,คำว่า atom มาจากคำกรีกที่แปลว่าแบ่งแยกไม่ได้,Everything is made of atoms.,อะตอม
molecule,Science Basics,,Matter,5,8,No,,Two or more atoms joined together.,อะตอมตั้งแต่สองตัวขึ้นไปที่เชื่อมกัน,A water molecule is two hydrogen atoms and one oxygen.,โมเลกุลน้ำประกอบด้วยไฮโดรเจนสองและออกซิเจนหนึ่ง,Water molecules move faster when heated.,โมเลกุล
element,Science Basics,,Matter,5,7,No,,A pure substance of one kind of atom.,สารบริสุทธิ์ที่มีอะตอมชนิดเดียว,There are only about ninety elements found in nature.,มีธาตุที่พบในธรรมชาติเพียงราวเก้าสิบชนิด,Gold is an element.,ธาตุ
force,Science Basics,,Forces,5,5,No,,A push or pull on an object.,แรงผลักหรือแรงดึงที่กระทำต่อวัตถุ,"Forces always come in pairs, pushing both ways.",แรงเกิดเป็นคู่เสมอ ดันทั้งสองทาง,Apply more force.,แรง
friction,Science Basics,,Forces,5,8,No,,The resistance when surfaces rub.,แรงต้านเมื่อพื้นผิวเสียดสีกัน,Without friction you could not walk or hold anything.,หากไม่มีแรงเสียดทาน คุณจะเดินหรือถือของไม่ได้เลย,Friction slows the wheel.,แรงเสียดทาน
magnet,Science Basics,,Forces,5,6,No,,An object that attracts iron.,วัตถุที่ดูดเหล็ก,"Earth itself is a giant magnet, which is why compasses work.",โลกเองเป็นแม่เหล็กยักษ์ จึงเป็นเหตุผลที่เข็มทิศทำงานได้,The magnet holds the note.,แม่เหล็ก
experiment,Science Basics,Education,Method,5,10,No,,A test to discover something.,การทดลองเพื่อค้นหาความจริง,A good experiment can prove you wrong — that's the point.,การทดลองที่ดีพิสูจน์ได้ว่าคุณผิด นั่นคือจุดประสงค์,We ran the experiment twice.,การทดลอง
theory,Science Basics,Education,Method,5,6,No,,An explanation supported by evidence.,คำอธิบายที่มีหลักฐานสนับสนุน,"In science a theory is well tested, not a guess.",ในวิทยาศาสตร์ ทฤษฎีคือสิ่งที่ผ่านการทดสอบแล้ว ไม่ใช่การเดา,The theory explains the data.,ทฤษฎี
evidence,Science Basics,,Method,5,8,No,,Facts that support a conclusion.,ข้อเท็จจริงที่สนับสนุนข้อสรุป,'Evidence' is central to both science and law.,หลักฐานเป็นหัวใจของทั้งวิทยาศาสตร์และกฎหมาย,The evidence is clear.,หลักฐาน
microscope,Science Basics,Technology,Equipment,5,10,No,,An instrument for seeing tiny things.,อุปกรณ์สำหรับดูสิ่งเล็กจิ๋ว,The first microscopes revealed a whole world nobody knew existed.,กล้องจุลทรรศน์รุ่นแรกเผยโลกทั้งใบที่ไม่มีใครรู้ว่ามีอยู่,Look through the microscope.,กล้องจุลทรรศน์
laboratory,Science Basics,Buildings & Structures,Equipment,5,10,No,,A room for scientific work.,ห้องสำหรับทำงานวิทยาศาสตร์,'Lab' is the short form used almost everywhere.,คำย่อ lab ถูกใช้แทบทุกที่,The laboratory is upstairs.,ห้องปฏิบัติการ
cell,Science Basics,Health & Body,Life,5,4,No,,The smallest unit of a living thing.,หน่วยที่เล็กที่สุดของสิ่งมีชีวิต,The human body contains tens of trillions of cells.,ร่างกายมนุษย์มีเซลล์นับสิบล้านล้านเซลล์,Cells divide to grow.,เซลล์
bacteria,Science Basics,Health & Body,Life,5,8,No,,"Tiny living organisms, some helpful.",สิ่งมีชีวิตจิ๋ว บางชนิดมีประโยชน์,"Most bacteria in your body are helping you, not harming you.",แบคทีเรียส่วนใหญ่ในร่างกายช่วยคุณ ไม่ได้ทำร้ายคุณ,Bacteria live in the gut.,แบคทีเรีย
evolution,Science Basics,,Life,5,9,No,,Gradual change in living things over time.,การเปลี่ยนแปลงของสิ่งมีชีวิตอย่างค่อยเป็นค่อยไป,Evolution works by tiny changes across enormous spans of time.,วิวัฒนาการทำงานด้วยการเปลี่ยนแปลงเล็กๆ ตลอดช่วงเวลามหาศาล,Evolution explains the fossils.,วิวัฒนาการ
species,Science Basics,Animals,Life,5,7,No,,A group of similar living things.,กลุ่มสิ่งมีชีวิตที่คล้ายกัน,'Species' is both singular and plural.,คำว่า species เป็นได้ทั้งเอกพจน์และพหูพจน์,This species is endangered.,สปีชีส์
oxygen,Science Basics,,Matter,5,6,No,,The gas humans need to breathe.,แก๊สที่มนุษย์ต้องหายใจ,Oxygen was poisonous to most early life on Earth.,ออกซิเจนเคยเป็นพิษต่อสิ่งมีชีวิตยุคแรกส่วนใหญ่บนโลก,Plants release oxygen.,ออกซิเจน
carbon,Science Basics,,Matter,5,6,No,,The element that all life is built from.,ธาตุที่เป็นพื้นฐานของสิ่งมีชีวิตทั้งหมด,Diamond and pencil lead are both pure carbon.,เพชรกับไส้ดินสอล้วนเป็นคาร์บอนบริสุทธิ์,Carbon is in every living thing.,คาร์บอน
temperature,Science Basics,Nature & Weather,Measurement,5,11,No,,How hot or cold something is.,ระดับความร้อนหรือเย็นของสิ่งใดสิ่งหนึ่ง,Absolute zero is the coldest temperature possible.,ศูนย์สัมบูรณ์คืออุณหภูมิที่เย็นที่สุดที่เป็นไปได้,Take his temperature.,อุณหภูมิ
pressure,Science Basics,,Measurement,5,8,No,,Force pressing on a surface.,แรงที่กดลงบนพื้นผิว,Air pressure drops as you climb higher.,ความดันอากาศลดลงเมื่อขึ้นที่สูง,Check the tyre pressure.,ความดัน
liquid,Science Basics,,Matter,5,6,No,,A substance that flows freely.,สารที่ไหลได้อย่างอิสระ,Liquids keep their volume but not their shape.,ของเหลวคงปริมาตรไว้แต่ไม่คงรูปทรง,Water is a liquid.,ของเหลว
solid,Science Basics,,Matter,5,5,No,,A substance that keeps its shape.,สารที่คงรูปทรงไว้,Glass behaves oddly between solid and liquid definitions.,แก้วมีพฤติกรรมแปลกๆ ระหว่างนิยามของของแข็งกับของเหลว,Ice is water in solid form.,ของแข็ง
gas,Science Basics,,Matter,5,3,No,,A substance with no fixed shape or volume.,สารที่ไม่มีรูปทรงหรือปริมาตรคงที่,The word gas was invented by a Belgian chemist in the 1600s.,คำว่า gas ถูกคิดขึ้นโดยนักเคมีชาวเบลเยียมในคริสต์ศตวรรษที่ 17,Steam is water as a gas.,แก๊ส
chemical,Science Basics,,Matter,5,8,No,,A substance with a specific composition.,สารที่มีองค์ประกอบเฉพาะ,"Everything is a chemical, including water and air.",ทุกสิ่งล้วนเป็นสารเคมี รวมถึงน้ำและอากาศ,Handle the chemical carefully.,สารเคมี
electricity,Science Basics,Technology,Forces,5,11,No,,The flow of electric charge.,การไหลของประจุไฟฟ้า,Lightning is simply electricity on an enormous scale.,ฟ้าผ่าคือไฟฟ้าในสเกลมหึมานั่นเอง,Electricity powers the fan.,ไฟฟ้า
laser,Science Basics,Technology,Equipment,5,5,No,,A narrow intense beam of light.,ลำแสงแคบที่เข้มข้น,"'Laser' is an acronym, not an ordinary word.",คำว่า laser เป็นตัวย่อ ไม่ใช่คำธรรมดา,The laser cuts metal.,เลเซอร์
gravity well,Science Basics,Sky & Space,Forces,5,11,No,,The pull of a large body on things near it.,แรงดึงของวัตถุขนาดใหญ่ต่อสิ่งรอบข้าง,Escaping Earth's gravity well is the hardest part of space travel.,การหนีจากบ่อแรงโน้มถ่วงของโลกคือส่วนที่ยากที่สุดของการเดินทางในอวกาศ,Rockets fight the gravity well.,บ่อแรงโน้มถ่วง
hypothesis,Science Basics,Education,Method,5,10,No,,An idea to be tested by experiment.,ความคิดที่รอการทดสอบด้วยการทดลอง,"A hypothesis must be testable, or it isn't science.",สมมติฐานต้องทดสอบได้ มิฉะนั้นก็ไม่ใช่วิทยาศาสตร์,State your hypothesis clearly.,สมมติฐาน
